scene_id,family,category,gt_pairs,n_det_1,n_det_2,symmetry_period_deg,in_metrics,pairs_greedy_index,pairs_greedy_index_debiased,pairs_greedy_index_nolen,pairs_greedy_index_order,pairs_hungarian,pairs_hungarian_aligned,pairs_monotone_aligned,pairs_hybrid_aligned
complex-profile/single-01,complex-profile,single,2,4,2,360.0,1,0,1,1,2,2,2,2,2
complex-profile/single-02,complex-profile,single,2,2,2,360.0,1,0,2,2,2,2,2,2,2
complex-profile/single-03,complex-profile,single,2,2,2,360.0,1,0,2,2,2,2,2,2,2
complex-profile/single-04,complex-profile,single,1,1,1,360.0,1,0,1,1,1,1,1,1,1
heavy-profile/single-01,heavy-profile,single,3,3,3,180.0,1,0,3,3,3,3,3,3,3
heavy-profile/single-02,heavy-profile,single,3,3,3,180.0,1,0,3,3,3,3,3,3,3
heavy-profile/single-03,heavy-profile,single,3,3,3,180.0,1,0,3,3,3,3,3,3,3
heavy-profile/single-04,heavy-profile,standing,3,3,3,180.0,1,0,3,3,3,3,3,3,3
heavy-profile/single-05,heavy-profile,single,3,3,3,180.0,1,0,3,3,3,3,3,3,3
heavy-profile/single-06,heavy-profile,single,3,3,3,180.0,1,0,3,3,3,3,3,3,3
heavy-profile/single-07,heavy-profile,single,3,3,3,180.0,1,0,3,3,3,3,3,3,3
heavy-profile/single-08,heavy-profile,single,3,3,3,180.0,1,0,3,3,3,3,3,3,3
heavy-profile/single-09,heavy-profile,single,3,4,3,180.0,1,0,2,2,3,3,3,3,3
heavy-profile/single-10,heavy-profile,single,3,5,3,180.0,1,0,2,2,3,3,3,3,3
heavy-profile/standing-01,heavy-profile,standing,3,3,3,180.0,1,0,3,3,3,3,3,3,3
l-profile-reshoot/crossed-01,l-profile-reshoot,crossed,2,3,2,360.0,1,0,2,2,2,2,2,2,2
l-profile-reshoot/overlap-01,l-profile-reshoot,overlap,5,5,6,360.0,0,0,5,5,5,5,5,5,5
l-profile-reshoot/overlap-02,l-profile-reshoot,overlap,3,3,3,360.0,1,0,3,3,3,3,3,3,3
l-profile-reshoot/overlap-03,l-profile-reshoot,overlap,4,4,4,360.0,1,0,4,4,4,4,4,4,4
l-profile-reshoot/overlap-04,l-profile-reshoot,overlap,4,4,4,360.0,1,0,4,4,4,4,4,4,4
l-profile-reshoot/overlap-05,l-profile-reshoot,overlap,3,3,3,360.0,1,0,3,3,3,3,3,3,3
l-profile-reshoot/overlap-06,l-profile-reshoot,overlap,3,3,3,360.0,1,0,3,3,3,3,3,3,3
l-profile-reshoot/overlap-07,l-profile-reshoot,overlap,4,4,4,360.0,1,0,4,4,4,4,4,4,4
l-profile-reshoot/overlap-08,l-profile-reshoot,overlap,4,4,5,360.0,1,0,4,4,4,4,4,4,4
l-profile-reshoot/overlap-09,l-profile-reshoot,overlap,5,4,5,360.0,1,0,4,4,4,4,4,4,4
l-profile-reshoot/single-01,l-profile-reshoot,single,3,4,3,360.0,1,0,3,3,3,3,3,3,3
l-profile-reshoot/single-02,l-profile-reshoot,single,2,2,2,360.0,1,0,0,0,2,2,2,2,2
l-profile-reshoot/single-03,l-profile-reshoot,single,3,3,3,360.0,1,0,3,3,3,3,3,2,3
l-profile-reshoot/standing-01,l-profile-reshoot,standing,4,4,6,360.0,1,0,4,4,4,4,4,4,4
l-profile-reshoot/standing-02,l-profile-reshoot,standing,4,4,6,360.0,1,0,4,4,4,4,4,4,4
l-profile-reshoot/standing-03,l-profile-reshoot,standing,4,4,6,360.0,1,0,4,4,4,4,4,4,4
l-profile-reshoot/standing-04,l-profile-reshoot,standing,2,2,3,360.0,1,0,2,2,2,2,2,2,2
l-profile-reshoot/standing-05,l-profile-reshoot,standing,11,11,11,360.0,1,0,10,10,11,11,11,11,11
l-profile-reshoot/standing-06,l-profile-reshoot,standing,11,11,11,360.0,1,0,10,10,11,11,11,11,11
l-profile-reshoot/standing-07,l-profile-reshoot,standing,9,8,9,360.0,1,0,7,7,8,8,8,8,8
l-profile-reshoot/tilted-01,l-profile-reshoot,tilted,3,4,3,360.0,1,0,3,3,3,3,3,3,3
l-profile-reshoot/tilted-02,l-profile-reshoot,tilted,3,4,3,360.0,1,0,3,3,3,3,3,3,3
l-profile-reshoot/tilted-03,l-profile-reshoot,tilted,4,4,5,360.0,1,0,4,4,4,4,4,4,4
l-profile-reshoot/tilted-04,l-profile-reshoot,tilted,3,3,3,360.0,1,0,3,3,3,3,3,3,3
l-profile-reshoot/tilted-05,l-profile-reshoot,tilted,3,3,3,360.0,1,0,3,3,3,3,3,3,3
l-profile/crossed-01,l-profile,crossed,4,4,4,360.0,1,0,2,2,4,4,4,4,4
l-profile/crossed-02,l-profile,crossed,4,4,4,360.0,1,0,4,4,4,4,4,3,4
l-profile/crossed-03,l-profile,crossed,4,4,4,360.0,1,0,2,2,4,4,4,3,4
l-profile/crossed-04,l-profile,crossed,4,2,2,360.0,1,0,2,2,2,2,2,2,2
l-profile/crossed-05,l-profile,crossed,4,2,2,360.0,1,0,2,2,2,2,2,2,2
l-profile/crossed-06,l-profile,crossed,4,2,4,360.0,1,0,2,2,2,2,2,2,2
l-profile/crossed-07,l-profile,crossed,3,3,3,360.0,1,0,0,2,2,2,2,2,3
l-profile/crossed-08,l-profile,crossed,3,3,3,360.0,1,0,0,2,2,2,2,2,3
l-profile/overlap-01,l-profile,overlap,5,5,6,360.0,1,0,5,5,5,5,5,5,5
l-profile/overlap-02,l-profile,overlap,2,2,2,360.0,1,0,2,2,2,2,2,2,2
l-profile/overlap-03,l-profile,overlap,5,4,5,360.0,1,0,4,4,4,4,4,4,4
l-profile/overlap-04,l-profile,overlap,4,4,4,360.0,1,0,3,3,4,4,4,4,4
l-profile/overlap-05,l-profile,overlap,4,4,4,360.0,1,0,3,3,4,4,4,4,4
l-profile/overlap-06,l-profile,overlap,4,4,4,360.0,1,0,3,3,4,4,4,4,4
l-profile/overlap-07,l-profile,overlap,4,4,4,360.0,1,0,4,4,4,4,4,4,4
l-profile/overlap-08,l-profile,overlap,4,4,4,360.0,1,0,3,3,4,4,4,4,4
l-profile/overlap-09,l-profile,overlap,4,4,4,360.0,1,0,3,3,4,4,4,4,4
l-profile/overlap-10,l-profile,overlap,4,4,4,360.0,1,0,3,3,4,4,4,4,4
l-profile/overlap-11,l-profile,overlap,4,4,4,360.0,1,0,3,3,4,4,4,4,4
l-profile/overlap-12,l-profile,overlap,3,3,3,360.0,1,0,3,3,3,3,3,3,3
l-profile/overlap-13,l-profile,overlap,2,3,2,360.0,1,0,2,2,2,2,2,2,2
l-profile/overlap-14,l-profile,overlap,3,3,3,360.0,1,0,3,3,3,3,3,3,3
l-profile/single-01,l-profile,single,3,3,3,360.0,1,0,3,3,3,3,3,3,3
l-profile/single-02,l-profile,single,3,3,3,360.0,1,0,3,3,3,3,3,3,3
l-profile/single-03,l-profile,single,3,3,3,360.0,1,0,3,3,3,3,3,3,3
l-profile/single-04,l-profile,single,2,3,2,360.0,1,0,1,2,2,2,2,2,2
l-profile/single-05,l-profile,single,3,3,3,360.0,1,0,3,3,3,3,3,3,3
l-profile/single-06,l-profile,single,3,3,3,360.0,1,0,3,3,3,3,3,3,3
l-profile/single-07,l-profile,single,1,2,1,360.0,1,0,1,1,1,1,1,1,1
l-profile/single-08,l-profile,single,2,2,2,360.0,1,0,2,2,2,2,2,2,2
l-profile/single-09,l-profile,single,2,2,2,360.0,1,0,2,2,2,2,2,2,2
l-profile/single-10,l-profile,single,4,2,4,360.0,1,0,2,2,2,2,2,2,2
l-profile/single-11,l-profile,single,3,3,3,360.0,1,0,3,3,3,3,3,3,3
l-profile/single-12,l-profile,single,2,2,2,360.0,1,0,2,2,2,2,2,2,2
l-profile/standing-01,l-profile,standing,3,3,3,360.0,1,0,3,3,3,3,3,3,3
l-profile/standing-02,l-profile,standing,4,4,4,360.0,1,0,3,3,4,4,4,4,4
l-profile/standing-03,l-profile,standing,4,4,4,360.0,1,0,4,4,4,4,4,4,4
l-profile/standing-04,l-profile,standing,4,4,4,360.0,1,0,3,3,4,4,4,4,4
l-profile/standing-05,l-profile,standing,3,3,3,360.0,1,0,3,3,3,3,3,3,3
l-profile/tilted-01,l-profile,tilted,2,2,3,360.0,1,0,0,0,2,2,2,2,2
square-profile/single-01,square-profile,single,8,10,8,90.0,1,0,8,8,8,8,8,7,8
square-profile/single-02,square-profile,single,4,4,4,90.0,1,0,4,4,4,4,4,4,4
square-profile/single-03,square-profile,single,4,4,4,90.0,1,0,4,4,4,4,4,4,4
square-profile/single-04,square-profile,single,4,4,4,90.0,1,0,4,4,4,4,4,4,4
square-profile/single-05,square-profile,single,4,3,4,90.0,1,0,3,3,3,3,3,3,3
square-profile/single-06,square-profile,single,3,4,3,90.0,1,0,3,3,3,3,3,3,3
square-profile/single-07,square-profile,single,3,4,3,90.0,1,0,3,3,3,3,3,3,3
square-profile/single-08,square-profile,single,4,4,4,90.0,1,0,4,4,4,4,4,4,4
square-profile/single-09,square-profile,single,3,3,3,90.0,1,0,3,3,3,3,3,3,3
square-profile/single-10,square-profile,single,2,2,2,90.0,1,0,2,2,2,2,2,2,2
square-profile/single-11,square-profile,single,6,8,5,90.0,1,0,5,5,5,5,5,5,5
square-profile/single-12,square-profile,single,3,3,3,90.0,1,0,3,3,3,3,3,3,3
square-profile/single-13,square-profile,single,3,3,3,90.0,1,0,3,3,3,3,3,3,3
square-profile/single-14,square-profile,single,3,3,3,90.0,1,0,3,3,3,3,3,3,3
square-profile/single-15,square-profile,single,3,3,3,90.0,1,0,3,3,3,3,3,3,3
square-profile/single-16,square-profile,single,3,4,3,90.0,1,0,2,2,3,3,3,3,3
square-profile/single-17,square-profile,single,5,6,10,90.0,1,0,4,5,6,6,6,6,6
square-profile/single-18,square-profile,single,29,28,25,90.0,1,0,19,19,24,25,25,20,24
square-profile/single-19,square-profile,single,3,3,3,90.0,1,0,3,3,3,3,3,3,3
square-profile/single-20,square-profile,single,5,5,9,90.0,1,0,5,5,5,5,5,5,5
square-profile/single-21,square-profile,single,7,8,7,90.0,1,0,6,6,7,7,7,7,7
square-profile/single-22,square-profile,single,8,8,8,90.0,1,0,7,7,7,8,8,7,8
square-profile/single-23,square-profile,single,8,7,8,90.0,1,0,7,7,7,7,7,7,7
square-profile/single-24,square-profile,single,8,8,8,90.0,1,0,5,7,8,8,8,8,8
square-profile/single-25,square-profile,single,8,8,7,90.0,1,0,7,7,7,7,7,7,7
square-profile/single-26,square-profile,single,7,7,8,90.0,1,0,7,7,7,7,7,7,7
square-profile/single-27,square-profile,single,8,9,9,90.0,1,0,6,9,9,9,9,8,9
square-profile/single-28,square-profile,single,9,9,9,90.0,1,0,5,8,9,9,9,8,9
square-profile/standing-01,square-profile,standing,4,4,4,90.0,1,0,4,4,4,4,4,4,4
