scene_id,placement,pitch_jitter_mm,transport_over_pitch,transport_y_mm,seed,n_det_1,n_det_2,n_face_1,n_face_2,n_pairable,n_true_pairs,assign_true,book_true,cost_true,assign_k-2,book_k-2,margin_k-2,assign_k-1,book_k-1,margin_k-1,assign_k+1,book_k+1,margin_k+1,assign_k+2,book_k+2,margin_k+2,n_hypotheses,best_wrong,margin_best
ambiguity/centre_j0_t0.25_s0,centre,0.0,0.25,,,5,5,5,5,5,5,0.03540422301444384,0.0,0.03540422301444384,0.04171087461872243,15.0,15.006306651604278,0.033266432277542356,7.5,7.497862209263098,0.04276811234944995,7.5,7.507363889335006,0.034204699758997544,15.0,14.998800476744554,1,nan,nan
ambiguity/centre_j0_t0.25_s1,centre,0.0,0.25,,,5,5,5,5,5,5,0.04644679445992,0.0,0.04644679445992,0.029163193852636677,15.0,14.982716399392718,0.05024090410585519,7.5,7.503794109645936,0.05944744330681903,7.5,7.5130006488469,0.036916421248540485,15.0,14.99046962678862,1,nan,nan
ambiguity/centre_j0_t0.25_s2,centre,0.0,0.25,,,5,5,5,5,5,5,0.8553524891383838,0.0,0.8553524891383838,1.6252449399701616,15.0,15.76989245083178,2.446256632362432,7.5,9.09090414322405,1.6773233319806187,7.5,8.321970842842235,0.857284825680819,15.0,15.001932336542437,1,nan,nan
ambiguity/centre_j0_t0.5_s0,centre,0.0,0.5,,,5,5,5,5,5,5,0.03317542022625775,0.0,0.03317542022625775,0.04145770681204331,15.0,15.008282286585786,0.0325766056832862,7.5,7.499401185457028,0.05927792856351116,7.5,7.526102508337253,0.03534362826904778,15.0,15.002168208042791,1,nan,nan
ambiguity/centre_j0_t0.5_s1,centre,0.0,0.5,,,5,5,5,5,5,5,0.04845738946900286,0.0,0.04845738946900286,0.034011849942906305,15.0,14.985554460473903,0.04351954282208752,7.5,7.495062153353085,0.03872994253622728,7.5,7.490272553067224,0.026029009097201142,15.0,14.977571619628197,1,nan,nan
ambiguity/centre_j0_t0.5_s2,centre,0.0,0.5,,,5,5,5,5,5,5,0.014823472430277628,0.0,0.014823472430277628,1.619853078622707,15.0,16.60502960619243,2.44646625504074,7.5,9.931642782610462,2.444130151476063,7.5,9.929306679045785,1.620293493201487,15.0,16.60547002077121,1,nan,nan
ambiguity/centre_j0_t0.75_s0,centre,0.0,0.75,,,5,5,5,5,5,5,0.044658267389200514,0.0,0.044658267389200514,0.034184134205597974,15.0,14.989525866816397,0.04092639566387599,7.5,7.496268128274675,0.05666980487765742,7.5,7.512011537488457,0.03533393176181976,15.0,14.990675664372619,1,nan,nan
ambiguity/centre_j0_t0.75_s1,centre,0.0,0.75,,,5,5,5,5,5,5,0.08434976478680287,0.0,0.08434976478680287,0.0563499343461111,15.0,14.972000169559308,0.05209680894558456,7.5,7.467747044158782,0.07077403473828159,7.5,7.4864242699514785,0.03227479577940026,15.0,14.947925030992598,3,7.552096808945585,7.467747044158782
ambiguity/centre_j0_t0.75_s2,centre,0.0,0.75,,,5,5,5,5,5,5,0.021079249969235415,0.0,0.021079249969235415,1.622769726366699,15.0,16.60169047639746,2.4390125273017653,7.5,9.91793327733253,2.4368046792257045,7.5,9.91572542925647,1.6258321881343816,15.0,16.604752938165145,1,nan,nan
ambiguity/centre_j0_t0_s0,centre,0.0,0.0,,,5,5,5,5,5,5,0.028944595565072086,0.0,0.028944595565072086,0.0365349362174706,15.0,15.0075903406524,0.04067445912025526,7.5,7.511729863555184,0.045170726401513,7.5,7.516226130836441,0.03280972400919156,15.0,15.003865128444119,1,nan,nan
ambiguity/centre_j0_t0_s1,centre,0.0,0.0,,,5,5,5,5,5,5,0.055713058342854595,0.0,0.055713058342854595,0.03404132420326111,15.0,14.978328265860407,0.042545153186472166,7.5,7.486832094843617,0.04766283965819361,7.5,7.491949781315339,0.044219771495118944,15.0,14.988506713152264,1,nan,nan
ambiguity/centre_j0_t0_s2,centre,0.0,0.0,,,5,5,5,5,5,5,0.02389484391508821,0.0,0.02389484391508821,1.6213332370053217,15.0,16.597438393090233,2.4433896135147424,7.5,9.919494769599655,2.4441841524608456,7.5,9.920289308545758,1.627058675287582,15.0,16.603163831372495,1,nan,nan
ambiguity/centre_j0_t1.25_s0,centre,0.0,1.25,,,5,5,5,5,5,5,0.03157623735680647,0.0,0.03157623735680647,0.04073079092153846,15.0,15.009154553564732,0.03469222795222881,7.5,7.503115990595422,0.04570735076552268,7.5,7.514131113408716,0.032966032669928064,15.0,15.001389795313122,1,nan,nan
ambiguity/centre_j0_t1.25_s1,centre,0.0,1.25,,,5,5,5,5,5,5,0.05141587891190208,0.0,0.05141587891190208,0.036432718612416044,15.0,14.985016839700513,0.0472487674976239,7.5,7.495832888585722,0.051422082840574965,7.5,7.500006203928673,0.03598188248768736,15.0,14.984566003575786,1,nan,nan
ambiguity/centre_j0_t1.25_s2,centre,0.0,1.25,,,5,5,5,5,5,5,0.035622946065398384,0.0,0.035622946065398384,1.6160126320463417,15.0,16.580389685980943,2.4359254906193852,7.5,9.900302544553988,2.4479716011649697,7.5,9.91234865509957,1.63739224610359,15.0,16.601769300038193,1,nan,nan
ambiguity/centre_j0_t1.5_s0,centre,0.0,1.5,,,5,5,5,5,5,5,0.021386754486508307,0.0,0.021386754486508307,0.04015556461281302,15.0,15.018768810126305,0.03465449317256221,7.5,7.513267738686054,0.05097301068846572,7.5,7.5295862562019575,0.03192066745928436,15.0,15.010533912972775,1,nan,nan
ambiguity/centre_j0_t1.5_s1,centre,0.0,1.5,,,5,5,5,5,5,5,0.05919700266322892,0.0,0.05919700266322892,0.037308946624544995,15.0,14.978111943961316,0.03510925228712963,7.5,7.4759122496239,0.032478654319406955,7.5,7.473281651656178,0.036660538180323644,15.0,14.977463535517094,1,nan,nan
ambiguity/centre_j0_t1.5_s2,centre,0.0,1.5,,,5,5,5,5,5,5,0.019245805743214592,0.0,0.019245805743214592,1.6308723830059684,15.0,16.611626577262754,2.450505495968878,7.5,9.931259690225664,2.4467801569003154,7.5,9.927534351157101,1.6324263461891841,15.0,16.61318054044597,1,nan,nan
ambiguity/centre_j0_t1.75_s0,centre,0.0,1.75,,,5,5,5,5,5,5,0.0412211977407118,0.0,0.0412211977407118,0.04160558197022682,15.0,15.000384384229516,0.037435895281634525,7.5,7.496214697540923,0.0625035310368323,7.5,7.521282333296121,0.03664000801227497,15.0,14.995418810271564,1,nan,nan
ambiguity/centre_j0_t1.75_s1,centre,0.0,1.75,,,5,5,5,5,5,5,0.06861215310700078,0.0,0.06861215310700078,0.029992294479516478,15.0,14.961380141372516,0.033921089309421504,7.5,7.465308936202421,0.04977479257678702,7.5,7.481162639469786,0.016710494535434606,15.0,14.948098341428434,1,nan,nan
ambiguity/centre_j0_t1.75_s2,centre,0.0,1.75,,,5,5,5,5,5,5,0.018554351473755566,0.0,0.018554351473755566,1.6196431544240881,15.0,16.601088802950333,2.442233591842992,7.5,9.923679240369237,2.4378444944380355,7.5,9.91929014296428,1.6270004504634137,15.0,16.608446098989656,1,nan,nan
ambiguity/centre_j0_t1_s0,centre,0.0,1.0,,,5,5,5,5,5,5,0.029360273532821796,0.0,0.029360273532821796,0.04142920468557858,15.0,15.012068931152756,0.043652565111402024,7.5,7.51429229157858,0.05076821449552801,7.5,7.521407940962706,0.03248911311603669,15.0,15.003128839583216,1,nan,nan
ambiguity/centre_j0_t1_s1,centre,0.0,1.0,,,5,5,5,5,5,5,0.052743395201000104,0.0,0.052743395201000104,0.03310961839185306,15.0,14.980366223190853,0.03898126083889662,7.5,7.4862378656378965,0.04075326568620102,7.5,7.4880098704852,0.03900594070074068,15.0,14.98626254549974,1,nan,nan
ambiguity/centre_j0_t1_s2,centre,0.0,1.0,,,5,5,5,5,5,5,0.022347152220474054,0.0,0.022347152220474054,1.6276531199427793,15.0,16.605305967722305,2.4397607893370106,7.5,9.917413637116537,2.4397878431768207,7.5,9.917440690956346,1.626889329468074,15.0,16.604542177247602,1,nan,nan
ambiguity/centre_j0_t2.25_s0,centre,0.0,2.25,,,5,5,5,5,5,5,0.03484727455825394,0.0,0.03484727455825394,0.0438272946292543,15.0,15.008980020071,0.03773286917149799,7.5,7.502885594613245,0.04761490417068284,7.5,7.512767629612429,0.033026009763787806,15.0,14.998178735205533,1,nan,nan
ambiguity/centre_j0_t2.25_s1,centre,0.0,2.25,,,5,5,5,5,5,5,0.050721112175278776,0.0,0.050721112175278776,0.041665171119611766,15.0,14.990944058944333,0.04803554760220674,7.5,7.497314435426928,0.053567759619373115,7.5,7.502846647444094,0.03330418969778404,15.0,14.982583077522506,1,nan,nan
ambiguity/centre_j0_t2.25_s2,centre,0.0,2.25,,,5,5,5,5,5,5,0.024923736398561658,0.0,0.024923736398561658,1.6222851703025447,15.0,16.59736143390398,2.4411606927901204,7.5,9.91623695639156,2.4444004590428694,7.5,9.919476722644308,1.6259881206992224,15.0,16.60106438430066,1,nan,nan
ambiguity/centre_j0_t2.5_s0,centre,0.0,2.5,,,5,5,5,5,5,5,0.039225514073237426,0.0,0.039225514073237426,0.04330925122509345,15.0,15.004083737151856,0.02816290340000274,7.5,7.4889373893267654,0.04312822975405845,7.5,7.503902715680821,0.031074028980683597,15.0,14.991848514907446,1,nan,nan
ambiguity/centre_j0_t2.5_s1,centre,0.0,2.5,,,5,5,5,5,5,5,0.0286651513626226,0.0,0.0286651513626226,0.026794544928870463,15.0,14.998129393566249,0.05003615596368524,7.5,7.521371004601063,0.04901471981454688,7.5,7.520349568451925,0.03075502001547476,15.0,15.002089868652853,1,nan,nan
ambiguity/centre_j0_t2.5_s2,centre,0.0,2.5,,,5,5,5,5,5,5,0.026784357840797184,0.0,0.026784357840797184,1.6415911549836126,15.0,16.614806797142815,2.4557635695148354,7.5,9.928979211674038,2.459105748442071,7.5,9.932321390601272,1.639136782528515,15.0,16.612352424687717,1,nan,nan
ambiguity/centre_j0_t2.75_s0,centre,0.0,2.75,,,5,5,5,5,5,5,0.033252849939846715,0.0,0.033252849939846715,0.04552284825294826,15.0,15.012269998313101,0.040212573398600314,7.5,7.5069597234587535,0.06574931394969424,7.5,7.5324964640098475,0.03890930894489308,15.0,15.005656459005046,1,nan,nan
ambiguity/centre_j0_t2.75_s1,centre,0.0,2.75,,,5,5,5,5,5,5,0.053318012964445397,0.0,0.053318012964445397,0.029588629250382116,15.0,14.976270616285937,0.04772784149391958,7.5,7.4944098285294745,0.056158671528348025,7.5,7.502840658563903,0.019368629589521544,15.0,14.966050616625077,1,nan,nan
ambiguity/centre_j0_t2.75_s2,centre,0.0,2.75,,,5,5,5,5,5,5,0.014536486048267974,0.0,0.014536486048267974,1.622538656343407,15.0,16.60800217029514,2.446057236981088,7.5,9.931520750932819,2.441326679354025,7.5,9.926790193305758,1.6237015031593762,15.0,16.60916501711111,1,nan,nan
ambiguity/centre_j0_t2_s0,centre,0.0,2.0,,,5,5,5,5,5,5,0.03689838212628258,0.0,0.03689838212628258,0.0340981620922047,15.0,14.997199779965921,0.03787747474553975,7.5,7.500979092619257,0.04658143810699612,7.5,7.509683055980713,0.025073951449099272,15.0,14.988175569322816,1,nan,nan
ambiguity/centre_j0_t2_s1,centre,0.0,2.0,,,5,5,5,5,5,5,0.039601772008561555,0.0,0.039601772008561555,0.029147381383193963,15.0,14.989545609374632,0.05376570821651652,7.5,7.5141639362079555,0.057818608417813534,7.5,7.518216836409252,0.03858759006998449,15.0,14.998985818061422,1,nan,nan
ambiguity/centre_j0_t2_s2,centre,0.0,2.0,,,5,5,5,5,5,5,0.024579989170716743,0.0,0.024579989170716743,1.6282946165966914,15.0,16.603714627425973,2.440407543826834,7.5,9.915827554656117,2.438314082606607,7.5,9.91373409343589,1.6268308136455407,15.0,16.602250824474822,1,nan,nan
ambiguity/centre_j0_t3_s0,centre,0.0,3.0,,,5,5,5,5,5,5,0.24641693912780252,0.0,0.24641693912780252,0.035490065528747484,15.0,14.789073126400945,0.0404868908572221,7.5,7.29406995172942,0.255966726879022,7.5,7.50954978775122,0.24734260291037288,15.0,15.000925663782569,1,nan,nan
ambiguity/centre_j0_t3_s1,centre,0.0,3.0,,,5,5,5,5,5,5,0.249764489137107,0.0,0.249764489137107,0.031150451074550944,15.0,14.781385961937444,0.05768094701503047,7.5,7.307916457877924,0.2687261322978934,7.5,7.518961643160787,0.25470709076589665,15.0,15.00494260162879,1,nan,nan
ambiguity/centre_j0_t3_s2,centre,0.0,3.0,,,5,5,5,5,5,5,0.19426761908691415,0.0,0.19426761908691415,1.6262246105792921,15.0,16.431956991492378,2.444081482828606,7.5,9.749813863741693,2.6142444905632054,7.5,9.91997687147629,1.8063300222950662,15.0,16.61206240320815,1,nan,nan
ambiguity/centre_j10_t0.25_s0,centre,10.0,0.25,,,5,5,5,5,5,5,0.06285065481506222,0.0,0.06285065481506222,0.4755533511868713,15.0,15.41270269637181,0.4626194219158741,7.5,7.899768767100812,0.48949189977172686,7.5,7.926641244956665,0.47105534031096236,15.0,15.408204685495901,1,nan,nan
ambiguity/centre_j10_t0.25_s1,centre,10.0,0.25,,,5,5,5,5,5,5,0.03293245045070143,0.0,0.03293245045070143,0.6370276862970857,15.0,15.604095235846385,1.1245006571172744,7.5,8.591568206666572,1.119605985159911,7.5,8.58667353470921,0.6355391841484652,15.0,15.602606733697764,3,8.619605985159911,8.58667353470921
ambiguity/centre_j10_t0.25_s2,centre,10.0,0.25,,,5,5,5,5,5,5,0.05822756191137112,0.0,0.05822756191137112,0.901142646015771,15.0,15.8429150841044,1.6173460116037763,7.5,9.059118449692406,1.599089937519081,7.5,9.040862375607709,0.9021229201717043,15.0,15.843895358260333,3,9.09908993751908,9.040862375607709
ambiguity/centre_j10_t0.5_s0,centre,10.0,0.5,,,5,5,5,5,5,5,0.03137435393523323,0.0,0.03137435393523323,0.47511075625051563,15.0,15.443736402315283,0.4576586115901469,7.5,7.926284257654913,0.49175543721486303,7.5,7.960381083279629,0.4778457509193686,15.0,15.446471396984135,1,nan,nan
ambiguity/centre_j10_t0.5_s1,centre,10.0,0.5,,,5,5,5,5,5,5,0.05188571420820782,0.0,0.05188571420820782,0.6401952894431682,15.0,15.58830957523496,1.1246895817269442,7.5,8.572803867518736,1.149935807283413,7.5,8.598050093075205,0.6574278735060528,15.0,15.605542159297846,3,8.624689581726944,8.572803867518736
ambiguity/centre_j10_t0.5_s2,centre,10.0,0.5,,,5,5,5,5,5,5,0.06414025216316001,0.0,0.06414025216316001,0.9078428241773848,15.0,15.843702572014225,1.6044509080900318,7.5,9.040310655926872,1.6024351766422025,7.5,9.038294924479043,0.91278455707799,15.0,15.84864430491483,3,9.102435176642203,9.038294924479043
ambiguity/centre_j10_t0.75_s0,centre,10.0,0.75,,,5,5,5,5,5,5,0.018912678957713057,0.0,0.018912678957713057,0.4722280494041962,15.0,15.453315370446482,0.46353529957411577,7.5,7.944622620616403,0.4748514983468389,7.5,7.955938819389125,0.46823352438168514,15.0,15.449320845423971,1,nan,nan
ambiguity/centre_j10_t0.75_s1,centre,10.0,0.75,,,5,5,5,5,5,5,0.027166681092869564,0.0,0.027166681092869564,0.6372286176579575,15.0,15.610061936565087,1.1191135577772509,7.5,8.59194687668438,1.1177715700845074,7.5,8.590604888991637,0.6286240354156658,15.0,15.601457354322795,3,8.617771570084507,8.590604888991637
ambiguity/centre_j10_t0.75_s2,centre,10.0,0.75,,,5,5,5,5,5,5,0.05299986755486508,0.0,0.05299986755486508,0.9133218782222499,15.0,15.860322010667385,1.5994100484794853,7.5,9.046410180924621,1.597540967065163,7.5,9.044541099510297,0.9157408223100331,15.0,15.862740954755168,3,9.097540967065163,9.044541099510297
ambiguity/centre_j10_t0_s0,centre,10.0,0.0,,,5,5,5,5,5,5,0.020169020477177314,0.0,0.020169020477177314,0.4712127513482099,15.0,15.451043730871033,0.4672317720866461,7.5,7.947062751609469,0.46184022096574323,7.5,7.941671200488566,0.4691484717107007,15.0,15.448979451233525,1,nan,nan
ambiguity/centre_j10_t0_s1,centre,10.0,0.0,,,5,5,5,5,5,5,0.027625927631461728,0.0,0.027625927631461728,0.6385083231206968,15.0,15.610882395489234,1.1318378532219193,7.5,8.604211925590457,1.127211245673999,7.5,8.599585318042537,0.6375032989861753,15.0,15.609877371354713,3,8.627211245674,8.599585318042537
ambiguity/centre_j10_t0_s2,centre,10.0,0.0,,,5,5,5,5,5,5,0.06524929575926729,0.0,0.06524929575926729,0.9218805729596941,15.0,15.856631277200426,1.6149386940201085,7.5,9.04968939826084,1.5926566587894608,7.5,9.027407363030193,0.9123979943072101,15.0,15.847148698547942,3,9.09265665878946,9.027407363030193
ambiguity/centre_j10_t1.25_s0,centre,10.0,1.25,,,5,5,5,5,5,5,0.06277367768051276,0.0,0.06277367768051276,0.4822450096645609,15.0,15.419471331984049,0.4678328121315451,7.5,7.905059134451032,0.4885065590831419,7.5,7.925732881402629,0.4716336378569569,15.0,15.408859960176445,1,nan,nan
ambiguity/centre_j10_t1.25_s1,centre,10.0,1.25,,,5,5,5,5,5,5,0.03458158274983622,0.0,0.03458158274983622,0.6303141541336105,15.0,15.595732571383774,1.120644421352222,7.5,8.586062838602384,1.115532300529146,7.5,8.58095071777931,0.6379966223201663,15.0,15.60341503957033,3,8.615532300529146,8.58095071777931
ambiguity/centre_j10_t1.25_s2,centre,10.0,1.25,,,5,5,5,5,5,5,0.056832112552785016,0.0,0.056832112552785016,0.9259382952161502,15.0,15.869106182663366,1.609175986715677,7.5,9.052343874162892,1.5846457867144688,7.5,9.027813674161683,0.9052629782556627,15.0,15.848430865702879,3,9.084645786714468,9.027813674161683
ambiguity/centre_j10_t1.5_s0,centre,10.0,1.5,,,5,5,5,5,5,5,0.07194032421171946,0.0,0.07194032421171946,0.4793336189441814,15.0,15.407393294732461,0.4637053299757186,7.5,7.891765005763999,0.49915999331206934,7.5,7.92721966910035,0.4766019716910754,15.0,15.404661647479355,1,nan,nan
ambiguity/centre_j10_t1.5_s1,centre,10.0,1.5,,,5,5,5,5,5,5,0.025874751727509013,0.0,0.025874751727509013,0.6389956268707064,15.0,15.613120875143197,1.1272554609441687,7.5,8.60138070921666,1.1234092928547543,7.5,8.597534541127246,0.6321136532517064,15.0,15.606238901524199,3,8.623409292854754,8.597534541127246
ambiguity/centre_j10_t1.5_s2,centre,10.0,1.5,,,5,5,5,5,5,5,0.08399720988073173,0.0,0.08399720988073173,0.8867276442366785,15.0,15.802730434355947,1.632971629105799,7.5,9.048974419225068,1.6184856412998425,7.5,9.034488431419112,0.9077431492391017,15.0,15.82374593935837,3,9.118485641299843,9.034488431419112
ambiguity/centre_j10_t1.75_s0,centre,10.0,1.75,,,5,5,5,5,5,5,0.02099479491838139,0.0,0.02099479491838139,0.47416541765556947,15.0,15.453170622737188,0.4686165778771372,7.5,7.947621782958755,0.47425799533266666,7.5,7.953263200414285,0.4687693558307725,15.0,15.447774560912391,1,nan,nan
ambiguity/centre_j10_t1.75_s1,centre,10.0,1.75,,,5,5,5,5,5,5,0.04427960003199153,0.0,0.04427960003199153,0.6592605908482564,15.0,15.614980990816266,1.14354900985,7.5,8.599269409818008,1.1422976816967192,7.5,8.598018081664728,0.6316555336252729,15.0,15.58737593359328,3,8.64229768169672,8.598018081664728
ambiguity/centre_j10_t1.75_s2,centre,10.0,1.75,,,5,5,5,5,5,5,0.05316488015015763,0.0,0.05316488015015763,0.9182622007683068,15.0,15.86509732061815,1.5904924369906508,7.5,9.037327556840493,1.5858316967917576,7.5,9.0326668166416,0.9149058196051686,15.0,15.86174093945501,3,9.085831696791757,9.0326668166416
ambiguity/centre_j10_t1_s0,centre,10.0,1.0,,,5,5,5,5,5,5,0.02375180530758076,0.0,0.02375180530758076,0.47337613138090373,15.0,15.449624326073323,0.46251518226764576,7.5,7.938763376960066,0.4728933160144093,7.5,7.949141510706829,0.4726025913999326,15.0,15.44885078609235,1,nan,nan
ambiguity/centre_j10_t1_s1,centre,10.0,1.0,,,5,5,5,5,5,5,0.027198061989770362,0.0,0.027198061989770362,0.6412242526381429,15.0,15.614026190648373,1.1322780511703872,7.5,8.605079989180616,1.1277261493483877,7.5,8.600528087358617,0.6351650819896161,15.0,15.607967019999846,3,8.627726149348387,8.600528087358617
ambiguity/centre_j10_t1_s2,centre,10.0,1.0,,,5,5,5,5,5,5,0.05698875412487808,0.0,0.05698875412487808,0.9255129350181198,15.0,15.86852418089324,1.607141506336884,7.5,9.050152752212005,1.599094569407106,7.5,9.042105815282227,0.9148497012184758,15.0,15.857860947093597,3,9.099094569407105,9.042105815282227
ambiguity/centre_j10_t2.25_s0,centre,10.0,2.25,,,5,5,5,5,5,5,0.03328463153287136,0.0,0.03328463153287136,0.48300220754612555,15.0,15.449717576013255,0.4723664005712947,7.5,7.939081769038423,0.4832179953443315,7.5,7.94993336381146,0.48544297347445586,15.0,15.452158341941585,1,nan,nan
ambiguity/centre_j10_t2.25_s1,centre,10.0,2.25,,,5,5,5,5,5,5,0.028326419820673313,0.0,0.028326419820673313,0.6373189661825658,15.0,15.608992546361891,1.117441886639005,7.5,8.589115466818331,1.121092080729093,7.5,8.59276566090842,0.6382030686050689,15.0,15.609876648784395,3,8.617441886639005,8.589115466818331
ambiguity/centre_j10_t2.25_s2,centre,10.0,2.25,,,5,5,5,5,5,5,0.024764358785113173,0.0,0.024764358785113173,0.9118554576323783,15.0,15.887091098847264,1.5922133417120345,7.5,9.067448982926921,1.5904039277797235,7.5,9.06563956899461,0.9053560743504616,15.0,15.880591715565348,3,9.090403927779724,9.06563956899461
ambiguity/centre_j10_t2.5_s0,centre,10.0,2.5,,,5,5,5,5,5,5,0.06424308209245007,0.0,0.06424308209245007,0.4783309104283058,15.0,15.414087828335855,0.46923748902075774,7.5,7.904994406928307,0.4864084041267125,7.5,7.922165322034262,0.4734595810415442,15.0,15.409216498949094,1,nan,nan
ambiguity/centre_j10_t2.5_s1,centre,10.0,2.5,,,5,5,5,5,5,5,0.02900597157504752,0.0,0.02900597157504752,0.6411530108810989,15.0,15.612147039306052,1.120295886250939,7.5,8.591289914675892,1.1184469054076625,7.5,8.589440933832615,0.632044005479637,15.0,15.603038033904589,3,8.618446905407662,8.589440933832615
ambiguity/centre_j10_t2.5_s2,centre,10.0,2.5,,,5,5,5,5,5,5,0.19927302965732258,0.0,0.19927302965732258,0.9150492204773549,15.0,15.715776190820034,1.5831024295769547,7.5,8.883829399919632,1.419263206626408,7.5,8.719990176969086,0.7444590629837771,15.0,15.545186033326456,3,8.919263206626407,8.719990176969086
ambiguity/centre_j10_t2.75_s0,centre,10.0,2.75,,,5,5,5,5,5,5,0.037028512028064314,0.0,0.037028512028064314,0.47338047763264196,15.0,15.436351965604578,0.4593942754057715,7.5,7.922365763377707,0.48103956332829867,7.5,7.944011051300234,0.48716624739257164,15.0,15.450137735364509,1,nan,nan
ambiguity/centre_j10_t2.75_s1,centre,10.0,2.75,,,5,5,5,5,5,5,0.0966229092252086,0.0,0.0966229092252086,0.6398349764113098,15.0,15.5432120671861,1.122582397959978,7.5,8.525959488734768,1.054743419600956,7.5,8.458120510375748,0.568049779601935,15.0,15.471426870376726,3,8.554743419600957,8.458120510375748
ambiguity/centre_j10_t2.75_s2,centre,10.0,2.75,,,5,5,5,5,5,5,0.29973959822723645,0.0,0.29973959822723645,0.9091305333458832,15.0,15.609390935118647,1.5967093335020546,7.5,8.796969735274818,1.327384184780214,7.5,8.527644586552977,0.6461276669939914,15.0,15.346388068766753,3,8.827384184780215,8.527644586552977
ambiguity/centre_j10_t2_s0,centre,10.0,2.0,,,5,5,5,5,5,5,0.05893343100638592,0.0,0.05893343100638592,0.48389308427213984,15.0,15.424959653265754,0.4653884208270823,7.5,7.906454989820697,0.4983387861583631,7.5,7.939405355151977,0.48519379013763164,15.0,15.426260359131247,1,nan,nan
ambiguity/centre_j10_t2_s1,centre,10.0,2.0,,,5,5,5,5,5,5,0.030896071779119856,0.0,0.030896071779119856,0.6417253249360795,15.0,15.61082925315696,1.127889897697387,7.5,8.596993825918267,1.1223840889404013,7.5,8.591488017161282,0.6325229710809246,15.0,15.601626899301804,3,8.622384088940402,8.591488017161282
ambiguity/centre_j10_t2_s2,centre,10.0,2.0,,,5,5,5,5,5,5,0.056087183214405686,0.0,0.056087183214405686,0.9217990697108068,15.0,15.8657118864964,1.6077404550950896,7.5,9.051653271880685,1.5989590221414407,7.5,9.042871838927036,0.9139503772997193,15.0,15.857863194085315,3,9.098959022141441,9.042871838927036
ambiguity/centre_j10_t3_s0,centre,10.0,3.0,,,5,5,5,5,5,5,0.04888270500215263,0.0,0.04888270500215263,0.4717683631263563,15.0,15.422885658124203,0.461472763809554,7.5,7.912590058807401,0.4949135701912088,7.5,7.946030865189056,0.5013226950682634,15.0,15.452439990066111,1,nan,nan
ambiguity/centre_j10_t3_s1,centre,10.0,3.0,,,5,5,5,5,5,5,0.2644258077420421,0.0,0.2644258077420421,0.6569224611486351,15.0,15.392496653406594,1.1323795603639382,7.5,8.367953752621897,0.9308053307480333,7.5,8.166379523005991,0.5056152208766221,15.0,15.241189413134581,1,nan,nan
ambiguity/centre_j10_t3_s2,centre,10.0,3.0,,,5,5,5,5,5,5,0.3886201626588542,0.0,0.3886201626588542,0.9077395860904421,15.0,15.519119423431587,1.5906506882418727,7.5,8.702030525583018,1.2434435837258528,7.5,8.354823421066998,0.5544365991893467,15.0,15.165816436530491,3,8.743443583725853,8.354823421066998
ambiguity/centre_j2_t0.25_s0,centre,2.0,0.25,,,5,5,5,5,5,5,0.11078595464255922,0.0,0.11078595464255922,0.08646789884394057,15.0,14.975681944201382,0.11441315716446558,7.5,7.503627202521906,0.12387953738789703,7.5,7.513093582745338,0.09801904360474338,15.0,14.987233088962185,1,nan,nan
ambiguity/centre_j2_t0.25_s1,centre,2.0,0.25,,,5,5,5,5,5,5,0.044276573774759576,0.0,0.044276573774759576,0.1169841821516769,15.0,15.072707608376918,0.23271880969761005,7.5,7.688442235922851,0.21997950232449812,7.5,7.675702928549739,0.13057645139659046,15.0,15.086299877621832,3,7.719979502324498,7.675702928549739
ambiguity/centre_j2_t0.25_s2,centre,2.0,0.25,,,5,5,5,5,5,5,0.06346295758337918,0.0,0.06346295758337918,0.1692766229197314,15.0,15.105813665336353,0.328197981883385,7.5,7.7647350243000055,0.3383843619638694,7.5,7.77492140438049,0.15921696421321452,15.0,15.095754006629836,3,7.828197981883385,7.7647350243000055
ambiguity/centre_j2_t0.5_s0,centre,2.0,0.5,,,5,5,5,5,5,5,0.060294161415778334,0.0,0.060294161415778334,0.08609049921810459,15.0,15.025796337802326,0.09461040892316992,7.5,7.534316247507392,0.0881730244997237,7.5,7.527878863083945,0.10321578536360454,15.0,15.042921623947827,1,nan,nan
ambiguity/centre_j2_t0.5_s1,centre,2.0,0.5,,,5,5,5,5,5,5,0.03990672289805819,0.0,0.03990672289805819,0.12270290124327121,15.0,15.082796178345212,0.22353755877978954,7.5,7.683630835881732,0.23197018756708054,7.5,7.6920634646690225,0.1233578280934236,15.0,15.083451105195365,3,7.72353755877979,7.683630835881732
ambiguity/centre_j2_t0.5_s2,centre,2.0,0.5,,,5,5,5,5,5,5,0.08284728019511879,0.0,0.08284728019511879,0.18567908753158152,15.0,15.102831807336463,0.3189964592673301,7.5,7.7361491790722114,0.3198949585618305,7.5,7.737047678366712,0.17353884979205175,15.0,15.090691569596933,3,7.81899645926733,7.7361491790722114
ambiguity/centre_j2_t0.75_s0,centre,2.0,0.75,,,5,5,5,5,5,5,0.06698003308599618,0.0,0.06698003308599618,0.08685183770565784,15.0,15.019871804619662,0.10331356670260924,7.5,7.536333533616613,0.08552644808750663,7.5,7.51854641500151,0.07659741400382539,15.0,15.00961738091783,1,nan,nan
ambiguity/centre_j2_t0.75_s1,centre,2.0,0.75,,,5,5,5,5,5,5,0.03411726758725789,0.0,0.03411726758725789,0.11810340047830219,15.0,15.083986132891045,0.2325640477991519,7.5,7.698446780211894,0.21421639260681105,7.5,7.680099125019553,0.1287149385048567,15.0,15.094597670917599,3,7.7142163926068115,7.680099125019553
ambiguity/centre_j2_t0.75_s2,centre,2.0,0.75,,,5,5,5,5,5,5,0.10161960660634949,0.0,0.10161960660634949,0.1709062804941917,15.0,15.069286673887843,0.3384436848203245,7.5,7.736824078213975,0.34270300416796506,7.5,7.741083397561615,0.1863838248670275,15.0,15.084764218260679,3,7.838443684820325,7.736824078213975
ambiguity/centre_j2_t0_s0,centre,2.0,0.0,,,5,5,5,5,5,5,0.04778460386142983,0.0,0.04778460386142983,0.0864109870591148,15.0,15.038626383197684,0.09439338384452538,7.5,7.546608779983095,0.09526641046799168,7.5,7.547481806606561,0.09198604305629168,15.0,15.044201439194861,1,nan,nan
ambiguity/centre_j2_t0_s1,centre,2.0,0.0,,,5,5,5,5,5,5,0.033863962579012016,0.0,0.033863962579012016,0.13164209821332673,15.0,15.097778135634314,0.2309974709060385,7.5,7.697133508327026,0.22572780901437905,7.5,7.691863846435367,0.12259545285041519,15.0,15.088731490271403,3,7.725727809014379,7.691863846435367
ambiguity/centre_j2_t0_s2,centre,2.0,0.0,,,5,5,5,5,5,5,0.09322111381100628,0.0,0.09322111381100628,0.18579439710139073,15.0,15.092573283290385,0.32950876226313264,7.5,7.736287648452126,0.3429828729709534,7.5,7.749761759159947,0.17818858695190926,15.0,15.084967473140903,3,7.829508762263132,7.736287648452126
ambiguity/centre_j2_t1.25_s0,centre,2.0,1.25,,,5,5,5,5,5,5,0.06679495305858352,0.0,0.06679495305858352,0.0872959843416892,15.0,15.020501031283107,0.11015751899453805,7.5,7.543362565935954,0.1172083118901901,7.5,7.550413358831606,0.10190568546670598,15.0,15.035110732408123,1,nan,nan
ambiguity/centre_j2_t1.25_s1,centre,2.0,1.25,,,5,5,5,5,5,5,0.03316436655367171,0.0,0.03316436655367171,0.12503548237431697,15.0,15.091871115820645,0.22121371386406447,7.5,7.688049347310392,0.2203963639175096,7.5,7.687231997363837,0.11791363404823699,15.0,15.084749267494566,3,7.7203963639175095,7.687231997363837
ambiguity/centre_j2_t1.25_s2,centre,2.0,1.25,,,5,5,5,5,5,5,0.08515611627211232,0.0,0.08515611627211232,0.1730455592614826,15.0,15.087889442989372,0.33170188546584906,7.5,7.7465457691937365,0.34983605898873765,7.5,7.764679942716625,0.1925589599292034,15.0,15.107402843657091,3,7.831701885465849,7.7465457691937365
ambiguity/centre_j2_t1.5_s0,centre,2.0,1.5,,,5,5,5,5,5,5,0.08048038249676351,0.0,0.08048038249676351,0.0888116508480608,15.0,15.008331268351299,0.11629084000585595,7.5,7.5358104575090925,0.1216546699756201,7.5,7.5411742874788565,0.10181587060321472,15.0,15.021335488106452,1,nan,nan
ambiguity/centre_j2_t1.5_s1,centre,2.0,1.5,,,5,5,5,5,5,5,0.033934649369984984,0.0,0.033934649369984984,0.1274131521201715,15.0,15.093478502750186,0.21639841645460248,7.5,7.682463767084617,0.2255611551732551,7.5,7.691626505803271,0.12353441882290969,15.0,15.089599769452924,3,7.716398416454602,7.682463767084617
ambiguity/centre_j2_t1.5_s2,centre,2.0,1.5,,,5,5,5,5,5,5,0.08652272607439515,0.0,0.08652272607439515,0.18655029145397387,15.0,15.100027565379579,0.32255048440659545,7.5,7.736027758332201,0.3286186625359515,7.5,7.742095936461557,0.17681336179821233,15.0,15.090290635723816,3,7.822550484406595,7.736027758332201
ambiguity/centre_j2_t1.75_s0,centre,2.0,1.75,,,5,5,5,5,5,5,0.0672656972664068,0.0,0.0672656972664068,0.09138392916444865,15.0,15.024118231898042,0.10464241171450497,7.5,7.537376714448098,0.0852598391607585,7.5,7.517994141894351,0.07292536949524042,15.0,15.005659672228834,1,nan,nan
ambiguity/centre_j2_t1.75_s1,centre,2.0,1.75,,,5,5,5,5,5,5,0.03224608386787874,0.0,0.03224608386787874,0.11304637683500922,15.0,15.080800292967131,0.21923565443334414,7.5,7.686989570565466,0.21423741856443,7.5,7.681991334696551,0.12335487887752762,15.0,15.09110879500965,3,7.71423741856443,7.681991334696551
ambiguity/centre_j2_t1.75_s2,centre,2.0,1.75,,,5,5,5,5,5,5,0.09365572376142703,0.0,0.09365572376142703,0.1688335907434379,15.0,15.07517786698201,0.3392600743944116,7.5,7.745604350632985,0.34065759487099134,7.5,7.747001871109565,0.18690967698800953,15.0,15.093253953226581,3,7.839260074394412,7.745604350632985
ambiguity/centre_j2_t1_s0,centre,2.0,1.0,,,5,5,5,5,5,5,0.07648695218879095,0.0,0.07648695218879095,0.08328106874043258,15.0,15.006794116551642,0.10821411049701611,7.5,7.531727158308225,0.07561779649019586,7.5,7.499130844301405,0.08580430931223926,15.0,15.009317357123448,1,nan,nan
ambiguity/centre_j2_t1_s1,centre,2.0,1.0,,,5,5,5,5,5,5,0.03008757839509205,0.0,0.03008757839509205,0.1311189317025983,15.0,15.101031353307507,0.22677311977702289,7.5,7.696685541381931,0.22411364671287667,7.5,7.694026068317785,0.12102577573400448,15.0,15.090938197338913,3,7.724113646712877,7.694026068317785
ambiguity/centre_j2_t1_s2,centre,2.0,1.0,,,5,5,5,5,5,5,0.10170260472083373,0.0,0.10170260472083373,0.19991421780051394,15.0,15.09821161307968,0.30719345296312245,7.5,7.705490848242289,0.3180137939896424,7.5,7.716311189268809,0.19273574551048803,15.0,15.091033140789655,3,7.807193452963123,7.705490848242289
ambiguity/centre_j2_t2.25_s0,centre,2.0,2.25,,,5,5,5,5,5,5,0.04058879727693998,0.0,0.04058879727693998,0.08311324746970927,15.0,15.04252445019277,0.09330198002702864,7.5,7.552713182750089,0.09348091429120084,7.5,7.55289211701426,0.09226488956660012,15.0,15.05167609228966,1,nan,nan
ambiguity/centre_j2_t2.25_s1,centre,2.0,2.25,,,5,5,5,5,5,5,0.03339524853937201,0.0,0.03339524853937201,0.13080393709573945,15.0,15.097408688556367,0.22708502039989728,7.5,7.693689771860526,0.22389779464278037,7.5,7.690502546103408,0.11827665327295722,15.0,15.084881404733585,3,7.72389779464278,7.690502546103408
ambiguity/centre_j2_t2.25_s2,centre,2.0,2.25,,,5,5,5,5,5,5,0.08053961220182142,0.0,0.08053961220182142,0.15048110001938148,15.0,15.06994148781756,0.3549378199001133,7.5,7.774398207698292,0.35875087228613134,7.5,7.778211260084309,0.179785828924331,15.0,15.09924621672251,3,7.854937819900114,7.774398207698292
ambiguity/centre_j2_t2.5_s0,centre,2.0,2.5,,,5,5,5,5,5,5,0.06353252357507662,0.0,0.06353252357507662,0.08544158691059654,15.0,15.021909063335519,0.1161581102500674,7.5,7.55262558667499,0.11997008282696664,7.5,7.55643755925189,0.1012994841276954,15.0,15.037766960552618,1,nan,nan
ambiguity/centre_j2_t2.5_s1,centre,2.0,2.5,,,5,5,5,5,5,5,0.04393282946474649,0.0,0.04393282946474649,0.12643344216823274,15.0,15.082500612703488,0.22793494481142196,7.5,7.684002115346676,0.2278565729842335,7.5,7.683923743519487,0.12287860533496582,15.0,15.07894577587022,3,7.7278565729842335,7.683923743519487
ambiguity/centre_j2_t2.5_s2,centre,2.0,2.5,,,5,5,5,5,5,5,0.08899106059150495,0.0,0.08899106059150495,0.16425654317891866,15.0,15.075265482587414,0.3514155961497923,7.5,7.762424535558287,0.35691282540611813,7.5,7.767921764814613,0.1837480006993949,15.0,15.09475694010789,3,7.851415596149792,7.762424535558287
ambiguity/centre_j2_t2.75_s0,centre,2.0,2.75,,,5,5,5,5,5,5,0.06680680228293759,0.0,0.06680680228293759,0.08612844023758771,15.0,15.019321637954649,0.1005879211517587,7.5,7.533781118868821,0.09110802325069402,7.5,7.524301220967756,0.07355467517514622,15.0,15.006747872892207,1,nan,nan
ambiguity/centre_j2_t2.75_s1,centre,2.0,2.75,,,5,5,5,5,5,5,0.06946697866425591,0.0,0.06946697866425591,0.12538460883135372,15.0,15.055917630167098,0.2688523956430937,7.5,7.6993854169788385,0.26636942854941054,7.5,7.696902449885155,0.16878991976116936,15.0,15.099322941096913,3,7.76636942854941,7.696902449885155
ambiguity/centre_j2_t2.75_s2,centre,2.0,2.75,,,5,5,5,5,5,5,0.0710358412263282,0.0,0.0710358412263282,0.15604349988611854,15.0,15.08500765865979,0.3581363813822573,7.5,7.7871005401559295,0.34543727297123916,7.5,7.774401431744911,0.17075456346144785,15.0,15.09971872223512,3,7.845437272971239,7.774401431744911
ambiguity/centre_j2_t2_s0,centre,2.0,2.0,,,5,5,5,5,5,5,0.06500784855854076,0.0,0.06500784855854076,0.07983891257659116,15.0,15.01483106401805,0.10772762423602286,7.5,7.542719775677482,0.07542059510447573,7.5,7.510412746545935,0.08187801056941807,15.0,15.016870162010878,1,nan,nan
ambiguity/centre_j2_t2_s1,centre,2.0,2.0,,,5,5,5,5,5,5,0.03458636702656981,0.0,0.03458636702656981,0.13018168810696396,15.0,15.095595321080394,0.22920856517463992,7.5,7.69462219814807,0.22039425857222814,7.5,7.685807891545658,0.12030566138044078,15.0,15.08571929435387,3,7.720394258572228,7.685807891545658
ambiguity/centre_j2_t2_s2,centre,2.0,2.0,,,5,5,5,5,5,5,0.04297862727454247,0.0,0.04297862727454247,0.16929022369120775,15.0,15.126311596416665,0.3106942006035552,7.5,7.767715573329013,0.32318519686715086,7.5,7.780206569592608,0.16546652535332348,15.0,15.12248789807878,3,7.810694200603555,7.767715573329013
ambiguity/centre_j2_t3_s0,centre,2.0,3.0,,,5,5,5,5,5,5,0.20874198676356934,0.0,0.20874198676356934,0.08850748000092455,15.0,14.879765493237356,0.08413105107073396,7.5,7.375389064307164,0.2848376188525945,7.5,7.576095632089025,0.27214283442052833,15.0,15.06340084765696,1,nan,nan
ambiguity/centre_j2_t3_s1,centre,2.0,3.0,,,5,5,5,5,5,5,0.34979303498919695,0.0,0.34979303498919695,0.12685671917585295,15.0,14.777063684186656,0.2751535213237203,7.5,7.425360486334523,0.33245368519198004,7.5,7.482660650202782,0.2838132245477495,15.0,14.934020189558552,1,nan,nan
ambiguity/centre_j2_t3_s2,centre,2.0,3.0,,,5,5,5,5,5,5,0.2375137063223787,0.0,0.2375137063223787,0.1770195867370282,15.0,14.93950588041465,0.3275833092677167,7.5,7.590069602945338,0.13703475284130423,7.5,7.399521046518925,0.10780874972221201,15.0,14.870295043399834,1,nan,nan
ambiguity/edge_j0_t0.25_s0,edge,0.0,0.25,,,4,4,5,5,4,4,0.24307674284270295,0.0,0.24307674284270295,0.013243873545870333,15.0,14.770167130703166,0.011520558499348495,7.5,7.268443815656645,0.24442941899359258,7.5,7.50135267615089,0.24482986865259262,15.0,15.00175312580989,1,nan,nan
ambiguity/edge_j0_t0.25_s1,edge,0.0,0.25,,,4,4,5,5,4,4,0.1927134296166723,0.0,0.1927134296166723,0.017905616210415757,15.0,14.825192186593743,0.037228260576459685,7.5,7.344514830959787,0.1817658836451854,7.5,7.489052454028513,0.17986001571912946,15.0,14.987146586102456,1,nan,nan
ambiguity/edge_j0_t0.25_s2,edge,0.0,0.25,,,4,4,5,5,4,4,1.0840113302085166,0.0,1.0840113302085166,1.6180685778689459,15.0,15.53405724766043,2.430524454255025,7.5,8.846513124046508,1.8830503950356192,7.5,8.299039064827102,1.0537166579232742,15.0,14.969705327714758,1,nan,nan
ambiguity/edge_j0_t0.5_s0,edge,0.0,0.5,,,4,4,5,5,4,4,0.26557937805792864,0.0,0.26557937805792864,0.025138997119360972,15.0,14.759559619061433,0.029833998972888128,7.5,7.26425462091496,0.23818073579636867,7.5,7.47260135773844,0.21139901360844437,15.0,14.945819635550516,1,nan,nan
ambiguity/edge_j0_t0.5_s1,edge,0.0,0.5,,,4,4,5,5,4,4,0.20301855311292952,0.0,0.20301855311292952,0.023085650053691342,15.0,14.820067096940761,0.05299101364987509,7.5,7.349972460536946,0.1858386224527173,7.5,7.4828200693397875,0.1396518538383106,15.0,14.936633300725381,1,nan,nan
ambiguity/edge_j0_t0.5_s2,edge,0.0,0.5,,,4,4,5,5,4,4,0.2741988870840077,0.0,0.2741988870840077,1.6224444515922365,15.0,16.34824556450823,2.4155656730740636,7.5,9.641366785990055,2.6471305136967174,7.5,9.87293162661271,1.8502774676404476,15.0,16.57607858055644,1,nan,nan
ambiguity/edge_j0_t0.75_s0,edge,0.0,0.75,,,4,5,5,5,4,4,0.22678533639373108,3.75,3.976785336393731,0.23886284041807396,11.25,7.512077504024343,0.03067154288093664,3.75,-0.19611379351279457,0.22685589154261077,11.25,7.50007055514888,0.2219063928726161,18.75,14.995121056478883,2,3.7806715428809365,-0.19611379351279457
ambiguity/edge_j0_t0.75_s1,edge,0.0,0.75,,,4,5,5,5,4,4,0.187286799496578,3.75,3.937286799496578,0.25741813715695205,11.25,7.570131337660374,0.10880710170563276,3.75,-0.07847969779094521,0.14404171288976733,11.25,7.4567549133931905,0.15069789678762718,18.75,14.963411097291049,2,3.858807101705633,-0.07847969779094521
ambiguity/edge_j0_t0.75_s2,edge,0.0,0.75,,,4,5,5,5,4,4,0.252343889867594,3.75,4.002343889867594,1.873797199503568,11.25,9.121453309635974,2.4697569887127107,3.75,2.2174130988451166,2.6522912199948276,11.25,9.899947330127233,1.8489173369423622,18.75,16.59657344707477,2,5.523269766455634,1.5209258765880405
ambiguity/edge_j0_t0_s0,edge,0.0,0.0,,,4,4,5,5,4,4,0.22961647434460286,0.0,0.22961647434460286,0.005333779972352639,15.0,14.775717305627749,0.006476265529855237,7.5,7.276859791185252,0.2294006235717874,7.5,7.499784149227184,0.22735070425298176,15.0,14.99773422990838,1,nan,nan
ambiguity/edge_j0_t0_s1,edge,0.0,0.0,,,4,4,5,5,4,4,0.19473573194224728,0.0,0.19473573194224728,0.04321226673436268,15.0,14.848476534792116,0.038571077581820844,7.5,7.343835345639574,0.16353794684339604,7.5,7.4688022149011495,0.15491871206746693,15.0,14.96018298012522,1,nan,nan
ambiguity/edge_j0_t0_s2,edge,0.0,0.0,,,4,4,5,5,4,4,0.2798460048937863,0.0,0.2798460048937863,1.6240810266957495,15.0,16.34423502180196,2.42170080249209,7.5,9.641854797598304,2.6540348521521153,7.5,9.87418884725833,1.8473482556539371,15.0,16.56750225076015,1,nan,nan
ambiguity/edge_j0_t1.25_s0,edge,0.0,1.25,,,4,5,5,5,4,4,0.253022781277326,3.75,4.003022781277326,0.025377625571788097,11.25,7.272354844294463,0.26397783012577486,3.75,0.01095504884844889,0.23350821814800465,11.25,7.480485436870679,0.2285466393811343,18.75,14.975523858103806,2,4.013977830125775,0.01095504884844889
ambiguity/edge_j0_t1.25_s1,edge,0.0,1.25,,,4,5,5,5,4,4,0.18929018207268325,3.75,3.9392901820726833,0.03496266568966519,11.25,7.3456724836169816,0.21007240584389839,3.75,0.02078222377121497,0.18161634216787392,11.25,7.492326160095191,0.1758253578655757,18.75,14.986535175792893,2,3.9600724058438983,0.02078222377121497
ambiguity/edge_j0_t1.25_s2,edge,0.0,1.25,,,4,5,5,5,4,4,1.0701125304574333,3.75,4.8201125304574335,1.6155654850707888,11.25,8.045452954613356,2.6826207539717415,3.75,1.6125082235143084,1.8537472249057363,11.25,8.283634694448303,1.0271269658841002,18.75,14.957014435426668,2,6.432620753971742,1.6125082235143084
ambiguity/edge_j0_t1.5_s0,edge,0.0,1.5,,,4,5,5,5,4,4,0.2579232482786006,3.75,4.0079232482786,0.024282026933353327,11.25,7.2663587786547525,0.26612801078728016,3.75,0.008204762508680297,0.2363785386583699,11.25,7.478455290379769,0.21538676967206702,18.75,14.957463521393464,2,4.0161280107872805,0.008204762508680297
ambiguity/edge_j0_t1.5_s1,edge,0.0,1.5,,,4,5,5,5,4,4,0.21759285122253788,3.75,3.967592851222538,0.04435315816224344,11.25,7.326760306939706,0.19484525068821862,3.75,-0.022747600534319457,0.15147402354409417,11.25,7.433881172321557,0.15318819179323992,18.75,14.935595340570703,2,3.9448452506882186,-0.022747600534319457
ambiguity/edge_j0_t1.5_s2,edge,0.0,1.5,,,4,5,5,5,4,4,0.25809993279885307,3.75,4.008099932798853,1.6193851508737644,11.25,8.861285218074912,2.667038838775819,3.75,2.4089389059769655,2.6485501178123796,11.25,9.890450185013528,1.8566957288073611,18.75,16.598595796008507,2,5.759089838849608,1.750989906050755
ambiguity/edge_j0_t1.75_s0,edge,0.0,1.75,,,4,5,5,5,4,4,0.257722776864389,3.75,4.007722776864389,0.02988329635850336,11.25,7.272160519494115,0.2744407808562124,3.75,0.016718003991822883,0.22774828364408903,11.25,7.470025506779701,0.21191735109856896,18.75,14.954194574234181,2,4.024440780856212,0.016718003991822883
ambiguity/edge_j0_t1.75_s1,edge,0.0,1.75,,,4,5,5,5,4,4,0.18525211109267845,3.75,3.9352521110926784,0.04821801361628278,11.25,7.362965902523605,0.2046399360382249,3.75,0.019387824945546583,0.16320380296577297,11.25,7.477951691873095,0.1399205386984615,18.75,14.954668427605784,2,3.954639936038225,0.019387824945546583
ambiguity/edge_j0_t1.75_s2,edge,0.0,1.75,,,4,5,5,5,4,4,0.2772258242433274,3.75,4.027225824243327,1.6403126367995107,11.25,8.863086812556183,2.645656772609786,3.75,2.368430948366459,2.647354184176986,11.25,9.87012835993366,1.8522933696101977,18.75,16.57506754536687,2,5.735780902684729,1.7085550784414014
ambiguity/edge_j0_t1_s0,edge,0.0,1.0,,,4,5,5,5,4,4,0.2579037613519564,3.75,4.007903761351956,0.030512120702858005,11.25,7.272608359350901,0.2661690567834623,3.75,0.00826529543150567,0.2217638633428353,11.25,7.463860101990878,0.22171167378417447,18.75,14.963807912432218,2,4.016169056783462,0.00826529543150567
ambiguity/edge_j0_t1_s1,edge,0.0,1.0,,,4,5,5,5,4,4,0.17186405266795116,3.75,3.921864052667951,0.04066473590129272,11.25,7.368800683233342,0.20352673796009318,3.75,0.031662685292142,0.1633953803804003,11.25,7.491531327712449,0.15615446387281165,18.75,14.984290411204862,2,3.953526737960093,0.031662685292142
ambiguity/edge_j0_t1_s2,edge,0.0,1.0,,,4,5,5,5,4,4,0.2444249301774338,3.75,3.9944249301774337,1.620795869553252,11.25,8.876370939375818,2.6824636575993104,3.75,2.4380387274218767,2.6546075571530854,11.25,9.91018262697565,1.8465000647330323,18.75,16.602075134555598,2,5.765885161818854,1.7714602316414205
ambiguity/edge_j0_t2.25_s0,edge,0.0,2.25,,,4,5,5,5,4,4,0.25412110869762905,3.75,4.004121108697629,0.021199211130102775,11.25,7.267078102432474,0.25692264982593827,3.75,0.002801541128309104,0.22558160143897246,11.25,7.471460492741344,0.23046420018214483,18.75,14.976343091484516,2,4.006922649825938,0.002801541128309104
ambiguity/edge_j0_t2.25_s1,edge,0.0,2.25,,,4,5,5,5,4,4,0.18392371980990319,3.75,3.9339237198099033,0.03598687967113439,11.25,7.35206315986123,0.20892060231305476,3.75,0.02499688250315124,0.1783979127715567,11.25,7.494474192961653,0.17063746738506008,18.75,14.986713747575156,2,3.9589206023130545,0.02499688250315124
ambiguity/edge_j0_t2.25_s2,edge,0.0,2.25,,,4,5,5,5,4,4,0.2845166702962132,3.75,4.034516670296213,1.6386270420416276,11.25,8.854110371745413,2.654888209618446,3.75,2.3703715393222327,2.6523201911996868,11.25,9.867803520903474,1.8470434636635336,18.75,16.56252679336732,2,5.734904741225924,1.7003880709297112
ambiguity/edge_j0_t2.5_s0,edge,0.0,2.5,,,4,5,5,5,4,4,0.2526282362768216,3.75,4.002628236276822,0.02569262953152153,11.25,7.2730643932547,0.2664168681045242,3.75,0.01378863182770207,0.2335359247590171,11.25,7.480907688482196,0.2117314806499776,18.75,14.959103244373155,2,4.016416868104524,0.01378863182770207
ambiguity/edge_j0_t2.5_s1,edge,0.0,2.5,,,4,5,5,5,4,4,0.1818758168343534,3.75,3.9318758168343533,0.04497570729946803,11.25,7.363099890465115,0.21472982579931818,3.75,0.03285400896496471,0.16753644350367647,11.25,7.485660626669324,0.13508326855005887,18.75,14.953207451715706,2,3.964729825799318,0.03285400896496471
ambiguity/edge_j0_t2.5_s2,edge,0.0,2.5,,,4,5,5,5,4,4,0.27929794984036743,3.75,4.029297949840368,1.6530139417077951,11.25,8.873715991867428,2.6441520486423933,3.75,2.3648540988020255,2.660639478835617,11.25,9.881341528995248,1.8506193427517623,18.75,16.571321392911393,2,5.734381341008825,1.7050833911684569
ambiguity/edge_j0_t2.75_s0,edge,0.0,2.75,,,4,5,5,5,4,4,0.2671996222056678,3.75,4.017199622205668,0.026142296181499786,11.25,7.258942673975831,0.27426064704909336,3.75,0.007061024843425301,0.24071547950393665,11.25,7.473515857298269,0.2117838433656728,18.75,14.944584221160005,2,4.024260647049093,0.007061024843425301
ambiguity/edge_j0_t2.75_s1,edge,0.0,2.75,,,4,5,5,5,4,4,0.18857926086813703,3.75,3.938579260868137,0.035883922339981764,11.25,7.347304661471846,0.1873961882539502,3.75,-0.0011830726141868197,0.14776522281981222,11.25,7.459185961951675,0.15490275638792406,18.75,14.966323495519786,2,3.9373961882539503,-0.0011830726141868197
ambiguity/edge_j0_t2.75_s2,edge,0.0,2.75,,,4,5,5,5,4,4,0.27542088640675233,3.75,4.025420886406752,1.6377325570568597,11.25,8.862311670650108,2.650800213269008,3.75,2.375379326862256,2.6508156646410037,11.25,9.875394778234252,1.8526830465036257,18.75,16.577262160096872,2,5.740613350855603,1.715192464448851
ambiguity/edge_j0_t2_s0,edge,0.0,2.0,,,4,5,5,5,4,4,0.2507477469590088,3.75,4.000747746959009,0.029016229922213536,11.25,7.278268482963204,0.2682162231487212,3.75,0.01746847618971259,0.22021151043895706,11.25,7.469463763479949,0.22043608402822884,18.75,14.96968833706922,2,4.0182162231487215,0.01746847618971259
ambiguity/edge_j0_t2_s1,edge,0.0,2.0,,,4,5,5,5,4,4,0.18308014685401752,3.75,3.9330801468540173,0.05010561054445205,11.25,7.367025463690435,0.20638544006762652,3.75,0.02330529321360908,0.1635293940680727,11.25,7.480449247214056,0.13714844051288216,18.75,14.954068293658864,2,3.9563854400676264,0.02330529321360908
ambiguity/edge_j0_t2_s2,edge,0.0,2.0,,,4,5,5,5,4,4,0.26651500748857226,3.75,4.0165150074885725,1.6443069831574681,11.25,8.877791975668895,2.654818834621507,3.75,2.388303827132934,2.6506869132677067,11.25,9.884171905779134,1.846565739865502,18.75,16.58005073237693,2,5.739211932085489,1.7226969245969164
ambiguity/edge_j0_t3_s0,edge,0.0,3.0,,,4,5,5,5,4,4,0.2539790861317271,3.75,4.003979086131727,0.031049540453298163,11.25,7.277070454321571,0.2721885665861799,3.75,0.01820948045445281,0.22489818076824827,11.25,7.470919094636521,0.22545607843283197,18.75,14.971476992301104,2,4.02218856658618,0.01820948045445281
ambiguity/edge_j0_t3_s1,edge,0.0,3.0,,,4,5,5,5,4,4,0.18511435839679097,3.75,3.935114358396791,0.042367510403940475,11.25,7.357253152007149,0.20386136034375216,3.75,0.018747001946961106,0.17658872232484024,11.25,7.49147436392805,0.1658529802376135,18.75,14.980738621840821,2,3.953861360343752,0.018747001946961106
ambiguity/edge_j0_t3_s2,edge,0.0,3.0,,,4,5,5,5,4,4,0.2698307909680749,3.75,4.019830790968075,1.6414996245595488,11.25,8.871668833591475,2.6518913825623827,3.75,2.382060591594308,2.6524678653982567,11.25,9.882637074430182,1.8483185696178126,18.75,16.578487778649738,2,5.738472718851446,1.718641927883371
ambiguity/edge_j10_t0.25_s0,edge,10.0,0.25,,,4,4,5,5,4,4,0.2755935250582974,0.0,0.2755935250582974,0.42907412578535264,15.0,15.153480600727054,0.4475768071643658,7.5,7.671983282106069,0.20548911103576153,7.5,7.429895585977465,0.20388060881142178,15.0,14.928287083753125,1,nan,nan
ambiguity/edge_j10_t0.25_s1,edge,10.0,0.25,,,4,4,5,5,4,4,0.04234229474060369,0.0,0.04234229474060369,0.6511370638162823,15.0,15.60879476907568,0.8541959607904845,7.5,8.311853666049881,0.8627038174398018,7.5,8.320361522699198,0.6619785969119357,15.0,15.619636302171333,1,nan,nan
ambiguity/edge_j10_t0.25_s2,edge,10.0,0.25,,,4,4,5,5,4,4,0.2278101515337068,0.0,0.2278101515337068,0.9042818787666237,15.0,15.676471727232917,1.4292326512539708,7.5,8.701422499720264,1.4135159257254943,7.5,8.685705774191788,1.1311854759449491,15.0,15.903375324411243,1,nan,nan
ambiguity/edge_j10_t0.5_s0,edge,10.0,0.5,,,4,4,5,5,4,4,0.2784705326724737,0.0,0.2784705326724737,0.4333957115445942,15.0,15.154925178872121,0.44784004046720305,7.5,7.6693695077947295,0.19929536825033212,7.5,7.420824835577858,0.1846774827517281,15.0,14.906206950079254,1,nan,nan
ambiguity/edge_j10_t0.5_s1,edge,10.0,0.5,,,4,4,5,5,4,4,0.027486826760309058,0.0,0.027486826760309058,0.6531613332222049,15.0,15.625674506461895,0.8162488459555127,7.5,8.288762019195204,0.8327855609060326,7.5,8.305298734145723,0.6317701531549601,15.0,15.60428332639465,1,nan,nan
ambiguity/edge_j10_t0.5_s2,edge,10.0,0.5,,,4,5,5,5,4,4,0.25062445321959353,3.75,4.000624453219594,0.9199365945054231,11.25,8.169312141285829,1.6472144639089694,3.75,1.3965900106893763,1.3885870600702672,11.25,8.637962606850675,1.1135665204740757,18.75,15.862942067254483,3,4.9403986935202155,0.939774240300622
ambiguity/edge_j10_t0.75_s0,edge,10.0,0.75,,,4,5,5,5,4,4,0.2300171744669813,3.75,3.9800171744669814,0.43095827764303557,11.25,7.700941103176055,0.4717118031767333,3.75,0.24169462870975167,0.18857824059028688,11.25,7.4585610661233055,0.19546146509751322,18.75,14.965444290630531,2,4.221711803176733,0.24169462870975167
ambiguity/edge_j10_t0.75_s1,edge,10.0,0.75,,,4,5,5,5,4,4,0.015260396072934423,3.75,3.7652603960729345,0.6712144918336233,11.25,8.15595409576069,0.9369889224924511,3.75,0.9217285264195163,0.8357391929962855,11.25,8.320478796923352,0.6350177699079713,18.75,15.619757373835037,3,4.686988922492451,0.9217285264195163
ambiguity/edge_j10_t0.75_s2,edge,10.0,0.75,,,4,5,5,5,4,4,0.2584091884741273,3.75,4.008409188474127,0.9299916953628737,11.25,8.171582506888747,1.5137389006602757,3.75,1.255329712186148,1.420039141567907,11.25,8.66162995309378,1.1449867059125276,18.75,15.886577517438399,3,5.102738432829344,1.094329244355217
ambiguity/edge_j10_t0_s0,edge,10.0,0.0,,,4,4,5,5,4,4,0.23956523801568194,0.0,0.23956523801568194,0.40547684049580823,15.0,15.165911602480126,0.4141782452347587,7.5,7.674613007219077,0.20633368558901632,7.5,7.466768447573335,0.19737403076556298,15.0,14.95780879274988,1,nan,nan
ambiguity/edge_j10_t0_s1,edge,10.0,0.0,,,4,4,5,5,4,4,0.036905268095074065,0.0,0.036905268095074065,0.6364756257633982,15.0,15.599570357668323,0.8747526835157828,7.5,8.33784741542071,0.840143659559363,7.5,8.303238391464289,0.6395521303607061,15.0,15.602646862265631,1,nan,nan
ambiguity/edge_j10_t0_s2,edge,10.0,0.0,,,4,4,5,5,4,4,0.20097809082825754,0.0,0.20097809082825754,0.9276901006625695,15.0,15.726712009834312,1.4117064306568852,7.5,8.710728339828627,1.3991252241325745,7.5,8.698147133304317,1.1016802557379892,15.0,15.900702164909731,1,nan,nan
ambiguity/edge_j10_t1.25_s0,edge,10.0,1.25,,,4,5,5,5,4,4,0.24881885893476202,3.75,3.998818858934762,0.5059685381964578,11.25,7.757149679261696,0.7105439163099662,3.75,0.4617250573752041,0.21214570599048393,11.25,7.463326847055722,0.19549544586567838,18.75,14.946676586930916,2,4.460543916309966,0.4617250573752041
ambiguity/edge_j10_t1.25_s1,edge,10.0,1.25,,,4,5,5,5,4,4,0.020310895699012208,3.75,3.770310895699012,0.6314568806900172,11.25,8.111145984991005,1.1288283231910319,3.75,1.1085174274920195,0.8382272273568647,11.25,8.317916331657852,0.6374844184839799,18.75,15.617173522784967,3,4.878828323191032,1.1085174274920195
ambiguity/edge_j10_t1.25_s2,edge,10.0,1.25,,,4,5,5,5,4,4,0.23291048516243712,3.75,3.9829104851624373,0.9111848712748919,11.25,8.178274386112456,1.4117966480464144,3.75,1.1788861628839773,1.3845592263776172,11.25,8.65164874121518,1.1055846459665772,18.75,15.87267416080414,3,5.161796648046415,1.1788861628839773
ambiguity/edge_j10_t1.5_s0,edge,10.0,1.5,,,4,5,5,5,4,4,0.2506231107147992,3.75,4.000623110714799,0.4986364205302782,11.25,7.748013309815479,0.7016443004556436,3.75,0.45102118974084426,0.21671441151634097,11.25,7.4660913008015415,0.1836776445370705,18.75,14.933054533822272,2,4.451644300455643,0.45102118974084426
ambiguity/edge_j10_t1.5_s1,edge,10.0,1.5,,,4,5,5,5,4,4,0.014826728899903989,3.75,3.7648267288999038,0.6488159746539189,11.25,8.133989245754016,1.1264384755951125,3.75,1.1116117466952082,0.834894536207902,11.25,8.320067807307998,0.6342381877581635,18.75,15.619411458858261,3,4.876438475595112,1.1116117466952082
ambiguity/edge_j10_t1.5_s2,edge,10.0,1.5,,,4,5,5,5,4,4,0.23870664411278722,3.75,3.988706644112787,0.9056702453716634,11.25,8.166963601258876,1.417274075114713,3.75,1.1785674310019263,1.3830009090857718,11.25,8.644294264972984,1.103221294031018,18.75,15.864514649918233,3,5.1672740751147135,1.1785674310019263
ambiguity/edge_j10_t1.75_s0,edge,10.0,1.75,,,4,5,5,5,4,4,0.2336426189577927,3.75,3.9836426189577927,0.48790795675281434,11.25,7.754265337795021,0.704373891511294,3.75,0.4707312725535009,0.18965137713931837,11.25,7.456008758181525,0.2049141601277278,18.75,14.971271541169935,2,4.454373891511294,0.4707312725535009
ambiguity/edge_j10_t1.75_s1,edge,10.0,1.75,,,4,5,5,5,4,4,0.016333173580940098,3.75,3.76633317358094,0.6507292453136898,11.25,8.134396071732748,1.1270785667124898,3.75,1.1107453931315492,0.8334856112737286,11.25,8.317152437692787,0.6327216938035376,18.75,15.6163885202226,3,4.877078566712489,1.1107453931315492
ambiguity/edge_j10_t1.75_s2,edge,10.0,1.75,,,4,5,5,5,4,4,0.26388879974714574,3.75,4.0138887997471455,0.908356143731108,11.25,8.144467343983962,1.423815006271194,3.75,1.159926206524049,1.4278427721584463,11.25,8.6639539724113,1.146516038606674,18.75,15.882627238859527,3,5.1738150062711945,1.159926206524049
ambiguity/edge_j10_t1_s0,edge,10.0,1.0,,,4,5,5,5,4,4,0.23694932573764527,3.75,3.9869493257376454,0.5076051246615656,11.25,7.77065579892392,0.7000074031942766,3.75,0.4630580774566311,0.18146488058732768,11.25,7.444515554849682,0.2027220411545371,18.75,14.965772715416891,2,4.4500074031942765,0.4630580774566311
ambiguity/edge_j10_t1_s1,edge,10.0,1.0,,,4,5,5,5,4,4,0.039098928146838546,3.75,3.7890989281468386,0.6345054442106829,11.25,8.095406516063845,1.1332148821407066,3.75,1.0941159539938683,0.8668792145562039,11.25,8.327780286409364,0.6643603080487916,18.75,15.625261379901954,3,4.883214882140707,1.0941159539938683
ambiguity/edge_j10_t1_s2,edge,10.0,1.0,,,4,5,5,5,4,4,0.24249868304388247,3.75,3.9924986830438827,0.902310943573761,11.25,8.159812260529879,1.4348137426008496,3.75,1.1923150595569667,1.4061304086144462,11.25,8.663631725570564,1.1247514443436304,18.75,15.882252761299748,3,5.184813742600849,1.1923150595569667
ambiguity/edge_j10_t2.25_s0,edge,10.0,2.25,,,4,5,5,5,4,4,0.23866080131397874,3.75,3.9886608013139786,0.4928532182259774,11.25,7.754192416912,0.6993110811520356,3.75,0.4606502798380574,0.19529840670735876,11.25,7.4566376053933805,0.19639761134264427,18.75,14.957736810028665,2,4.449311081152036,0.4606502798380574
ambiguity/edge_j10_t2.25_s1,edge,10.0,2.25,,,4,5,5,5,4,4,0.023917230058154743,3.75,3.7739172300581547,0.6293505450583592,11.25,8.105433315000205,1.1286958624348982,3.75,1.1047786323767435,0.8409473809382215,11.25,8.317030150880067,0.6403488512416048,18.75,15.61643162118345,3,4.878695862434898,1.1047786323767435
ambiguity/edge_j10_t2.25_s2,edge,10.0,2.25,,,4,5,5,5,4,4,0.23122089305296428,3.75,3.9812208930529644,0.8963223836914755,11.25,8.165101490638513,1.4287610049643706,3.75,1.1975401119114064,1.4028751712954768,11.25,8.671654278242514,1.1041101530253679,18.75,15.872889259972403,3,5.178761004964371,1.1975401119114064
ambiguity/edge_j10_t2.5_s0,edge,10.0,2.5,,,4,5,5,5,4,4,0.2466311764308199,3.75,3.99663117643082,0.4924579052944709,11.25,7.74582672886365,0.7049883264185137,3.75,0.4583571499876937,0.19180558305577386,11.25,7.445174406624953,0.20231994484980578,18.75,14.955688768418984,2,4.454988326418514,0.4583571499876937
ambiguity/edge_j10_t2.5_s1,edge,10.0,2.5,,,4,5,5,5,4,4,0.03667316496132469,3.75,3.7866731649613246,0.6445495804465508,11.25,8.107876415485226,1.121077011799361,3.75,1.0844038468380366,0.8591117101405359,11.25,8.32243854517921,0.6583957071453086,18.75,15.621722542183985,3,4.871077011799361,1.0844038468380366
ambiguity/edge_j10_t2.5_s2,edge,10.0,2.5,,,4,5,5,5,4,4,0.2097257156771998,3.75,3.9597257156772,0.9025178559083242,11.25,8.192792140231125,1.4201215581671263,3.75,1.2103958424899268,1.3929520493612504,11.25,8.68322633368405,1.1080026489579695,18.75,15.898276933280771,3,5.170121558167127,1.2103958424899268
ambiguity/edge_j10_t2.75_s0,edge,10.0,2.75,,,4,5,5,5,4,4,0.23303061942814632,3.75,3.9830306194281464,0.48834314033907805,11.25,7.755312520910931,0.7019407337298881,3.75,0.46891011430174157,0.1896303947970993,11.25,7.456599775368953,0.2001998749303451,18.75,14.9671692555022,2,4.451940733729888,0.46891011430174157
ambiguity/edge_j10_t2.75_s1,edge,10.0,2.75,,,4,5,5,5,4,4,0.01732987320185462,3.75,3.7673298732018545,0.6462295361732306,11.25,8.128899662971376,1.125295857828211,3.75,1.107965984626357,0.8363503812248939,11.25,8.31902050802304,0.6357417016328428,18.75,15.618411828430988,3,4.8752958578282115,1.107965984626357
ambiguity/edge_j10_t2.75_s2,edge,10.0,2.75,,,4,5,5,5,4,4,0.2492624439530674,3.75,3.9992624439530675,0.9129325323100529,11.25,8.163670088356985,1.3967324446988307,3.75,1.1474700007457632,1.3903076739678728,11.25,8.641045230014806,1.1152203669627307,18.75,15.865957923009663,3,5.146732444698831,1.1474700007457632
ambiguity/edge_j10_t2_s0,edge,10.0,2.0,,,4,5,5,5,4,4,0.21089758161367658,3.75,3.9608975816136764,0.49340741846127556,11.25,7.782509836847599,0.6982345933931843,3.75,0.48733701177950817,0.19526618819651612,11.25,7.48436860658284,0.2042078683981247,18.75,14.99331028678445,2,4.448234593393185,0.48733701177950817
ambiguity/edge_j10_t2_s1,edge,10.0,2.0,,,4,5,5,5,4,4,0.013289337316125138,3.75,3.763289337316125,0.6465587761941681,11.25,8.133269438878042,1.1318454420753021,3.75,1.1185561047591768,0.8376469209662336,11.25,8.324357583650109,0.6370550888886547,18.75,15.62376575157253,3,4.881845442075302,1.1185561047591768
ambiguity/edge_j10_t2_s2,edge,10.0,2.0,,,4,5,5,5,4,4,0.2553528361088994,3.75,4.0053528361089,0.9069530551588243,11.25,8.151600219049925,1.4114969031166638,3.75,1.156144067007764,1.39031160232941,11.25,8.63495876622051,1.115552593808867,18.75,15.860199757699968,3,5.161496903116664,1.156144067007764
ambiguity/edge_j10_t3_s0,edge,10.0,3.0,,,4,5,5,5,4,4,0.20751728583391163,3.75,3.957517285833912,0.4963335796801631,11.25,7.788816293846251,0.6842759696462597,3.75,0.47675868381234787,0.20199120224812017,11.25,7.494473916414208,0.19201535095182892,18.75,14.984498065117915,2,4.43427596964626,0.47675868381234787
ambiguity/edge_j10_t3_s1,edge,10.0,3.0,,,4,5,5,5,4,4,0.04430063198314566,3.75,3.7943006319831456,0.668628247737982,11.25,8.124327615754837,1.1483110111441626,3.75,1.104010379161017,0.8607399681161715,11.25,8.316439336133026,0.6564021985683135,18.75,15.612101566585167,3,4.898311011144163,1.104010379161017
ambiguity/edge_j10_t3_s2,edge,10.0,3.0,,,4,5,5,5,4,4,0.2512944806622497,3.75,4.001294480662249,0.9081389852414514,11.25,8.156844504579203,1.4055782971384347,3.75,1.1542838164761857,1.386681839875164,11.25,8.635387359212915,1.1117387319095033,18.75,15.860444251247255,3,5.155578297138435,1.1542838164761857
ambiguity/edge_j2_t0.25_s0,edge,2.0,0.25,,,4,4,5,5,4,4,0.31597933431225544,0.0,0.31597933431225544,0.06332057383166713,15.0,14.747341239519413,0.11817442246601413,7.5,7.302195088153758,0.23176745491080214,7.5,7.415788120598546,0.17081173037185998,15.0,14.854832396059605,1,nan,nan
ambiguity/edge_j2_t0.25_s1,edge,2.0,0.25,,,4,5,5,5,4,4,0.15430509754653263,3.75,3.9043050975465325,0.39842184712056206,11.25,7.74411674957403,0.4233772596517414,3.75,0.2690721621052088,0.2622499505059516,11.25,7.607944852959419,0.24361318547537952,18.75,15.089308087928845,2,4.173377259651741,0.2690721621052088
ambiguity/edge_j2_t0.25_s2,edge,2.0,0.25,,,4,4,5,5,4,4,0.2753415869996452,0.0,0.2753415869996452,0.17927540569849884,15.0,14.903933818698855,0.3022123449072399,7.5,7.526870757907594,0.43440001977868364,7.5,7.659058432779038,0.4297088724695587,15.0,15.154367285469915,1,nan,nan
ambiguity/edge_j2_t0.5_s0,edge,2.0,0.5,,,4,4,5,5,4,4,0.3175694794932441,0.0,0.3175694794932441,0.061473970832917585,15.0,14.743904491339674,0.10316630331701751,7.5,7.285596823823774,0.21435310679981887,7.5,7.396783627306575,0.1782687668231306,15.0,14.860699287329886,1,nan,nan
ambiguity/edge_j2_t0.5_s1,edge,2.0,0.5,,,4,4,5,5,4,4,0.16173444544736315,0.0,0.16173444544736315,0.12945841916735762,15.0,14.967723973719995,0.19893959727780217,7.5,7.537205151830439,0.28971210699257177,7.5,7.627977661545208,0.2749353424314937,15.0,15.11320089698413,1,nan,nan
ambiguity/edge_j2_t0.5_s2,edge,2.0,0.5,,,4,4,5,5,4,4,0.26607612592537605,0.0,0.26607612592537605,0.18155933531224355,15.0,14.915483209386867,0.3010249568257816,7.5,7.534948830900405,0.40527398702553047,7.5,7.639197861100155,0.393123495048954,15.0,15.127047369123577,1,nan,nan
ambiguity/edge_j2_t0.75_s0,edge,2.0,0.75,,,4,5,5,5,4,4,0.24162700393613684,3.75,3.991627003936137,0.1971831462544547,11.25,7.455556142318318,0.14578960401429222,3.75,-0.09583739992184492,0.17673682807389868,11.25,7.435109824137762,0.17142691150523312,18.75,14.929799907569095,2,3.895789604014292,-0.09583739992184492
ambiguity/edge_j2_t0.75_s1,edge,2.0,0.75,,,4,5,5,5,4,4,0.16289240027391597,3.75,3.912892400273916,0.2670989911526118,11.25,7.604206590878695,0.32196573271207224,3.75,0.1590733324381559,0.2677809673265504,11.25,7.604888567052633,0.28240094905416036,18.75,15.119508548780244,2,4.071965732712072,0.1590733324381559
ambiguity/edge_j2_t0.75_s2,edge,2.0,0.75,,,4,5,5,5,4,4,0.2680169731619017,3.75,4.0180169731619015,0.361980205350308,11.25,7.593963232188407,0.35254387425580075,3.75,0.08452690109389938,0.43592457767947185,11.25,7.667907604517571,0.42678895693957386,18.75,15.158771983777672,2,4.102543874255801,0.08452690109389938
ambiguity/edge_j2_t0_s0,edge,2.0,0.0,,,4,4,5,5,4,4,0.28574394534279896,0.0,0.28574394534279896,0.060557048115033915,15.0,14.774813102772233,0.11402934202072534,7.5,7.328285396677926,0.20022078121889741,7.5,7.414476835876099,0.13531906161003077,15.0,14.84957511626723,1,nan,nan
ambiguity/edge_j2_t0_s1,edge,2.0,0.0,,,4,4,5,5,4,4,0.16404087891995092,0.0,0.16404087891995092,0.12650537331945907,15.0,14.962464494399509,0.21517019337265542,7.5,7.551129314452704,0.2924551989482268,7.5,7.628414320028276,0.28141786529627805,15.0,15.117376986376328,1,nan,nan
ambiguity/edge_j2_t0_s2,edge,2.0,0.0,,,4,4,5,5,4,4,0.26825788033231684,0.0,0.26825788033231684,0.17916455612043486,15.0,14.910906675788118,0.3008155512691487,7.5,7.532557670936832,0.44160189513307413,7.5,7.673344014800757,0.4313660389967947,15.0,15.163108158664476,1,nan,nan
ambiguity/edge_j2_t1.25_s0,edge,2.0,1.25,,,4,5,5,5,4,4,0.3313207354835513,3.75,4.081320735483551,0.10640647066603864,11.25,7.275085735182488,0.38595540206344736,3.75,0.05463466657989624,0.22060976633963894,11.25,7.389289030856087,0.1780663864544954,18.75,14.846745650970945,2,4.1359554020634475,0.05463466657989624
ambiguity/edge_j2_t1.25_s1,edge,2.0,1.25,,,4,5,5,5,4,4,0.14556178650110815,3.75,3.895561786501108,0.1258196861407798,11.25,7.480257899639671,0.3763424789505195,3.75,0.23078069244941135,0.27073375456997456,11.25,7.625171968068866,0.25136809719858455,18.75,15.105806310697478,2,4.126342478950519,0.23078069244941135
ambiguity/edge_j2_t1.25_s2,edge,2.0,1.25,,,4,5,5,5,4,4,0.2340734874101692,3.75,3.984073487410169,0.21196654631759904,11.25,7.47789305890743,0.49627088003325665,3.75,0.26219739262308783,0.43090093115687783,11.25,7.696827443746708,0.42619911333590527,18.75,15.192125625925735,2,4.246270880033257,0.26219739262308783
ambiguity/edge_j2_t1.5_s0,edge,2.0,1.5,,,4,5,5,5,4,4,0.320453078430555,3.75,4.070453078430555,0.10903357041204217,11.25,7.288580491981486,0.38248712486820063,3.75,0.06203404643764543,0.24153932904559827,11.25,7.421086250615042,0.17795521338046597,18.75,14.85750213494991,2,4.1324871248682005,0.06203404643764543
ambiguity/edge_j2_t1.5_s1,edge,2.0,1.5,,,4,5,5,5,4,4,0.14930528864552048,3.75,3.8993052886455204,0.1268898413956171,11.25,7.477584552750097,0.3703792090862624,3.75,0.22107392044074237,0.27016722446336294,11.25,7.620861935817842,0.2505713506737444,18.75,15.101266062028225,2,4.120379209086263,0.22107392044074237
ambiguity/edge_j2_t1.5_s2,edge,2.0,1.5,,,4,5,5,5,4,4,0.24908111028805807,3.75,3.999081110288058,0.1786363759356045,11.25,7.429555265647547,0.4873236734275806,3.75,0.2382425631395222,0.409630460623173,11.25,7.660549350335115,0.3979132269763852,18.75,15.148832116688327,2,4.23732367342758,0.2382425631395222
ambiguity/edge_j2_t1.75_s0,edge,2.0,1.75,,,4,5,5,5,4,4,0.3156559237154507,3.75,4.06565592371545,0.10120894975637662,11.25,7.285553026040926,0.3728992950601823,3.75,0.057243371344731564,0.21239012361504447,11.25,7.396734199899594,0.1754338051804331,18.75,14.859777881464982,2,4.122899295060182,0.057243371344731564
ambiguity/edge_j2_t1.75_s1,edge,2.0,1.75,,,4,5,5,5,4,4,0.14231171354368394,3.75,3.892311713543684,0.13210666735983484,11.25,7.489794953816151,0.3771866733488833,3.75,0.23487495980519935,0.26594473868326063,11.25,7.623633025139577,0.2492325162410604,18.75,15.106920802697378,2,4.127186673348883,0.23487495980519935
ambiguity/edge_j2_t1.75_s2,edge,2.0,1.75,,,4,5,5,5,4,4,0.24932024575239817,3.75,3.999320245752398,0.2278216093824821,11.25,7.478501363630085,0.48110640229967366,3.75,0.23178615654727608,0.43897425214051633,11.25,7.6896540063881185,0.4309161083016173,18.75,15.18159586254922,2,4.231106402299674,0.23178615654727608
ambiguity/edge_j2_t1_s0,edge,2.0,1.0,,,4,5,5,5,4,4,0.3098630586026399,3.75,4.05986305860264,0.10426925989251436,11.25,7.294406201289875,0.3839632207642599,3.75,0.07410016216161974,0.2227750207153582,11.25,7.412911962112719,0.15882289384843998,18.75,14.8489598352458,2,4.13396322076426,0.07410016216161974
ambiguity/edge_j2_t1_s1,edge,2.0,1.0,,,4,5,5,5,4,4,0.1400890053196614,3.75,3.8900890053196613,0.13445885992136392,11.25,7.494369854601704,0.38105108470529725,3.75,0.24096207938563596,0.26461177980183004,11.25,7.62452277448217,0.2452815224711205,18.75,15.10519251715146,2,4.131051084705297,0.24096207938563596
ambiguity/edge_j2_t1_s2,edge,2.0,1.0,,,4,5,5,5,4,4,0.2665926589348628,3.75,4.016592658934862,0.1685171534208303,11.25,7.401924494485967,0.45188345281288433,3.75,0.18529079387802216,0.426266366806358,11.25,7.659673707871495,0.4206876858576635,18.75,15.154095026922803,2,4.201883452812885,0.18529079387802216
ambiguity/edge_j2_t2.25_s0,edge,2.0,2.25,,,4,5,5,5,4,4,0.3316358908330642,3.75,4.0816358908330646,0.10555435480925955,11.25,7.2739184639761945,0.38648342066788133,3.75,0.054847529834816555,0.2164900410010372,11.25,7.384854150167973,0.1727978083236631,18.75,14.841161917490597,2,4.136483420667881,0.054847529834816555
ambiguity/edge_j2_t2.25_s1,edge,2.0,2.25,,,4,5,5,5,4,4,0.15236986102224848,3.75,3.9023698610222484,0.12590915207277287,11.25,7.473539291050524,0.3748542476634079,3.75,0.22248438664115966,0.2639485587416648,11.25,7.611578697719417,0.2442733952044149,18.75,15.091903534182169,2,4.124854247663408,0.22248438664115966
ambiguity/edge_j2_t2.25_s2,edge,2.0,2.25,,,4,5,5,5,4,4,0.271719175980242,3.75,4.021719175980242,0.1718457616123538,11.25,7.400126585632111,0.45549715650767175,3.75,0.18377798052743,0.4347317843348284,11.25,7.663012608354587,0.42854773118655637,18.75,15.156828555206314,2,4.205497156507672,0.18377798052743
ambiguity/edge_j2_t2.5_s0,edge,2.0,2.5,,,4,5,5,5,4,4,0.3208694509845305,3.75,4.070869450984531,0.10628693290850658,11.25,7.285417481923976,0.3841476353541446,3.75,0.06327818436961419,0.23735449513714535,11.25,7.416485044152615,0.17418190067640493,18.75,14.853312449691874,2,4.134147635354145,0.06327818436961419
ambiguity/edge_j2_t2.5_s1,edge,2.0,2.5,,,4,5,5,5,4,4,0.14402332361582726,3.75,3.8940233236158273,0.12340761290512749,11.25,7.4793842892893005,0.37398268346772834,3.75,0.2299593598519012,0.2649358794268175,11.25,7.62091255581099,0.24976440984710924,18.75,15.105741086231284,2,4.1239826834677284,0.2299593598519012
ambiguity/edge_j2_t2.5_s2,edge,2.0,2.5,,,4,5,5,5,4,4,0.2660876006165086,3.75,4.016087600616508,0.17763194648053698,11.25,7.411544345864028,0.4591436273367897,3.75,0.19305602672028144,0.4256972121830852,11.25,7.659609611566577,0.417900961109869,18.75,15.15181336049336,2,4.20914362733679,0.19305602672028144
ambiguity/edge_j2_t2.75_s0,edge,2.0,2.75,,,4,5,5,5,4,4,0.3239387271048052,3.75,4.073938727104805,0.10302398159689745,11.25,7.279085254492093,0.37832453392907417,3.75,0.05438580682426952,0.2331080833026677,11.25,7.409169356197863,0.17914771744468208,18.75,14.855208990339877,2,4.128324533929074,0.05438580682426952
ambiguity/edge_j2_t2.75_s1,edge,2.0,2.75,,,4,5,5,5,4,4,0.14208509654315526,3.75,3.8920850965431555,0.13495192778751428,11.25,7.492866831244358,0.3739941139219587,3.75,0.2319090173788032,0.2652678565132188,11.25,7.623182759970064,0.24485165442686246,18.75,15.102766557883708,2,4.123994113921959,0.2319090173788032
ambiguity/edge_j2_t2.75_s2,edge,2.0,2.75,,,4,5,5,5,4,4,0.27578737087721283,3.75,4.025787370877213,0.20689823542891145,11.25,7.431110864551698,0.4598057175462622,3.75,0.18401834666904904,0.4346181866931415,11.25,7.658830815815929,0.3972621846991242,18.75,15.12147481382191,2,4.209805717546262,0.18401834666904904
ambiguity/edge_j2_t2_s0,edge,2.0,2.0,,,4,5,5,5,4,4,0.33129738035660283,3.75,4.081297380356602,0.10157124993943842,11.25,7.2702738695828355,0.38621794498300854,3.75,0.054920564626406154,0.2192050948477365,11.25,7.387907714491135,0.16626563948926337,18.75,14.834968259132662,2,4.1362179449830085,0.054920564626406154
ambiguity/edge_j2_t2_s1,edge,2.0,2.0,,,4,5,5,5,4,4,0.14179042246429346,3.75,3.8917904224642936,0.13331686204263019,11.25,7.491526439578337,0.3785171640485365,3.75,0.23672674158424334,0.2643367346198011,11.25,7.622546312155508,0.24472862384409577,18.75,15.102938201379803,2,4.128517164048537,0.23672674158424334
ambiguity/edge_j2_t2_s2,edge,2.0,2.0,,,4,5,5,5,4,4,0.2313715479964016,3.75,3.981371547996402,0.20532886830370956,11.25,7.473957320307308,0.4888998675612697,3.75,0.2575283195648681,0.4269324975487131,11.25,7.695560949552311,0.42231969849289314,18.75,15.19094815049649,2,4.23889986756127,0.2575283195648681
ambiguity/edge_j2_t3_s0,edge,2.0,3.0,,,4,5,5,5,4,4,0.33335178128200493,3.75,4.083351781282005,0.09877641266191421,11.25,7.26542463137991,0.3823745544490604,3.75,0.04902277316705561,0.2248625734304554,11.25,7.39151079214845,0.16981721358471163,18.75,14.836465432302706,2,4.13237455444906,0.04902277316705561
ambiguity/edge_j2_t3_s1,edge,2.0,3.0,,,4,5,5,5,4,4,0.145321119755022,3.75,3.895321119755022,0.1320515266521149,11.25,7.486730406897093,0.37381630388478276,3.75,0.2284951841297609,0.26054261674032647,11.25,7.615221496985305,0.2423589135337721,18.75,15.09703779377875,2,4.123816303884783,0.2284951841297609
ambiguity/edge_j2_t3_s2,edge,2.0,3.0,,,4,5,5,5,4,4,0.25120932104656435,3.75,4.001209321046565,0.17792991273277028,11.25,7.426720591686205,0.4874893077792487,3.75,0.2362799867326837,0.40325790742177675,11.25,7.652048586375212,0.39647621456795795,18.75,15.145266893521393,2,4.237489307779248,0.2362799867326837
