label,scene_id,arm,correct,resolved,claimed,recall,precision,shift,shift_frac,crossing,n_det_1,n_det_2,min_margin,t_y_mm
b1_detections_ccorr confirmed,complex-profile/single-01,greedy_index,0,1,1,0.0000,0.0000,,0.0000,0,2,1,,
b1_detections_ccorr confirmed,complex-profile/single-02,greedy_index,0,1,1,0.0000,0.0000,,0.0000,0,2,2,,
b1_detections_ccorr confirmed,complex-profile/single-03,greedy_index,0,1,2,0.0000,0.0000,,0.0000,0,1,1,,
b1_detections_ccorr confirmed,complex-profile/single-04,greedy_index,0,1,1,0.0000,0.0000,,0.0000,0,1,1,,
b1_detections_ccorr confirmed,heavy-profile/single-01,greedy_index,0,2,3,0.0000,0.0000,,0.0000,0,2,3,,
b1_detections_ccorr confirmed,heavy-profile/single-02,greedy_index,0,2,3,0.0000,0.0000,,0.0000,0,2,3,,
b1_detections_ccorr confirmed,heavy-profile/single-03,greedy_index,0,2,3,0.0000,0.0000,,0.0000,0,2,3,,
b1_detections_ccorr confirmed,heavy-profile/single-04,greedy_index,0,3,3,0.0000,0.0000,,0.0000,0,3,3,,
b1_detections_ccorr confirmed,heavy-profile/single-05,greedy_index,0,3,3,0.0000,0.0000,,0.0000,0,3,3,,
b1_detections_ccorr confirmed,heavy-profile/single-06,greedy_index,0,3,3,0.0000,0.0000,,0.0000,0,3,3,,
b1_detections_ccorr confirmed,heavy-profile/single-07,greedy_index,0,3,3,0.0000,0.0000,,0.0000,0,3,3,,
b1_detections_ccorr confirmed,heavy-profile/single-08,greedy_index,0,3,3,0.0000,0.0000,,0.0000,0,3,3,,
b1_detections_ccorr confirmed,heavy-profile/single-09,greedy_index,0,3,3,0.0000,0.0000,,0.0000,0,3,3,,
b1_detections_ccorr confirmed,heavy-profile/single-10,greedy_index,0,3,3,0.0000,0.0000,,0.0000,0,3,3,,
b1_detections_ccorr confirmed,heavy-profile/standing-01,greedy_index,0,3,3,0.0000,0.0000,,0.0000,0,3,3,,
b1_detections_ccorr confirmed,l-profile-reshoot/crossed-01,greedy_index,0,2,2,0.0000,0.0000,,0.0000,0,3,2,,
b1_detections_ccorr confirmed,l-profile-reshoot/overlap-02,greedy_index,0,3,3,0.0000,0.0000,,0.0000,0,3,3,,
b1_detections_ccorr confirmed,l-profile-reshoot/overlap-03,greedy_index,0,4,4,0.0000,0.0000,,0.0000,0,4,4,,
b1_detections_ccorr confirmed,l-profile-reshoot/overlap-04,greedy_index,0,4,4,0.0000,0.0000,,0.0000,0,4,4,,
b1_detections_ccorr confirmed,l-profile-reshoot/overlap-05,greedy_index,0,2,3,0.0000,0.0000,,0.0000,0,2,3,,
b1_detections_ccorr confirmed,l-profile-reshoot/overlap-06,greedy_index,0,2,3,0.0000,0.0000,,0.0000,0,2,3,,
b1_detections_ccorr confirmed,l-profile-reshoot/overlap-07,greedy_index,0,4,4,0.0000,0.0000,,0.0000,0,4,4,,
b1_detections_ccorr confirmed,l-profile-reshoot/overlap-08,greedy_index,0,4,4,0.0000,0.0000,,0.0000,0,4,4,,
b1_detections_ccorr confirmed,l-profile-reshoot/overlap-09,greedy_index,0,4,4,0.0000,0.0000,,0.0000,0,4,4,,
b1_detections_ccorr confirmed,l-profile-reshoot/single-01,greedy_index,0,3,3,0.0000,0.0000,,0.0000,0,4,3,,
b1_detections_ccorr confirmed,l-profile-reshoot/single-02,greedy_index,0,1,1,0.0000,0.0000,,0.0000,0,2,1,,
b1_detections_ccorr confirmed,l-profile-reshoot/single-03,greedy_index,0,3,3,0.0000,0.0000,,0.0000,0,3,3,,
b1_detections_ccorr confirmed,l-profile-reshoot/standing-01,greedy_index,0,4,4,0.0000,0.0000,,0.0000,0,4,6,,
b1_detections_ccorr confirmed,l-profile-reshoot/standing-02,greedy_index,0,4,4,0.0000,0.0000,,0.0000,0,5,7,,
b1_detections_ccorr confirmed,l-profile-reshoot/standing-03,greedy_index,0,4,4,0.0000,0.0000,,0.0000,0,5,7,,
b1_detections_ccorr confirmed,l-profile-reshoot/standing-04,greedy_index,0,2,2,0.0000,0.0000,,0.0000,0,2,3,,
b1_detections_ccorr confirmed,l-profile-reshoot/standing-05,greedy_index,0,9,11,0.0000,0.0000,,0.0000,0,11,10,,
b1_detections_ccorr confirmed,l-profile-reshoot/standing-06,greedy_index,0,10,11,0.0000,0.0000,,0.0000,0,11,11,,
b1_detections_ccorr confirmed,l-profile-reshoot/standing-07,greedy_index,0,5,8,0.0000,0.0000,,0.0000,0,8,9,,
b1_detections_ccorr confirmed,l-profile-reshoot/tilted-01,greedy_index,0,3,3,0.0000,0.0000,,0.0000,0,4,3,,
b1_detections_ccorr confirmed,l-profile-reshoot/tilted-02,greedy_index,0,3,3,0.0000,0.0000,,0.0000,0,4,3,,
b1_detections_ccorr confirmed,l-profile-reshoot/tilted-03,greedy_index,0,3,4,0.0000,0.0000,,0.0000,0,3,4,,
b1_detections_ccorr confirmed,l-profile-reshoot/tilted-04,greedy_index,0,3,3,0.0000,0.0000,,0.0000,0,4,3,,
b1_detections_ccorr confirmed,l-profile-reshoot/tilted-05,greedy_index,0,3,3,0.0000,0.0000,,0.0000,0,3,3,,
b1_detections_ccorr confirmed,l-profile/crossed-01,greedy_index,0,4,4,0.0000,0.0000,,0.0000,0,4,4,,
b1_detections_ccorr confirmed,l-profile/crossed-02,greedy_index,0,4,4,0.0000,0.0000,,0.0000,0,4,4,,
b1_detections_ccorr confirmed,l-profile/crossed-03,greedy_index,0,3,3,0.0000,0.0000,,0.0000,0,3,4,,
b1_detections_ccorr confirmed,l-profile/crossed-04,greedy_index,0,2,2,0.0000,0.0000,,0.0000,0,2,2,,
b1_detections_ccorr confirmed,l-profile/crossed-05,greedy_index,0,2,2,0.0000,0.0000,,0.0000,0,2,2,,
b1_detections_ccorr confirmed,l-profile/crossed-06,greedy_index,0,2,2,0.0000,0.0000,,0.0000,0,2,4,,
b1_detections_ccorr confirmed,l-profile/crossed-07,greedy_index,0,3,3,0.0000,0.0000,,0.0000,0,3,3,,
b1_detections_ccorr confirmed,l-profile/crossed-08,greedy_index,0,3,3,0.0000,0.0000,,0.0000,0,3,3,,
b1_detections_ccorr confirmed,l-profile/overlap-01,greedy_index,0,5,5,0.0000,0.0000,,0.0000,0,5,5,,
b1_detections_ccorr confirmed,l-profile/overlap-02,greedy_index,0,2,2,0.0000,0.0000,,0.0000,0,2,2,,
b1_detections_ccorr confirmed,l-profile/overlap-03,greedy_index,0,4,4,0.0000,0.0000,,0.0000,0,4,5,,
b1_detections_ccorr confirmed,l-profile/overlap-04,greedy_index,0,3,3,0.0000,0.0000,,0.0000,0,3,4,,
b1_detections_ccorr confirmed,l-profile/overlap-05,greedy_index,0,3,3,0.0000,0.0000,,0.0000,0,3,4,,
b1_detections_ccorr confirmed,l-profile/overlap-06,greedy_index,0,3,3,0.0000,0.0000,,0.0000,0,3,4,,
b1_detections_ccorr confirmed,l-profile/overlap-07,greedy_index,0,3,3,0.0000,0.0000,,0.0000,0,3,4,,
b1_detections_ccorr confirmed,l-profile/overlap-08,greedy_index,0,3,3,0.0000,0.0000,,0.0000,0,3,4,,
b1_detections_ccorr confirmed,l-profile/overlap-09,greedy_index,0,3,3,0.0000,0.0000,,0.0000,0,3,4,,
b1_detections_ccorr confirmed,l-profile/overlap-10,greedy_index,0,3,3,0.0000,0.0000,,0.0000,0,3,4,,
b1_detections_ccorr confirmed,l-profile/overlap-11,greedy_index,0,3,4,0.0000,0.0000,,0.0000,0,3,3,,
b1_detections_ccorr confirmed,l-profile/overlap-12,greedy_index,0,2,3,0.0000,0.0000,,0.0000,0,2,3,,
b1_detections_ccorr confirmed,l-profile/overlap-13,greedy_index,0,2,2,0.0000,0.0000,,0.0000,0,3,2,,
b1_detections_ccorr confirmed,l-profile/overlap-14,greedy_index,0,3,3,0.0000,0.0000,,0.0000,0,3,3,,
b1_detections_ccorr confirmed,l-profile/single-01,greedy_index,0,3,3,0.0000,0.0000,,0.0000,0,3,3,,
b1_detections_ccorr confirmed,l-profile/single-02,greedy_index,0,3,3,0.0000,0.0000,,0.0000,0,3,3,,
b1_detections_ccorr confirmed,l-profile/single-03,greedy_index,0,3,3,0.0000,0.0000,,0.0000,0,3,3,,
b1_detections_ccorr confirmed,l-profile/single-04,greedy_index,0,2,2,0.0000,0.0000,,0.0000,0,3,2,,
b1_detections_ccorr confirmed,l-profile/single-05,greedy_index,0,3,3,0.0000,0.0000,,0.0000,0,3,3,,
b1_detections_ccorr confirmed,l-profile/single-06,greedy_index,0,3,3,0.0000,0.0000,,0.0000,0,3,3,,
b1_detections_ccorr confirmed,l-profile/single-07,greedy_index,0,1,1,0.0000,0.0000,,0.0000,0,1,1,,
b1_detections_ccorr confirmed,l-profile/single-08,greedy_index,0,1,1,0.0000,0.0000,,0.0000,0,1,2,,
b1_detections_ccorr confirmed,l-profile/single-09,greedy_index,0,2,2,0.0000,0.0000,,0.0000,0,2,2,,
b1_detections_ccorr confirmed,l-profile/single-10,greedy_index,0,2,2,0.0000,0.0000,,0.0000,0,2,4,,
b1_detections_ccorr confirmed,l-profile/single-11,greedy_index,0,3,3,0.0000,0.0000,,0.0000,0,3,3,,
b1_detections_ccorr confirmed,l-profile/single-12,greedy_index,0,2,2,0.0000,0.0000,,0.0000,0,2,2,,
b1_detections_ccorr confirmed,l-profile/standing-01,greedy_index,0,3,3,0.0000,0.0000,,0.0000,0,3,3,,
b1_detections_ccorr confirmed,l-profile/standing-02,greedy_index,0,4,4,0.0000,0.0000,,0.0000,0,4,4,,
b1_detections_ccorr confirmed,l-profile/standing-03,greedy_index,0,4,4,0.0000,0.0000,,0.0000,0,4,4,,
b1_detections_ccorr confirmed,l-profile/standing-04,greedy_index,0,4,4,0.0000,0.0000,,0.0000,0,4,4,,
b1_detections_ccorr confirmed,l-profile/standing-05,greedy_index,0,3,3,0.0000,0.0000,,0.0000,0,3,3,,
b1_detections_ccorr confirmed,l-profile/tilted-01,greedy_index,0,2,2,0.0000,0.0000,,0.0000,0,2,3,,
b1_detections_ccorr confirmed,square-profile/single-01,greedy_index,0,8,8,0.0000,0.0000,,0.0000,0,10,8,,
b1_detections_ccorr confirmed,square-profile/single-02,greedy_index,0,4,4,0.0000,0.0000,,0.0000,0,4,4,,
b1_detections_ccorr confirmed,square-profile/single-03,greedy_index,0,4,4,0.0000,0.0000,,0.0000,0,4,4,,
b1_detections_ccorr confirmed,square-profile/single-04,greedy_index,0,4,4,0.0000,0.0000,,0.0000,0,4,4,,
b1_detections_ccorr confirmed,square-profile/single-05,greedy_index,0,3,3,0.0000,0.0000,,0.0000,0,4,4,,
b1_detections_ccorr confirmed,square-profile/single-06,greedy_index,0,3,3,0.0000,0.0000,,0.0000,0,4,3,,
b1_detections_ccorr confirmed,square-profile/single-07,greedy_index,0,3,3,0.0000,0.0000,,0.0000,0,4,3,,
b1_detections_ccorr confirmed,square-profile/single-08,greedy_index,0,4,4,0.0000,0.0000,,0.0000,0,4,4,,
b1_detections_ccorr confirmed,square-profile/single-09,greedy_index,0,3,3,0.0000,0.0000,,0.0000,0,3,3,,
b1_detections_ccorr confirmed,square-profile/single-10,greedy_index,0,2,2,0.0000,0.0000,,0.0000,0,2,2,,
b1_detections_ccorr confirmed,square-profile/single-11,greedy_index,0,5,5,0.0000,0.0000,,0.0000,0,8,6,,
b1_detections_ccorr confirmed,square-profile/single-12,greedy_index,0,3,3,0.0000,0.0000,,0.0000,0,3,3,,
b1_detections_ccorr confirmed,square-profile/single-13,greedy_index,0,3,3,0.0000,0.0000,,0.0000,0,3,3,,
b1_detections_ccorr confirmed,square-profile/single-14,greedy_index,0,3,3,0.0000,0.0000,,0.0000,0,3,3,,
b1_detections_ccorr confirmed,square-profile/single-15,greedy_index,0,3,3,0.0000,0.0000,,0.0000,0,3,3,,
b1_detections_ccorr confirmed,square-profile/single-16,greedy_index,0,3,3,0.0000,0.0000,,0.0000,0,3,3,,
b1_detections_ccorr confirmed,square-profile/single-17,greedy_index,0,4,4,0.0000,0.0000,,0.0000,0,4,6,,
b1_detections_ccorr confirmed,square-profile/single-18,greedy_index,0,12,22,0.0000,0.0000,,0.0000,0,21,24,,
b1_detections_ccorr confirmed,square-profile/single-19,greedy_index,0,3,3,0.0000,0.0000,,0.0000,0,3,3,,
b1_detections_ccorr confirmed,square-profile/single-20,greedy_index,0,4,4,0.0000,0.0000,,0.0000,0,5,8,,
b1_detections_ccorr confirmed,square-profile/single-21,greedy_index,0,7,7,0.0000,0.0000,,0.0000,0,8,7,,
b1_detections_ccorr confirmed,square-profile/single-22,greedy_index,0,7,7,0.0000,0.0000,,0.0000,0,8,8,,
b1_detections_ccorr confirmed,square-profile/single-23,greedy_index,0,7,7,0.0000,0.0000,,0.0000,0,7,8,,
b1_detections_ccorr confirmed,square-profile/single-24,greedy_index,0,8,8,0.0000,0.0000,,0.0000,0,8,8,,
b1_detections_ccorr confirmed,square-profile/single-25,greedy_index,0,7,7,0.0000,0.0000,,0.0000,0,8,7,,
b1_detections_ccorr confirmed,square-profile/single-26,greedy_index,0,7,7,0.0000,0.0000,,0.0000,0,7,8,,
b1_detections_ccorr confirmed,square-profile/single-27,greedy_index,0,9,9,0.0000,0.0000,,0.0000,0,9,9,,
b1_detections_ccorr confirmed,square-profile/single-28,greedy_index,0,9,9,0.0000,0.0000,,0.0000,0,9,9,,
b1_detections_ccorr confirmed,square-profile/standing-01,greedy_index,0,4,4,0.0000,0.0000,,0.0000,0,4,4,,
b1_detections_ccorr confirmed,complex-profile/single-01,greedy_index_debiased,0,1,1,0.0000,0.0000,,0.0000,0,2,1,,
b1_detections_ccorr confirmed,complex-profile/single-02,greedy_index_debiased,0,1,1,0.0000,0.0000,,0.0000,0,2,2,,
b1_detections_ccorr confirmed,complex-profile/single-03,greedy_index_debiased,0,1,2,0.0000,0.0000,,0.0000,0,1,1,,
b1_detections_ccorr confirmed,complex-profile/single-04,greedy_index_debiased,0,1,1,0.0000,0.0000,,0.0000,0,1,1,,
b1_detections_ccorr confirmed,heavy-profile/single-01,greedy_index_debiased,1,2,3,0.5000,1.0000,0,1.0000,0,2,3,,
b1_detections_ccorr confirmed,heavy-profile/single-02,greedy_index_debiased,1,2,3,0.5000,1.0000,0,1.0000,0,2,3,,
b1_detections_ccorr confirmed,heavy-profile/single-03,greedy_index_debiased,1,2,3,0.5000,1.0000,0,1.0000,0,2,3,,
b1_detections_ccorr confirmed,heavy-profile/single-04,greedy_index_debiased,1,3,3,0.3333,1.0000,0,1.0000,0,3,3,,
b1_detections_ccorr confirmed,heavy-profile/single-05,greedy_index_debiased,1,3,3,0.3333,1.0000,0,1.0000,0,3,3,,
b1_detections_ccorr confirmed,heavy-profile/single-06,greedy_index_debiased,1,3,3,0.3333,1.0000,0,1.0000,0,3,3,,
b1_detections_ccorr confirmed,heavy-profile/single-07,greedy_index_debiased,1,3,3,0.3333,1.0000,0,1.0000,0,3,3,,
b1_detections_ccorr confirmed,heavy-profile/single-08,greedy_index_debiased,1,3,3,0.3333,1.0000,0,1.0000,0,3,3,,
b1_detections_ccorr confirmed,heavy-profile/single-09,greedy_index_debiased,1,3,3,0.3333,1.0000,0,1.0000,0,3,3,,
b1_detections_ccorr confirmed,heavy-profile/single-10,greedy_index_debiased,1,3,3,0.3333,1.0000,0,1.0000,0,3,3,,
b1_detections_ccorr confirmed,heavy-profile/standing-01,greedy_index_debiased,1,3,3,0.3333,1.0000,0,1.0000,0,3,3,,
b1_detections_ccorr confirmed,l-profile-reshoot/crossed-01,greedy_index_debiased,1,2,2,0.5000,1.0000,0,1.0000,0,3,2,,
b1_detections_ccorr confirmed,l-profile-reshoot/overlap-02,greedy_index_debiased,3,3,3,1.0000,1.0000,0,1.0000,0,3,3,,
b1_detections_ccorr confirmed,l-profile-reshoot/overlap-03,greedy_index_debiased,2,4,4,0.5000,1.0000,0,1.0000,0,4,4,,
b1_detections_ccorr confirmed,l-profile-reshoot/overlap-04,greedy_index_debiased,3,4,4,0.7500,1.0000,0,1.0000,0,4,4,,
b1_detections_ccorr confirmed,l-profile-reshoot/overlap-05,greedy_index_debiased,0,2,3,0.0000,0.0000,,0.0000,0,2,3,,
b1_detections_ccorr confirmed,l-profile-reshoot/overlap-06,greedy_index_debiased,1,2,3,0.5000,1.0000,0,1.0000,0,2,3,,
b1_detections_ccorr confirmed,l-profile-reshoot/overlap-07,greedy_index_debiased,1,4,4,0.2500,1.0000,0,1.0000,0,4,4,,
b1_detections_ccorr confirmed,l-profile-reshoot/overlap-08,greedy_index_debiased,3,4,4,0.7500,1.0000,0,1.0000,0,4,4,,
b1_detections_ccorr confirmed,l-profile-reshoot/overlap-09,greedy_index_debiased,3,4,4,0.7500,1.0000,0,1.0000,0,4,4,,
b1_detections_ccorr confirmed,l-profile-reshoot/single-01,greedy_index_debiased,3,3,3,1.0000,1.0000,0,1.0000,0,4,3,,
b1_detections_ccorr confirmed,l-profile-reshoot/single-02,greedy_index_debiased,0,1,1,0.0000,0.0000,,0.0000,0,2,1,,
b1_detections_ccorr confirmed,l-profile-reshoot/single-03,greedy_index_debiased,0,3,3,0.0000,0.0000,,0.0000,0,3,3,,
b1_detections_ccorr confirmed,l-profile-reshoot/standing-01,greedy_index_debiased,2,4,4,0.5000,1.0000,0,1.0000,0,4,6,,
b1_detections_ccorr confirmed,l-profile-reshoot/standing-02,greedy_index_debiased,1,4,4,0.2500,0.5000,0,0.5000,0,5,7,,
b1_detections_ccorr confirmed,l-profile-reshoot/standing-03,greedy_index_debiased,3,4,4,0.7500,1.0000,0,1.0000,0,5,7,,
b1_detections_ccorr confirmed,l-profile-reshoot/standing-04,greedy_index_debiased,2,2,2,1.0000,1.0000,0,1.0000,0,2,3,,
b1_detections_ccorr confirmed,l-profile-reshoot/standing-05,greedy_index_debiased,5,9,11,0.5556,1.0000,0,1.0000,0,11,10,,
b1_detections_ccorr confirmed,l-profile-reshoot/standing-06,greedy_index_debiased,4,10,11,0.4000,1.0000,0,1.0000,0,11,11,,
b1_detections_ccorr confirmed,l-profile-reshoot/standing-07,greedy_index_debiased,3,5,8,0.6000,1.0000,0,1.0000,0,8,9,,
b1_detections_ccorr confirmed,l-profile-reshoot/tilted-01,greedy_index_debiased,3,3,3,1.0000,1.0000,0,1.0000,0,4,3,,
b1_detections_ccorr confirmed,l-profile-reshoot/tilted-02,greedy_index_debiased,3,3,3,1.0000,1.0000,0,1.0000,0,4,3,,
b1_detections_ccorr confirmed,l-profile-reshoot/tilted-03,greedy_index_debiased,2,3,4,0.6667,1.0000,0,1.0000,0,3,4,,
b1_detections_ccorr confirmed,l-profile-reshoot/tilted-04,greedy_index_debiased,1,3,3,0.3333,1.0000,0,1.0000,0,4,3,,
b1_detections_ccorr confirmed,l-profile-reshoot/tilted-05,greedy_index_debiased,1,3,3,0.3333,1.0000,0,1.0000,0,3,3,,
b1_detections_ccorr confirmed,l-profile/crossed-01,greedy_index_debiased,0,4,4,0.0000,0.0000,-1,1.0000,0,4,4,,
b1_detections_ccorr confirmed,l-profile/crossed-02,greedy_index_debiased,0,4,4,0.0000,0.0000,1,1.0000,0,4,4,,
b1_detections_ccorr confirmed,l-profile/crossed-03,greedy_index_debiased,0,3,3,0.0000,0.0000,-1,1.0000,0,3,4,,
b1_detections_ccorr confirmed,l-profile/crossed-04,greedy_index_debiased,2,2,2,1.0000,1.0000,0,1.0000,0,2,2,,
b1_detections_ccorr confirmed,l-profile/crossed-05,greedy_index_debiased,2,2,2,1.0000,1.0000,0,1.0000,0,2,2,,
b1_detections_ccorr confirmed,l-profile/crossed-06,greedy_index_debiased,2,2,2,1.0000,1.0000,0,1.0000,0,2,4,,
b1_detections_ccorr confirmed,l-profile/crossed-07,greedy_index_debiased,0,3,3,0.0000,0.0000,,0.0000,0,3,3,,
b1_detections_ccorr confirmed,l-profile/crossed-08,greedy_index_debiased,0,3,3,0.0000,0.0000,,0.0000,0,3,3,,
b1_detections_ccorr confirmed,l-profile/overlap-01,greedy_index_debiased,1,5,5,0.2000,1.0000,0,1.0000,0,5,5,,
b1_detections_ccorr confirmed,l-profile/overlap-02,greedy_index_debiased,1,2,2,0.5000,1.0000,0,1.0000,0,2,2,,
b1_detections_ccorr confirmed,l-profile/overlap-03,greedy_index_debiased,0,4,4,0.0000,0.0000,1,1.0000,0,4,5,,
b1_detections_ccorr confirmed,l-profile/overlap-04,greedy_index_debiased,0,3,3,0.0000,0.0000,,0.0000,0,3,4,,
b1_detections_ccorr confirmed,l-profile/overlap-05,greedy_index_debiased,2,3,3,0.6667,1.0000,0,1.0000,0,3,4,,
b1_detections_ccorr confirmed,l-profile/overlap-06,greedy_index_debiased,2,3,3,0.6667,1.0000,0,1.0000,0,3,4,,
b1_detections_ccorr confirmed,l-profile/overlap-07,greedy_index_debiased,2,3,3,0.6667,1.0000,0,1.0000,0,3,4,,
b1_detections_ccorr confirmed,l-profile/overlap-08,greedy_index_debiased,2,3,3,0.6667,1.0000,0,1.0000,0,3,4,,
b1_detections_ccorr confirmed,l-profile/overlap-09,greedy_index_debiased,2,3,3,0.6667,1.0000,0,1.0000,0,3,4,,
b1_detections_ccorr confirmed,l-profile/overlap-10,greedy_index_debiased,0,3,3,0.0000,0.0000,1,1.0000,0,3,4,,
b1_detections_ccorr confirmed,l-profile/overlap-11,greedy_index_debiased,1,3,4,0.3333,1.0000,0,1.0000,0,3,3,,
b1_detections_ccorr confirmed,l-profile/overlap-12,greedy_index_debiased,0,2,3,0.0000,0.0000,,0.0000,0,2,3,,
b1_detections_ccorr confirmed,l-profile/overlap-13,greedy_index_debiased,1,2,2,0.5000,1.0000,0,1.0000,0,3,2,,
b1_detections_ccorr confirmed,l-profile/overlap-14,greedy_index_debiased,2,3,3,0.6667,1.0000,0,1.0000,0,3,3,,
b1_detections_ccorr confirmed,l-profile/single-01,greedy_index_debiased,3,3,3,1.0000,1.0000,0,1.0000,0,3,3,,
b1_detections_ccorr confirmed,l-profile/single-02,greedy_index_debiased,3,3,3,1.0000,1.0000,0,1.0000,0,3,3,,
b1_detections_ccorr confirmed,l-profile/single-03,greedy_index_debiased,3,3,3,1.0000,1.0000,0,1.0000,0,3,3,,
b1_detections_ccorr confirmed,l-profile/single-04,greedy_index_debiased,0,2,2,0.0000,0.0000,,0.0000,0,3,2,,
b1_detections_ccorr confirmed,l-profile/single-05,greedy_index_debiased,3,3,3,1.0000,1.0000,0,1.0000,0,3,3,,
b1_detections_ccorr confirmed,l-profile/single-06,greedy_index_debiased,2,3,3,0.6667,1.0000,0,1.0000,0,3,3,,
b1_detections_ccorr confirmed,l-profile/single-07,greedy_index_debiased,0,1,1,0.0000,0.0000,,0.0000,0,1,1,,
b1_detections_ccorr confirmed,l-profile/single-08,greedy_index_debiased,1,1,1,1.0000,1.0000,0,1.0000,0,1,2,,
b1_detections_ccorr confirmed,l-profile/single-09,greedy_index_debiased,1,2,2,0.5000,1.0000,0,1.0000,0,2,2,,
b1_detections_ccorr confirmed,l-profile/single-10,greedy_index_debiased,2,2,2,1.0000,1.0000,0,1.0000,0,2,4,,
b1_detections_ccorr confirmed,l-profile/single-11,greedy_index_debiased,2,3,3,0.6667,1.0000,0,1.0000,0,3,3,,
b1_detections_ccorr confirmed,l-profile/single-12,greedy_index_debiased,2,2,2,1.0000,1.0000,0,1.0000,0,2,2,,
b1_detections_ccorr confirmed,l-profile/standing-01,greedy_index_debiased,1,3,3,0.3333,1.0000,0,1.0000,0,3,3,,
b1_detections_ccorr confirmed,l-profile/standing-02,greedy_index_debiased,2,4,4,0.5000,1.0000,0,1.0000,0,4,4,,
b1_detections_ccorr confirmed,l-profile/standing-03,greedy_index_debiased,0,4,4,0.0000,0.0000,,0.0000,0,4,4,,
b1_detections_ccorr confirmed,l-profile/standing-04,greedy_index_debiased,1,4,4,0.2500,1.0000,0,1.0000,0,4,4,,
b1_detections_ccorr confirmed,l-profile/standing-05,greedy_index_debiased,1,3,3,0.3333,1.0000,0,1.0000,0,3,3,,
b1_detections_ccorr confirmed,l-profile/tilted-01,greedy_index_debiased,0,2,2,0.0000,0.0000,,0.0000,0,2,3,,
b1_detections_ccorr confirmed,square-profile/single-01,greedy_index_debiased,0,8,8,0.0000,0.0000,,0.0000,0,10,8,,
b1_detections_ccorr confirmed,square-profile/single-02,greedy_index_debiased,0,4,4,0.0000,0.0000,,0.0000,0,4,4,,
b1_detections_ccorr confirmed,square-profile/single-03,greedy_index_debiased,0,4,4,0.0000,0.0000,,0.0000,0,4,4,,
b1_detections_ccorr confirmed,square-profile/single-04,greedy_index_debiased,0,4,4,0.0000,0.0000,,0.0000,0,4,4,,
b1_detections_ccorr confirmed,square-profile/single-05,greedy_index_debiased,0,3,3,0.0000,0.0000,,0.0000,0,4,4,,
b1_detections_ccorr confirmed,square-profile/single-06,greedy_index_debiased,0,3,3,0.0000,0.0000,,0.0000,0,4,3,,
b1_detections_ccorr confirmed,square-profile/single-07,greedy_index_debiased,0,3,3,0.0000,0.0000,,0.0000,0,4,3,,
b1_detections_ccorr confirmed,square-profile/single-08,greedy_index_debiased,0,4,4,0.0000,0.0000,,0.0000,0,4,4,,
b1_detections_ccorr confirmed,square-profile/single-09,greedy_index_debiased,0,3,3,0.0000,0.0000,,0.0000,0,3,3,,
b1_detections_ccorr confirmed,square-profile/single-10,greedy_index_debiased,0,2,2,0.0000,0.0000,,0.0000,0,2,2,,
b1_detections_ccorr confirmed,square-profile/single-11,greedy_index_debiased,0,5,5,0.0000,0.0000,,0.0000,0,8,6,,
b1_detections_ccorr confirmed,square-profile/single-12,greedy_index_debiased,0,3,3,0.0000,0.0000,,0.0000,0,3,3,,
b1_detections_ccorr confirmed,square-profile/single-13,greedy_index_debiased,0,3,3,0.0000,0.0000,,0.0000,0,3,3,,
b1_detections_ccorr confirmed,square-profile/single-14,greedy_index_debiased,0,3,3,0.0000,0.0000,,0.0000,0,3,3,,
b1_detections_ccorr confirmed,square-profile/single-15,greedy_index_debiased,0,3,3,0.0000,0.0000,,0.0000,0,3,3,,
b1_detections_ccorr confirmed,square-profile/single-16,greedy_index_debiased,0,3,3,0.0000,0.0000,,0.0000,0,3,3,,
b1_detections_ccorr confirmed,square-profile/single-17,greedy_index_debiased,0,4,4,0.0000,0.0000,,0.0000,0,4,6,,
b1_detections_ccorr confirmed,square-profile/single-18,greedy_index_debiased,0,12,22,0.0000,0.0000,,0.0000,0,21,24,,
b1_detections_ccorr confirmed,square-profile/single-19,greedy_index_debiased,0,3,3,0.0000,0.0000,,0.0000,0,3,3,,
b1_detections_ccorr confirmed,square-profile/single-20,greedy_index_debiased,0,4,4,0.0000,0.0000,,0.0000,0,5,8,,
b1_detections_ccorr confirmed,square-profile/single-21,greedy_index_debiased,1,7,7,0.1429,1.0000,0,1.0000,0,8,7,,
b1_detections_ccorr confirmed,square-profile/single-22,greedy_index_debiased,0,7,7,0.0000,0.0000,,0.0000,0,8,8,,
b1_detections_ccorr confirmed,square-profile/single-23,greedy_index_debiased,1,7,7,0.1429,1.0000,0,1.0000,0,7,8,,
b1_detections_ccorr confirmed,square-profile/single-24,greedy_index_debiased,1,8,8,0.1250,1.0000,0,1.0000,0,8,8,,
b1_detections_ccorr confirmed,square-profile/single-25,greedy_index_debiased,1,7,7,0.1429,1.0000,0,1.0000,0,8,7,,
b1_detections_ccorr confirmed,square-profile/single-26,greedy_index_debiased,1,7,7,0.1429,1.0000,0,1.0000,0,7,8,,
b1_detections_ccorr confirmed,square-profile/single-27,greedy_index_debiased,1,9,9,0.1111,1.0000,0,1.0000,0,9,9,,
b1_detections_ccorr confirmed,square-profile/single-28,greedy_index_debiased,1,9,9,0.1111,1.0000,0,1.0000,0,9,9,,
b1_detections_ccorr confirmed,square-profile/standing-01,greedy_index_debiased,1,4,4,0.2500,1.0000,0,1.0000,0,4,4,,
b1_detections_ccorr confirmed,complex-profile/single-01,greedy_index_nolen,0,1,1,0.0000,0.0000,,0.0000,0,2,1,,
b1_detections_ccorr confirmed,complex-profile/single-02,greedy_index_nolen,0,1,1,0.0000,0.0000,,0.0000,0,2,2,,
b1_detections_ccorr confirmed,complex-profile/single-03,greedy_index_nolen,0,1,2,0.0000,0.0000,,0.0000,0,1,1,,
b1_detections_ccorr confirmed,complex-profile/single-04,greedy_index_nolen,0,1,1,0.0000,0.0000,,0.0000,0,1,1,,
b1_detections_ccorr confirmed,heavy-profile/single-01,greedy_index_nolen,1,2,3,0.5000,1.0000,0,1.0000,0,2,3,,
b1_detections_ccorr confirmed,heavy-profile/single-02,greedy_index_nolen,1,2,3,0.5000,1.0000,0,1.0000,0,2,3,,
b1_detections_ccorr confirmed,heavy-profile/single-03,greedy_index_nolen,1,2,3,0.5000,1.0000,0,1.0000,0,2,3,,
b1_detections_ccorr confirmed,heavy-profile/single-04,greedy_index_nolen,1,3,3,0.3333,1.0000,0,1.0000,0,3,3,,
b1_detections_ccorr confirmed,heavy-profile/single-05,greedy_index_nolen,1,3,3,0.3333,1.0000,0,1.0000,0,3,3,,
b1_detections_ccorr confirmed,heavy-profile/single-06,greedy_index_nolen,1,3,3,0.3333,1.0000,0,1.0000,0,3,3,,
b1_detections_ccorr confirmed,heavy-profile/single-07,greedy_index_nolen,1,3,3,0.3333,1.0000,0,1.0000,0,3,3,,
b1_detections_ccorr confirmed,heavy-profile/single-08,greedy_index_nolen,1,3,3,0.3333,1.0000,0,1.0000,0,3,3,,
b1_detections_ccorr confirmed,heavy-profile/single-09,greedy_index_nolen,1,3,3,0.3333,1.0000,0,1.0000,0,3,3,,
b1_detections_ccorr confirmed,heavy-profile/single-10,greedy_index_nolen,1,3,3,0.3333,1.0000,0,1.0000,0,3,3,,
b1_detections_ccorr confirmed,heavy-profile/standing-01,greedy_index_nolen,1,3,3,0.3333,1.0000,0,1.0000,0,3,3,,
b1_detections_ccorr confirmed,l-profile-reshoot/crossed-01,greedy_index_nolen,1,2,2,0.5000,1.0000,0,1.0000,0,3,2,,
b1_detections_ccorr confirmed,l-profile-reshoot/overlap-02,greedy_index_nolen,3,3,3,1.0000,1.0000,0,1.0000,0,3,3,,
b1_detections_ccorr confirmed,l-profile-reshoot/overlap-03,greedy_index_nolen,2,4,4,0.5000,1.0000,0,1.0000,0,4,4,,
b1_detections_ccorr confirmed,l-profile-reshoot/overlap-04,greedy_index_nolen,3,4,4,0.7500,1.0000,0,1.0000,0,4,4,,
b1_detections_ccorr confirmed,l-profile-reshoot/overlap-05,greedy_index_nolen,0,2,3,0.0000,0.0000,,0.0000,0,2,3,,
b1_detections_ccorr confirmed,l-profile-reshoot/overlap-06,greedy_index_nolen,1,2,3,0.5000,1.0000,0,1.0000,0,2,3,,
b1_detections_ccorr confirmed,l-profile-reshoot/overlap-07,greedy_index_nolen,1,4,4,0.2500,1.0000,0,1.0000,0,4,4,,
b1_detections_ccorr confirmed,l-profile-reshoot/overlap-08,greedy_index_nolen,3,4,4,0.7500,1.0000,0,1.0000,0,4,4,,
b1_detections_ccorr confirmed,l-profile-reshoot/overlap-09,greedy_index_nolen,3,4,4,0.7500,1.0000,0,1.0000,0,4,4,,
b1_detections_ccorr confirmed,l-profile-reshoot/single-01,greedy_index_nolen,3,3,3,1.0000,1.0000,0,1.0000,0,4,3,,
b1_detections_ccorr confirmed,l-profile-reshoot/single-02,greedy_index_nolen,0,1,1,0.0000,0.0000,,0.0000,0,2,1,,
b1_detections_ccorr confirmed,l-profile-reshoot/single-03,greedy_index_nolen,0,3,3,0.0000,0.0000,,0.0000,0,3,3,,
b1_detections_ccorr confirmed,l-profile-reshoot/standing-01,greedy_index_nolen,2,4,4,0.5000,1.0000,0,1.0000,0,4,6,,
b1_detections_ccorr confirmed,l-profile-reshoot/standing-02,greedy_index_nolen,1,4,4,0.2500,0.5000,0,0.5000,0,5,7,,
b1_detections_ccorr confirmed,l-profile-reshoot/standing-03,greedy_index_nolen,3,4,4,0.7500,1.0000,0,1.0000,0,5,7,,
b1_detections_ccorr confirmed,l-profile-reshoot/standing-04,greedy_index_nolen,2,2,2,1.0000,1.0000,0,1.0000,0,2,3,,
b1_detections_ccorr confirmed,l-profile-reshoot/standing-05,greedy_index_nolen,5,9,11,0.5556,1.0000,0,1.0000,0,11,10,,
b1_detections_ccorr confirmed,l-profile-reshoot/standing-06,greedy_index_nolen,4,10,11,0.4000,1.0000,0,1.0000,0,11,11,,
b1_detections_ccorr confirmed,l-profile-reshoot/standing-07,greedy_index_nolen,3,5,8,0.6000,1.0000,0,1.0000,0,8,9,,
b1_detections_ccorr confirmed,l-profile-reshoot/tilted-01,greedy_index_nolen,3,3,3,1.0000,1.0000,0,1.0000,0,4,3,,
b1_detections_ccorr confirmed,l-profile-reshoot/tilted-02,greedy_index_nolen,3,3,3,1.0000,1.0000,0,1.0000,0,4,3,,
b1_detections_ccorr confirmed,l-profile-reshoot/tilted-03,greedy_index_nolen,2,3,4,0.6667,1.0000,0,1.0000,0,3,4,,
b1_detections_ccorr confirmed,l-profile-reshoot/tilted-04,greedy_index_nolen,1,3,3,0.3333,1.0000,0,1.0000,0,4,3,,
b1_detections_ccorr confirmed,l-profile-reshoot/tilted-05,greedy_index_nolen,1,3,3,0.3333,1.0000,0,1.0000,0,3,3,,
b1_detections_ccorr confirmed,l-profile/crossed-01,greedy_index_nolen,0,4,4,0.0000,0.0000,-1,1.0000,0,4,4,,
b1_detections_ccorr confirmed,l-profile/crossed-02,greedy_index_nolen,0,4,4,0.0000,0.0000,1,1.0000,0,4,4,,
b1_detections_ccorr confirmed,l-profile/crossed-03,greedy_index_nolen,0,3,3,0.0000,0.0000,-1,1.0000,0,3,4,,
b1_detections_ccorr confirmed,l-profile/crossed-04,greedy_index_nolen,2,2,2,1.0000,1.0000,0,1.0000,0,2,2,,
b1_detections_ccorr confirmed,l-profile/crossed-05,greedy_index_nolen,2,2,2,1.0000,1.0000,0,1.0000,0,2,2,,
b1_detections_ccorr confirmed,l-profile/crossed-06,greedy_index_nolen,2,2,2,1.0000,1.0000,0,1.0000,0,2,4,,
b1_detections_ccorr confirmed,l-profile/crossed-07,greedy_index_nolen,0,3,3,0.0000,0.0000,1,1.0000,0,3,3,,
b1_detections_ccorr confirmed,l-profile/crossed-08,greedy_index_nolen,0,3,3,0.0000,0.0000,1,1.0000,0,3,3,,
b1_detections_ccorr confirmed,l-profile/overlap-01,greedy_index_nolen,1,5,5,0.2000,1.0000,0,1.0000,0,5,5,,
b1_detections_ccorr confirmed,l-profile/overlap-02,greedy_index_nolen,1,2,2,0.5000,1.0000,0,1.0000,0,2,2,,
b1_detections_ccorr confirmed,l-profile/overlap-03,greedy_index_nolen,0,4,4,0.0000,0.0000,1,1.0000,0,4,5,,
b1_detections_ccorr confirmed,l-profile/overlap-04,greedy_index_nolen,0,3,3,0.0000,0.0000,,0.0000,0,3,4,,
b1_detections_ccorr confirmed,l-profile/overlap-05,greedy_index_nolen,2,3,3,0.6667,1.0000,0,1.0000,0,3,4,,
b1_detections_ccorr confirmed,l-profile/overlap-06,greedy_index_nolen,2,3,3,0.6667,1.0000,0,1.0000,0,3,4,,
b1_detections_ccorr confirmed,l-profile/overlap-07,greedy_index_nolen,2,3,3,0.6667,1.0000,0,1.0000,0,3,4,,
b1_detections_ccorr confirmed,l-profile/overlap-08,greedy_index_nolen,2,3,3,0.6667,1.0000,0,1.0000,0,3,4,,
b1_detections_ccorr confirmed,l-profile/overlap-09,greedy_index_nolen,2,3,3,0.6667,1.0000,0,1.0000,0,3,4,,
b1_detections_ccorr confirmed,l-profile/overlap-10,greedy_index_nolen,0,3,3,0.0000,0.0000,1,1.0000,0,3,4,,
b1_detections_ccorr confirmed,l-profile/overlap-11,greedy_index_nolen,1,3,4,0.3333,1.0000,0,1.0000,0,3,3,,
b1_detections_ccorr confirmed,l-profile/overlap-12,greedy_index_nolen,0,2,3,0.0000,0.0000,,0.0000,0,2,3,,
b1_detections_ccorr confirmed,l-profile/overlap-13,greedy_index_nolen,1,2,2,0.5000,1.0000,0,1.0000,0,3,2,,
b1_detections_ccorr confirmed,l-profile/overlap-14,greedy_index_nolen,2,3,3,0.6667,1.0000,0,1.0000,0,3,3,,
b1_detections_ccorr confirmed,l-profile/single-01,greedy_index_nolen,3,3,3,1.0000,1.0000,0,1.0000,0,3,3,,
b1_detections_ccorr confirmed,l-profile/single-02,greedy_index_nolen,3,3,3,1.0000,1.0000,0,1.0000,0,3,3,,
b1_detections_ccorr confirmed,l-profile/single-03,greedy_index_nolen,3,3,3,1.0000,1.0000,0,1.0000,0,3,3,,
b1_detections_ccorr confirmed,l-profile/single-04,greedy_index_nolen,0,2,2,0.0000,0.0000,-1,1.0000,0,3,2,,
b1_detections_ccorr confirmed,l-profile/single-05,greedy_index_nolen,3,3,3,1.0000,1.0000,0,1.0000,0,3,3,,
b1_detections_ccorr confirmed,l-profile/single-06,greedy_index_nolen,2,3,3,0.6667,1.0000,0,1.0000,0,3,3,,
b1_detections_ccorr confirmed,l-profile/single-07,greedy_index_nolen,0,1,1,0.0000,0.0000,,0.0000,0,1,1,,
b1_detections_ccorr confirmed,l-profile/single-08,greedy_index_nolen,1,1,1,1.0000,1.0000,0,1.0000,0,1,2,,
b1_detections_ccorr confirmed,l-profile/single-09,greedy_index_nolen,1,2,2,0.5000,1.0000,0,1.0000,0,2,2,,
b1_detections_ccorr confirmed,l-profile/single-10,greedy_index_nolen,2,2,2,1.0000,1.0000,0,1.0000,0,2,4,,
b1_detections_ccorr confirmed,l-profile/single-11,greedy_index_nolen,2,3,3,0.6667,1.0000,0,1.0000,0,3,3,,
b1_detections_ccorr confirmed,l-profile/single-12,greedy_index_nolen,2,2,2,1.0000,1.0000,0,1.0000,0,2,2,,
b1_detections_ccorr confirmed,l-profile/standing-01,greedy_index_nolen,1,3,3,0.3333,1.0000,0,1.0000,0,3,3,,
b1_detections_ccorr confirmed,l-profile/standing-02,greedy_index_nolen,2,4,4,0.5000,1.0000,0,1.0000,0,4,4,,
b1_detections_ccorr confirmed,l-profile/standing-03,greedy_index_nolen,0,4,4,0.0000,0.0000,,0.0000,0,4,4,,
b1_detections_ccorr confirmed,l-profile/standing-04,greedy_index_nolen,1,4,4,0.2500,1.0000,0,1.0000,0,4,4,,
b1_detections_ccorr confirmed,l-profile/standing-05,greedy_index_nolen,1,3,3,0.3333,1.0000,0,1.0000,0,3,3,,
b1_detections_ccorr confirmed,l-profile/tilted-01,greedy_index_nolen,1,2,2,0.5000,1.0000,0,1.0000,0,2,3,,
b1_detections_ccorr confirmed,square-profile/single-01,greedy_index_nolen,0,8,8,0.0000,0.0000,,0.0000,0,10,8,,
b1_detections_ccorr confirmed,square-profile/single-02,greedy_index_nolen,0,4,4,0.0000,0.0000,,0.0000,0,4,4,,
b1_detections_ccorr confirmed,square-profile/single-03,greedy_index_nolen,0,4,4,0.0000,0.0000,,0.0000,0,4,4,,
b1_detections_ccorr confirmed,square-profile/single-04,greedy_index_nolen,0,4,4,0.0000,0.0000,,0.0000,0,4,4,,
b1_detections_ccorr confirmed,square-profile/single-05,greedy_index_nolen,0,3,3,0.0000,0.0000,,0.0000,0,4,4,,
b1_detections_ccorr confirmed,square-profile/single-06,greedy_index_nolen,0,3,3,0.0000,0.0000,,0.0000,0,4,3,,
b1_detections_ccorr confirmed,square-profile/single-07,greedy_index_nolen,0,3,3,0.0000,0.0000,,0.0000,0,4,3,,
b1_detections_ccorr confirmed,square-profile/single-08,greedy_index_nolen,0,4,4,0.0000,0.0000,,0.0000,0,4,4,,
b1_detections_ccorr confirmed,square-profile/single-09,greedy_index_nolen,0,3,3,0.0000,0.0000,,0.0000,0,3,3,,
b1_detections_ccorr confirmed,square-profile/single-10,greedy_index_nolen,0,2,2,0.0000,0.0000,,0.0000,0,2,2,,
b1_detections_ccorr confirmed,square-profile/single-11,greedy_index_nolen,0,5,5,0.0000,0.0000,,0.0000,0,8,6,,
b1_detections_ccorr confirmed,square-profile/single-12,greedy_index_nolen,0,3,3,0.0000,0.0000,,0.0000,0,3,3,,
b1_detections_ccorr confirmed,square-profile/single-13,greedy_index_nolen,0,3,3,0.0000,0.0000,,0.0000,0,3,3,,
b1_detections_ccorr confirmed,square-profile/single-14,greedy_index_nolen,0,3,3,0.0000,0.0000,,0.0000,0,3,3,,
b1_detections_ccorr confirmed,square-profile/single-15,greedy_index_nolen,1,3,3,0.3333,1.0000,0,1.0000,0,3,3,,
b1_detections_ccorr confirmed,square-profile/single-16,greedy_index_nolen,1,3,3,0.3333,1.0000,0,1.0000,0,3,3,,
b1_detections_ccorr confirmed,square-profile/single-17,greedy_index_nolen,0,4,4,0.0000,0.0000,,0.0000,0,4,6,,
b1_detections_ccorr confirmed,square-profile/single-18,greedy_index_nolen,0,12,22,0.0000,0.0000,,0.0000,0,21,24,,
b1_detections_ccorr confirmed,square-profile/single-19,greedy_index_nolen,0,3,3,0.0000,0.0000,,0.0000,0,3,3,,
b1_detections_ccorr confirmed,square-profile/single-20,greedy_index_nolen,0,4,4,0.0000,0.0000,,0.0000,0,5,8,,
b1_detections_ccorr confirmed,square-profile/single-21,greedy_index_nolen,1,7,7,0.1429,1.0000,0,1.0000,0,8,7,,
b1_detections_ccorr confirmed,square-profile/single-22,greedy_index_nolen,0,7,7,0.0000,0.0000,,0.0000,0,8,8,,
b1_detections_ccorr confirmed,square-profile/single-23,greedy_index_nolen,1,7,7,0.1429,1.0000,0,1.0000,0,7,8,,
b1_detections_ccorr confirmed,square-profile/single-24,greedy_index_nolen,1,8,8,0.1250,1.0000,0,1.0000,0,8,8,,
b1_detections_ccorr confirmed,square-profile/single-25,greedy_index_nolen,1,7,7,0.1429,1.0000,0,1.0000,0,8,7,,
b1_detections_ccorr confirmed,square-profile/single-26,greedy_index_nolen,1,7,7,0.1429,1.0000,0,1.0000,0,7,8,,
b1_detections_ccorr confirmed,square-profile/single-27,greedy_index_nolen,1,9,9,0.1111,1.0000,0,1.0000,0,9,9,,
b1_detections_ccorr confirmed,square-profile/single-28,greedy_index_nolen,1,9,9,0.1111,1.0000,0,1.0000,0,9,9,,
b1_detections_ccorr confirmed,square-profile/standing-01,greedy_index_nolen,1,4,4,0.2500,1.0000,0,1.0000,0,4,4,,
b1_detections_ccorr confirmed,complex-profile/single-01,greedy_index_order,1,1,1,1.0000,1.0000,0,1.0000,0,2,1,,
b1_detections_ccorr confirmed,complex-profile/single-02,greedy_index_order,1,1,1,1.0000,1.0000,0,1.0000,0,2,2,,
b1_detections_ccorr confirmed,complex-profile/single-03,greedy_index_order,1,1,2,1.0000,1.0000,0,1.0000,0,1,1,,
b1_detections_ccorr confirmed,complex-profile/single-04,greedy_index_order,1,1,1,1.0000,1.0000,0,1.0000,0,1,1,,
b1_detections_ccorr confirmed,heavy-profile/single-01,greedy_index_order,2,2,3,1.0000,1.0000,0,1.0000,0,2,3,,
b1_detections_ccorr confirmed,heavy-profile/single-02,greedy_index_order,2,2,3,1.0000,1.0000,0,1.0000,0,2,3,,
b1_detections_ccorr confirmed,heavy-profile/single-03,greedy_index_order,2,2,3,1.0000,1.0000,0,1.0000,0,2,3,,
b1_detections_ccorr confirmed,heavy-profile/single-04,greedy_index_order,3,3,3,1.0000,1.0000,0,1.0000,0,3,3,,
b1_detections_ccorr confirmed,heavy-profile/single-05,greedy_index_order,3,3,3,1.0000,1.0000,0,1.0000,0,3,3,,
b1_detections_ccorr confirmed,heavy-profile/single-06,greedy_index_order,3,3,3,1.0000,1.0000,0,1.0000,0,3,3,,
b1_detections_ccorr confirmed,heavy-profile/single-07,greedy_index_order,3,3,3,1.0000,1.0000,0,1.0000,0,3,3,,
b1_detections_ccorr confirmed,heavy-profile/single-08,greedy_index_order,3,3,3,1.0000,1.0000,0,1.0000,0,3,3,,
b1_detections_ccorr confirmed,heavy-profile/single-09,greedy_index_order,3,3,3,1.0000,1.0000,0,1.0000,0,3,3,,
b1_detections_ccorr confirmed,heavy-profile/single-10,greedy_index_order,3,3,3,1.0000,1.0000,0,1.0000,0,3,3,,
b1_detections_ccorr confirmed,heavy-profile/standing-01,greedy_index_order,3,3,3,1.0000,1.0000,0,1.0000,0,3,3,,
b1_detections_ccorr confirmed,l-profile-reshoot/crossed-01,greedy_index_order,1,2,2,0.5000,1.0000,0,1.0000,0,3,2,,
b1_detections_ccorr confirmed,l-profile-reshoot/overlap-02,greedy_index_order,3,3,3,1.0000,1.0000,0,1.0000,0,3,3,,
b1_detections_ccorr confirmed,l-profile-reshoot/overlap-03,greedy_index_order,4,4,4,1.0000,1.0000,0,1.0000,0,4,4,,
b1_detections_ccorr confirmed,l-profile-reshoot/overlap-04,greedy_index_order,4,4,4,1.0000,1.0000,0,1.0000,0,4,4,,
b1_detections_ccorr confirmed,l-profile-reshoot/overlap-05,greedy_index_order,1,2,3,0.5000,0.5000,0,0.5000,0,2,3,,
b1_detections_ccorr confirmed,l-profile-reshoot/overlap-06,greedy_index_order,1,2,3,0.5000,0.5000,0,0.5000,0,2,3,,
b1_detections_ccorr confirmed,l-profile-reshoot/overlap-07,greedy_index_order,4,4,4,1.0000,1.0000,0,1.0000,0,4,4,,
b1_detections_ccorr confirmed,l-profile-reshoot/overlap-08,greedy_index_order,4,4,4,1.0000,1.0000,0,1.0000,0,4,4,,
b1_detections_ccorr confirmed,l-profile-reshoot/overlap-09,greedy_index_order,4,4,4,1.0000,1.0000,0,1.0000,0,4,4,,
b1_detections_ccorr confirmed,l-profile-reshoot/single-01,greedy_index_order,3,3,3,1.0000,1.0000,0,1.0000,0,4,3,,
b1_detections_ccorr confirmed,l-profile-reshoot/single-02,greedy_index_order,1,1,1,1.0000,1.0000,0,1.0000,0,2,1,,
b1_detections_ccorr confirmed,l-profile-reshoot/single-03,greedy_index_order,3,3,3,1.0000,1.0000,0,1.0000,0,3,3,,
b1_detections_ccorr confirmed,l-profile-reshoot/standing-01,greedy_index_order,4,4,4,1.0000,1.0000,0,1.0000,0,4,6,,
b1_detections_ccorr confirmed,l-profile-reshoot/standing-02,greedy_index_order,1,4,4,0.2500,0.2500,1,0.7500,0,5,7,,
b1_detections_ccorr confirmed,l-profile-reshoot/standing-03,greedy_index_order,4,4,4,1.0000,1.0000,0,1.0000,0,5,7,,
b1_detections_ccorr confirmed,l-profile-reshoot/standing-04,greedy_index_order,2,2,2,1.0000,1.0000,0,1.0000,0,2,3,,
b1_detections_ccorr confirmed,l-profile-reshoot/standing-05,greedy_index_order,8,9,11,0.8889,1.0000,0,1.0000,0,11,10,,
b1_detections_ccorr confirmed,l-profile-reshoot/standing-06,greedy_index_order,10,10,11,1.0000,1.0000,0,1.0000,0,11,11,,
b1_detections_ccorr confirmed,l-profile-reshoot/standing-07,greedy_index_order,5,5,8,1.0000,1.0000,0,1.0000,0,8,9,,
b1_detections_ccorr confirmed,l-profile-reshoot/tilted-01,greedy_index_order,3,3,3,1.0000,1.0000,0,1.0000,0,4,3,,
b1_detections_ccorr confirmed,l-profile-reshoot/tilted-02,greedy_index_order,3,3,3,1.0000,1.0000,0,1.0000,0,4,3,,
b1_detections_ccorr confirmed,l-profile-reshoot/tilted-03,greedy_index_order,3,3,4,1.0000,1.0000,0,1.0000,0,3,4,,
b1_detections_ccorr confirmed,l-profile-reshoot/tilted-04,greedy_index_order,2,3,3,0.6667,1.0000,0,1.0000,0,4,3,,
b1_detections_ccorr confirmed,l-profile-reshoot/tilted-05,greedy_index_order,3,3,3,1.0000,1.0000,0,1.0000,0,3,3,,
b1_detections_ccorr confirmed,l-profile/crossed-01,greedy_index_order,0,4,4,0.0000,0.0000,-1,0.7500,0,4,4,,
b1_detections_ccorr confirmed,l-profile/crossed-02,greedy_index_order,0,4,4,0.0000,0.0000,1,0.7500,0,4,4,,
b1_detections_ccorr confirmed,l-profile/crossed-03,greedy_index_order,0,3,3,0.0000,0.0000,-1,0.6667,0,3,4,,
b1_detections_ccorr confirmed,l-profile/crossed-04,greedy_index_order,2,2,2,1.0000,1.0000,0,1.0000,0,2,2,,
b1_detections_ccorr confirmed,l-profile/crossed-05,greedy_index_order,2,2,2,1.0000,1.0000,0,1.0000,0,2,2,,
b1_detections_ccorr confirmed,l-profile/crossed-06,greedy_index_order,2,2,2,1.0000,1.0000,0,1.0000,0,2,4,,
b1_detections_ccorr confirmed,l-profile/crossed-07,greedy_index_order,0,3,3,0.0000,0.0000,1,1.0000,0,3,3,,
b1_detections_ccorr confirmed,l-profile/crossed-08,greedy_index_order,0,3,3,0.0000,0.0000,1,1.0000,0,3,3,,
b1_detections_ccorr confirmed,l-profile/overlap-01,greedy_index_order,5,5,5,1.0000,1.0000,0,1.0000,0,5,5,,
b1_detections_ccorr confirmed,l-profile/overlap-02,greedy_index_order,2,2,2,1.0000,1.0000,0,1.0000,0,2,2,,
b1_detections_ccorr confirmed,l-profile/overlap-03,greedy_index_order,0,4,4,0.0000,0.0000,1,1.0000,0,4,5,,
b1_detections_ccorr confirmed,l-profile/overlap-04,greedy_index_order,0,3,3,0.0000,0.0000,1,1.0000,0,3,4,,
b1_detections_ccorr confirmed,l-profile/overlap-05,greedy_index_order,3,3,3,1.0000,1.0000,0,1.0000,0,3,4,,
b1_detections_ccorr confirmed,l-profile/overlap-06,greedy_index_order,3,3,3,1.0000,1.0000,0,1.0000,0,3,4,,
b1_detections_ccorr confirmed,l-profile/overlap-07,greedy_index_order,3,3,3,1.0000,1.0000,0,1.0000,0,3,4,,
b1_detections_ccorr confirmed,l-profile/overlap-08,greedy_index_order,3,3,3,1.0000,1.0000,0,1.0000,0,3,4,,
b1_detections_ccorr confirmed,l-profile/overlap-09,greedy_index_order,3,3,3,1.0000,1.0000,0,1.0000,0,3,4,,
b1_detections_ccorr confirmed,l-profile/overlap-10,greedy_index_order,0,3,3,0.0000,0.0000,1,1.0000,0,3,4,,
b1_detections_ccorr confirmed,l-profile/overlap-11,greedy_index_order,3,3,4,1.0000,1.0000,0,1.0000,0,3,3,,
b1_detections_ccorr confirmed,l-profile/overlap-12,greedy_index_order,1,2,3,0.5000,0.5000,0,0.5000,0,2,3,,
b1_detections_ccorr confirmed,l-profile/overlap-13,greedy_index_order,2,2,2,1.0000,1.0000,0,1.0000,0,3,2,,
b1_detections_ccorr confirmed,l-profile/overlap-14,greedy_index_order,3,3,3,1.0000,1.0000,0,1.0000,0,3,3,,
b1_detections_ccorr confirmed,l-profile/single-01,greedy_index_order,3,3,3,1.0000,1.0000,0,1.0000,0,3,3,,
b1_detections_ccorr confirmed,l-profile/single-02,greedy_index_order,3,3,3,1.0000,1.0000,0,1.0000,0,3,3,,
b1_detections_ccorr confirmed,l-profile/single-03,greedy_index_order,3,3,3,1.0000,1.0000,0,1.0000,0,3,3,,
b1_detections_ccorr confirmed,l-profile/single-04,greedy_index_order,0,2,2,0.0000,0.0000,-1,1.0000,0,3,2,,
b1_detections_ccorr confirmed,l-profile/single-05,greedy_index_order,3,3,3,1.0000,1.0000,0,1.0000,0,3,3,,
b1_detections_ccorr confirmed,l-profile/single-06,greedy_index_order,3,3,3,1.0000,1.0000,0,1.0000,0,3,3,,
b1_detections_ccorr confirmed,l-profile/single-07,greedy_index_order,1,1,1,1.0000,1.0000,0,1.0000,0,1,1,,
b1_detections_ccorr confirmed,l-profile/single-08,greedy_index_order,1,1,1,1.0000,1.0000,0,1.0000,0,1,2,,
b1_detections_ccorr confirmed,l-profile/single-09,greedy_index_order,2,2,2,1.0000,1.0000,0,1.0000,0,2,2,,
b1_detections_ccorr confirmed,l-profile/single-10,greedy_index_order,2,2,2,1.0000,1.0000,0,1.0000,0,2,4,,
b1_detections_ccorr confirmed,l-profile/single-11,greedy_index_order,3,3,3,1.0000,1.0000,0,1.0000,0,3,3,,
b1_detections_ccorr confirmed,l-profile/single-12,greedy_index_order,2,2,2,1.0000,1.0000,0,1.0000,0,2,2,,
b1_detections_ccorr confirmed,l-profile/standing-01,greedy_index_order,3,3,3,1.0000,1.0000,0,1.0000,0,3,3,,
b1_detections_ccorr confirmed,l-profile/standing-02,greedy_index_order,4,4,4,1.0000,1.0000,0,1.0000,0,4,4,,
b1_detections_ccorr confirmed,l-profile/standing-03,greedy_index_order,4,4,4,1.0000,1.0000,0,1.0000,0,4,4,,
b1_detections_ccorr confirmed,l-profile/standing-04,greedy_index_order,4,4,4,1.0000,1.0000,0,1.0000,0,4,4,,
b1_detections_ccorr confirmed,l-profile/standing-05,greedy_index_order,3,3,3,1.0000,1.0000,0,1.0000,0,3,3,,
b1_detections_ccorr confirmed,l-profile/tilted-01,greedy_index_order,2,2,2,1.0000,1.0000,0,1.0000,0,2,3,,
b1_detections_ccorr confirmed,square-profile/single-01,greedy_index_order,8,8,8,1.0000,1.0000,0,1.0000,0,10,8,,
b1_detections_ccorr confirmed,square-profile/single-02,greedy_index_order,4,4,4,1.0000,1.0000,0,1.0000,0,4,4,,
b1_detections_ccorr confirmed,square-profile/single-03,greedy_index_order,4,4,4,1.0000,1.0000,0,1.0000,0,4,4,,
b1_detections_ccorr confirmed,square-profile/single-04,greedy_index_order,4,4,4,1.0000,1.0000,0,1.0000,0,4,4,,
b1_detections_ccorr confirmed,square-profile/single-05,greedy_index_order,3,3,3,1.0000,1.0000,0,1.0000,0,4,4,,
b1_detections_ccorr confirmed,square-profile/single-06,greedy_index_order,3,3,3,1.0000,1.0000,0,1.0000,0,4,3,,
b1_detections_ccorr confirmed,square-profile/single-07,greedy_index_order,3,3,3,1.0000,1.0000,0,1.0000,0,4,3,,
b1_detections_ccorr confirmed,square-profile/single-08,greedy_index_order,4,4,4,1.0000,1.0000,0,1.0000,0,4,4,,
b1_detections_ccorr confirmed,square-profile/single-09,greedy_index_order,3,3,3,1.0000,1.0000,0,1.0000,0,3,3,,
b1_detections_ccorr confirmed,square-profile/single-10,greedy_index_order,2,2,2,1.0000,1.0000,0,1.0000,0,2,2,,
b1_detections_ccorr confirmed,square-profile/single-11,greedy_index_order,5,5,5,1.0000,1.0000,0,1.0000,0,8,6,,
b1_detections_ccorr confirmed,square-profile/single-12,greedy_index_order,3,3,3,1.0000,1.0000,0,1.0000,0,3,3,,
b1_detections_ccorr confirmed,square-profile/single-13,greedy_index_order,3,3,3,1.0000,1.0000,0,1.0000,0,3,3,,
b1_detections_ccorr confirmed,square-profile/single-14,greedy_index_order,3,3,3,1.0000,1.0000,0,1.0000,0,3,3,,
b1_detections_ccorr confirmed,square-profile/single-15,greedy_index_order,3,3,3,1.0000,1.0000,0,1.0000,0,3,3,,
b1_detections_ccorr confirmed,square-profile/single-16,greedy_index_order,3,3,3,1.0000,1.0000,0,1.0000,0,3,3,,
b1_detections_ccorr confirmed,square-profile/single-17,greedy_index_order,4,4,4,1.0000,1.0000,0,1.0000,0,4,6,,
b1_detections_ccorr confirmed,square-profile/single-18,greedy_index_order,6,12,22,0.5000,0.5000,0,0.5000,0,21,24,,
b1_detections_ccorr confirmed,square-profile/single-19,greedy_index_order,3,3,3,1.0000,1.0000,0,1.0000,0,3,3,,
b1_detections_ccorr confirmed,square-profile/single-20,greedy_index_order,0,4,4,0.0000,0.0000,1,1.0000,0,5,8,,
b1_detections_ccorr confirmed,square-profile/single-21,greedy_index_order,7,7,7,1.0000,1.0000,0,1.0000,0,8,7,,
b1_detections_ccorr confirmed,square-profile/single-22,greedy_index_order,0,7,7,0.0000,0.0000,1,1.0000,0,8,8,,
b1_detections_ccorr confirmed,square-profile/single-23,greedy_index_order,7,7,7,1.0000,1.0000,0,1.0000,0,7,8,,
b1_detections_ccorr confirmed,square-profile/single-24,greedy_index_order,8,8,8,1.0000,1.0000,0,1.0000,0,8,8,,
b1_detections_ccorr confirmed,square-profile/single-25,greedy_index_order,7,7,7,1.0000,1.0000,0,1.0000,0,8,7,,
b1_detections_ccorr confirmed,square-profile/single-26,greedy_index_order,7,7,7,1.0000,1.0000,0,1.0000,0,7,8,,
b1_detections_ccorr confirmed,square-profile/single-27,greedy_index_order,9,9,9,1.0000,1.0000,0,1.0000,0,9,9,,
b1_detections_ccorr confirmed,square-profile/single-28,greedy_index_order,9,9,9,1.0000,1.0000,0,1.0000,0,9,9,,
b1_detections_ccorr confirmed,square-profile/standing-01,greedy_index_order,4,4,4,1.0000,1.0000,0,1.0000,0,4,4,,
b1_detections_ccorr confirmed,complex-profile/single-01,hungarian,1,1,1,1.0000,1.0000,0,1.0000,0,2,1,4.5453,
b1_detections_ccorr confirmed,complex-profile/single-02,hungarian,1,1,1,1.0000,1.0000,0,1.0000,0,2,2,1.6730,
b1_detections_ccorr confirmed,complex-profile/single-03,hungarian,1,1,2,1.0000,1.0000,0,1.0000,0,1,1,4.7092,
b1_detections_ccorr confirmed,complex-profile/single-04,hungarian,1,1,1,1.0000,1.0000,0,1.0000,0,1,1,4.5223,
b1_detections_ccorr confirmed,heavy-profile/single-01,hungarian,2,2,3,1.0000,1.0000,0,1.0000,0,2,3,0.1825,
b1_detections_ccorr confirmed,heavy-profile/single-02,hungarian,2,2,3,1.0000,1.0000,0,1.0000,0,2,3,0.1810,
b1_detections_ccorr confirmed,heavy-profile/single-03,hungarian,2,2,3,1.0000,1.0000,0,1.0000,0,2,3,0.1675,
b1_detections_ccorr confirmed,heavy-profile/single-04,hungarian,3,3,3,1.0000,1.0000,0,1.0000,0,3,3,0.5674,
b1_detections_ccorr confirmed,heavy-profile/single-05,hungarian,3,3,3,1.0000,1.0000,0,1.0000,0,3,3,1.2110,
b1_detections_ccorr confirmed,heavy-profile/single-06,hungarian,3,3,3,1.0000,1.0000,0,1.0000,0,3,3,0.8281,
b1_detections_ccorr confirmed,heavy-profile/single-07,hungarian,3,3,3,1.0000,1.0000,0,1.0000,0,3,3,0.7755,
b1_detections_ccorr confirmed,heavy-profile/single-08,hungarian,3,3,3,1.0000,1.0000,0,1.0000,0,3,3,0.8242,
b1_detections_ccorr confirmed,heavy-profile/single-09,hungarian,3,3,3,1.0000,1.0000,0,1.0000,0,3,3,0.7831,
b1_detections_ccorr confirmed,heavy-profile/single-10,hungarian,3,3,3,1.0000,1.0000,0,1.0000,0,3,3,1.2002,
b1_detections_ccorr confirmed,heavy-profile/standing-01,hungarian,3,3,3,1.0000,1.0000,0,1.0000,0,3,3,0.5855,
b1_detections_ccorr confirmed,l-profile-reshoot/crossed-01,hungarian,2,2,2,1.0000,1.0000,0,1.0000,0,3,2,-0.4819,
b1_detections_ccorr confirmed,l-profile-reshoot/overlap-02,hungarian,3,3,3,1.0000,1.0000,0,1.0000,0,3,3,1.2410,
b1_detections_ccorr confirmed,l-profile-reshoot/overlap-03,hungarian,4,4,4,1.0000,1.0000,0,1.0000,0,4,4,-3.3782,
b1_detections_ccorr confirmed,l-profile-reshoot/overlap-04,hungarian,4,4,4,1.0000,1.0000,0,1.0000,0,4,4,-0.3763,
b1_detections_ccorr confirmed,l-profile-reshoot/overlap-05,hungarian,2,2,3,1.0000,1.0000,0,1.0000,0,2,3,0.4805,
b1_detections_ccorr confirmed,l-profile-reshoot/overlap-06,hungarian,2,2,3,1.0000,1.0000,0,1.0000,0,2,3,0.4476,
b1_detections_ccorr confirmed,l-profile-reshoot/overlap-07,hungarian,4,4,4,1.0000,1.0000,0,1.0000,0,4,4,0.0211,
b1_detections_ccorr confirmed,l-profile-reshoot/overlap-08,hungarian,4,4,4,1.0000,1.0000,0,1.0000,0,4,4,-0.3733,
b1_detections_ccorr confirmed,l-profile-reshoot/overlap-09,hungarian,4,4,4,1.0000,1.0000,0,1.0000,0,4,4,-3.0179,
b1_detections_ccorr confirmed,l-profile-reshoot/single-01,hungarian,3,3,3,1.0000,1.0000,0,1.0000,0,4,3,1.6293,
b1_detections_ccorr confirmed,l-profile-reshoot/single-02,hungarian,1,1,1,1.0000,1.0000,0,1.0000,0,2,1,5.7470,
b1_detections_ccorr confirmed,l-profile-reshoot/single-03,hungarian,3,3,3,1.0000,1.0000,0,1.0000,0,3,3,1.7658,
b1_detections_ccorr confirmed,l-profile-reshoot/standing-01,hungarian,1,4,4,0.2500,0.2500,3,0.2500,0,4,6,-2.1512,
b1_detections_ccorr confirmed,l-profile-reshoot/standing-02,hungarian,1,4,4,0.2500,0.2500,4,0.2500,0,5,7,-0.1358,
b1_detections_ccorr confirmed,l-profile-reshoot/standing-03,hungarian,0,4,4,0.0000,0.0000,4,0.2500,0,5,7,-0.1551,
b1_detections_ccorr confirmed,l-profile-reshoot/standing-04,hungarian,2,2,2,1.0000,1.0000,0,1.0000,0,2,3,0.1687,
b1_detections_ccorr confirmed,l-profile-reshoot/standing-05,hungarian,4,9,11,0.4444,0.5000,0,0.5000,0,11,10,-3.2398,
b1_detections_ccorr confirmed,l-profile-reshoot/standing-06,hungarian,6,10,11,0.6000,0.6667,0,0.6667,0,11,11,-3.2947,
b1_detections_ccorr confirmed,l-profile-reshoot/standing-07,hungarian,5,5,8,1.0000,1.0000,0,1.0000,0,8,9,-0.2467,
b1_detections_ccorr confirmed,l-profile-reshoot/tilted-01,hungarian,3,3,3,1.0000,1.0000,0,1.0000,0,4,3,1.7016,
b1_detections_ccorr confirmed,l-profile-reshoot/tilted-02,hungarian,3,3,3,1.0000,1.0000,0,1.0000,0,4,3,1.6944,
b1_detections_ccorr confirmed,l-profile-reshoot/tilted-03,hungarian,2,3,4,0.6667,0.6667,0,0.6667,0,3,4,0.2068,
b1_detections_ccorr confirmed,l-profile-reshoot/tilted-04,hungarian,3,3,3,1.0000,1.0000,0,1.0000,0,4,3,1.6487,
b1_detections_ccorr confirmed,l-profile-reshoot/tilted-05,hungarian,3,3,3,1.0000,1.0000,0,1.0000,0,3,3,1.8290,
b1_detections_ccorr confirmed,l-profile/crossed-01,hungarian,0,4,4,0.0000,0.0000,-1,0.7500,0,4,4,-1.2427,
b1_detections_ccorr confirmed,l-profile/crossed-02,hungarian,4,4,4,1.0000,1.0000,0,1.0000,0,4,4,-0.8589,
b1_detections_ccorr confirmed,l-profile/crossed-03,hungarian,0,3,3,0.0000,0.0000,-1,0.6667,0,3,4,0.1657,
b1_detections_ccorr confirmed,l-profile/crossed-04,hungarian,2,2,2,1.0000,1.0000,0,1.0000,0,2,2,-0.5289,
b1_detections_ccorr confirmed,l-profile/crossed-05,hungarian,2,2,2,1.0000,1.0000,0,1.0000,0,2,2,-0.8192,
b1_detections_ccorr confirmed,l-profile/crossed-06,hungarian,2,2,2,1.0000,1.0000,0,1.0000,0,2,4,-0.0858,
b1_detections_ccorr confirmed,l-profile/crossed-07,hungarian,0,3,3,0.0000,0.0000,1,1.0000,0,3,3,-0.9664,
b1_detections_ccorr confirmed,l-profile/crossed-08,hungarian,0,3,3,0.0000,0.0000,1,1.0000,0,3,3,-0.9444,
b1_detections_ccorr confirmed,l-profile/overlap-01,hungarian,5,5,5,1.0000,1.0000,0,1.0000,0,5,5,-0.0871,
b1_detections_ccorr confirmed,l-profile/overlap-02,hungarian,0,2,2,0.0000,0.0000,-1,0.5000,0,2,2,-1.7225,
b1_detections_ccorr confirmed,l-profile/overlap-03,hungarian,2,4,4,0.5000,0.5000,0,0.5000,0,4,5,-1.0048,
b1_detections_ccorr confirmed,l-profile/overlap-04,hungarian,2,3,3,0.6667,0.6667,0,0.6667,0,3,4,-0.1890,
b1_detections_ccorr confirmed,l-profile/overlap-05,hungarian,0,3,3,0.0000,0.0000,-1,0.3333,0,3,4,-2.2201,
b1_detections_ccorr confirmed,l-profile/overlap-06,hungarian,0,3,3,0.0000,0.0000,-1,0.3333,0,3,4,-2.2258,
b1_detections_ccorr confirmed,l-profile/overlap-07,hungarian,1,3,3,0.3333,0.3333,-1,0.6667,0,3,4,-2.2380,
b1_detections_ccorr confirmed,l-profile/overlap-08,hungarian,1,3,3,0.3333,0.3333,-1,0.6667,0,3,4,-2.2235,
b1_detections_ccorr confirmed,l-profile/overlap-09,hungarian,0,3,3,0.0000,0.0000,-1,0.3333,0,3,4,-2.2228,
b1_detections_ccorr confirmed,l-profile/overlap-10,hungarian,2,3,3,0.6667,0.6667,0,0.6667,0,3,4,-0.9657,
b1_detections_ccorr confirmed,l-profile/overlap-11,hungarian,3,3,4,1.0000,1.0000,0,1.0000,0,3,3,-1.4836,
b1_detections_ccorr confirmed,l-profile/overlap-12,hungarian,1,2,3,0.5000,0.5000,0,0.5000,0,2,3,-0.0191,
b1_detections_ccorr confirmed,l-profile/overlap-13,hungarian,1,2,2,0.5000,1.0000,0,1.0000,0,3,2,1.2938,
b1_detections_ccorr confirmed,l-profile/overlap-14,hungarian,3,3,3,1.0000,1.0000,0,1.0000,0,3,3,-1.0271,
b1_detections_ccorr confirmed,l-profile/single-01,hungarian,0,3,3,0.0000,0.0000,-1,0.6667,0,3,3,-0.9597,
b1_detections_ccorr confirmed,l-profile/single-02,hungarian,0,3,3,0.0000,0.0000,-1,0.6667,0,3,3,-0.9574,
b1_detections_ccorr confirmed,l-profile/single-03,hungarian,0,3,3,0.0000,0.0000,-1,0.6667,0,3,3,-0.9558,
b1_detections_ccorr confirmed,l-profile/single-04,hungarian,0,2,2,0.0000,0.0000,-1,1.0000,0,3,2,1.9751,
b1_detections_ccorr confirmed,l-profile/single-05,hungarian,0,3,3,0.0000,0.0000,-1,0.6667,0,3,3,-0.9567,
b1_detections_ccorr confirmed,l-profile/single-06,hungarian,0,3,3,0.0000,0.0000,-1,0.6667,0,3,3,-1.7948,
b1_detections_ccorr confirmed,l-profile/single-07,hungarian,1,1,1,1.0000,1.0000,0,1.0000,0,1,1,4.7686,
b1_detections_ccorr confirmed,l-profile/single-08,hungarian,1,1,1,1.0000,1.0000,0,1.0000,0,1,2,2.5994,
b1_detections_ccorr confirmed,l-profile/single-09,hungarian,2,2,2,1.0000,1.0000,0,1.0000,0,2,2,0.7486,
b1_detections_ccorr confirmed,l-profile/single-10,hungarian,2,2,2,1.0000,1.0000,0,1.0000,0,2,4,-0.1189,
b1_detections_ccorr confirmed,l-profile/single-11,hungarian,3,3,3,1.0000,1.0000,0,1.0000,0,3,3,-0.9855,
b1_detections_ccorr confirmed,l-profile/single-12,hungarian,0,2,2,0.0000,0.0000,-1,0.5000,0,2,2,-1.0579,
b1_detections_ccorr confirmed,l-profile/standing-01,hungarian,3,3,3,1.0000,1.0000,0,1.0000,0,3,3,-1.5767,
b1_detections_ccorr confirmed,l-profile/standing-02,hungarian,4,4,4,1.0000,1.0000,0,1.0000,0,4,4,-0.4519,
b1_detections_ccorr confirmed,l-profile/standing-03,hungarian,4,4,4,1.0000,1.0000,0,1.0000,0,4,4,-0.3119,
b1_detections_ccorr confirmed,l-profile/standing-04,hungarian,2,4,4,0.5000,0.5000,0,0.5000,0,4,4,-0.3137,
b1_detections_ccorr confirmed,l-profile/standing-05,hungarian,3,3,3,1.0000,1.0000,0,1.0000,0,3,3,2.0176,
b1_detections_ccorr confirmed,l-profile/tilted-01,hungarian,0,2,2,0.0000,0.0000,1,0.5000,0,2,3,0.4811,
b1_detections_ccorr confirmed,square-profile/single-01,hungarian,2,8,8,0.2500,0.3333,2,0.5000,0,10,8,-0.8892,
b1_detections_ccorr confirmed,square-profile/single-02,hungarian,4,4,4,1.0000,1.0000,0,1.0000,0,4,4,-0.6865,
b1_detections_ccorr confirmed,square-profile/single-03,hungarian,4,4,4,1.0000,1.0000,0,1.0000,0,4,4,-0.7036,
b1_detections_ccorr confirmed,square-profile/single-04,hungarian,4,4,4,1.0000,1.0000,0,1.0000,0,4,4,-0.6824,
b1_detections_ccorr confirmed,square-profile/single-05,hungarian,1,3,3,0.3333,0.3333,0,0.3333,0,4,4,-3.1328,
b1_detections_ccorr confirmed,square-profile/single-06,hungarian,3,3,3,1.0000,1.0000,0,1.0000,0,4,3,0.7711,
b1_detections_ccorr confirmed,square-profile/single-07,hungarian,3,3,3,1.0000,1.0000,0,1.0000,0,4,3,0.3110,
b1_detections_ccorr confirmed,square-profile/single-08,hungarian,4,4,4,1.0000,1.0000,0,1.0000,0,4,4,0.0548,
b1_detections_ccorr confirmed,square-profile/single-09,hungarian,3,3,3,1.0000,1.0000,0,1.0000,0,3,3,0.3116,
b1_detections_ccorr confirmed,square-profile/single-10,hungarian,2,2,2,1.0000,1.0000,0,1.0000,0,2,2,0.4520,
b1_detections_ccorr confirmed,square-profile/single-11,hungarian,1,5,5,0.2000,0.2500,1,0.7500,0,8,6,-0.0263,
b1_detections_ccorr confirmed,square-profile/single-12,hungarian,3,3,3,1.0000,1.0000,0,1.0000,0,3,3,0.6461,
b1_detections_ccorr confirmed,square-profile/single-13,hungarian,3,3,3,1.0000,1.0000,0,1.0000,0,3,3,0.0477,
b1_detections_ccorr confirmed,square-profile/single-14,hungarian,3,3,3,1.0000,1.0000,0,1.0000,0,3,3,-0.6280,
b1_detections_ccorr confirmed,square-profile/single-15,hungarian,3,3,3,1.0000,1.0000,0,1.0000,0,3,3,-0.1862,
b1_detections_ccorr confirmed,square-profile/single-16,hungarian,3,3,3,1.0000,1.0000,0,1.0000,0,3,3,-0.1877,
b1_detections_ccorr confirmed,square-profile/single-17,hungarian,2,4,4,0.5000,0.5000,0,0.5000,0,4,6,-0.4745,
b1_detections_ccorr confirmed,square-profile/single-18,hungarian,5,12,22,0.4167,0.4167,0,0.4167,0,21,24,-1.0482,
b1_detections_ccorr confirmed,square-profile/single-19,hungarian,3,3,3,1.0000,1.0000,0,1.0000,0,3,3,0.1748,
b1_detections_ccorr confirmed,square-profile/single-20,hungarian,0,4,4,0.0000,0.0000,-2,0.7500,0,5,8,-0.4186,
b1_detections_ccorr confirmed,square-profile/single-21,hungarian,0,7,7,0.0000,0.0000,1,1.0000,0,8,7,-0.1137,
b1_detections_ccorr confirmed,square-profile/single-22,hungarian,7,7,7,1.0000,1.0000,0,1.0000,0,8,8,-2.9545,
b1_detections_ccorr confirmed,square-profile/single-23,hungarian,3,7,7,0.4286,0.4286,0,0.4286,0,7,8,-1.3695,
b1_detections_ccorr confirmed,square-profile/single-24,hungarian,8,8,8,1.0000,1.0000,0,1.0000,0,8,8,-0.2193,
b1_detections_ccorr confirmed,square-profile/single-25,hungarian,7,7,7,1.0000,1.0000,0,1.0000,0,8,7,-2.4235,
b1_detections_ccorr confirmed,square-profile/single-26,hungarian,5,7,7,0.7143,0.8333,0,0.8333,0,7,8,0.5929,
b1_detections_ccorr confirmed,square-profile/single-27,hungarian,8,9,9,0.8889,1.0000,0,1.0000,0,9,9,-0.1949,
b1_detections_ccorr confirmed,square-profile/single-28,hungarian,8,9,9,0.8889,1.0000,0,1.0000,0,9,9,0.1435,
b1_detections_ccorr confirmed,square-profile/standing-01,hungarian,4,4,4,1.0000,1.0000,0,1.0000,0,4,4,0.2891,
b1_detections_ccorr confirmed,complex-profile/single-01,hungarian_aligned,0,1,1,0.0000,0.0000,,0.0000,0,2,1,7.5000,-162.374
b1_detections_ccorr confirmed,complex-profile/single-02,hungarian_aligned,1,1,1,1.0000,1.0000,0,1.0000,0,2,2,3.3050,44.539
b1_detections_ccorr confirmed,complex-profile/single-03,hungarian_aligned,1,1,2,1.0000,1.0000,0,1.0000,0,1,1,7.5000,57.444
b1_detections_ccorr confirmed,complex-profile/single-04,hungarian_aligned,1,1,1,1.0000,1.0000,0,1.0000,0,1,1,7.5000,66.356
b1_detections_ccorr confirmed,heavy-profile/single-01,hungarian_aligned,2,2,3,1.0000,1.0000,0,1.0000,0,2,3,2.3157,-51.341
b1_detections_ccorr confirmed,heavy-profile/single-02,hungarian_aligned,2,2,3,1.0000,1.0000,0,1.0000,0,2,3,2.3002,-50.981
b1_detections_ccorr confirmed,heavy-profile/single-03,hungarian_aligned,2,2,3,1.0000,1.0000,0,1.0000,0,2,3,2.3018,-51.443
b1_detections_ccorr confirmed,heavy-profile/single-04,hungarian_aligned,3,3,3,1.0000,1.0000,0,1.0000,0,3,3,2.1828,-37.020
b1_detections_ccorr confirmed,heavy-profile/single-05,hungarian_aligned,3,3,3,1.0000,1.0000,0,1.0000,0,3,3,2.0483,-21.678
b1_detections_ccorr confirmed,heavy-profile/single-06,hungarian_aligned,3,3,3,1.0000,1.0000,0,1.0000,0,3,3,2.0606,-29.012
b1_detections_ccorr confirmed,heavy-profile/single-07,hungarian_aligned,3,3,3,1.0000,1.0000,0,1.0000,0,3,3,2.0633,-29.670
b1_detections_ccorr confirmed,heavy-profile/single-08,hungarian_aligned,3,3,3,1.0000,1.0000,0,1.0000,0,3,3,2.0649,-29.867
b1_detections_ccorr confirmed,heavy-profile/single-09,hungarian_aligned,3,3,3,1.0000,1.0000,0,1.0000,0,3,3,2.0248,-31.573
b1_detections_ccorr confirmed,heavy-profile/single-10,hungarian_aligned,3,3,3,1.0000,1.0000,0,1.0000,0,3,3,2.0510,-21.389
b1_detections_ccorr confirmed,heavy-profile/standing-01,hungarian_aligned,3,3,3,1.0000,1.0000,0,1.0000,0,3,3,2.1615,-36.217
b1_detections_ccorr confirmed,l-profile-reshoot/crossed-01,hungarian_aligned,1,2,2,0.5000,1.0000,0,1.0000,0,3,2,0.5725,-37.360
b1_detections_ccorr confirmed,l-profile-reshoot/overlap-02,hungarian_aligned,3,3,3,1.0000,1.0000,0,1.0000,0,3,3,2.7821,36.835
b1_detections_ccorr confirmed,l-profile-reshoot/overlap-03,hungarian_aligned,4,4,4,1.0000,1.0000,0,1.0000,0,4,4,-1.7895,38.826
b1_detections_ccorr confirmed,l-profile-reshoot/overlap-04,hungarian_aligned,4,4,4,1.0000,1.0000,0,1.0000,0,4,4,0.2950,20.519
b1_detections_ccorr confirmed,l-profile-reshoot/overlap-05,hungarian_aligned,2,2,3,1.0000,1.0000,0,1.0000,0,2,3,0.5895,-5.360
b1_detections_ccorr confirmed,l-profile-reshoot/overlap-06,hungarian_aligned,2,2,3,1.0000,1.0000,0,1.0000,0,2,3,0.7432,-6.667
b1_detections_ccorr confirmed,l-profile-reshoot/overlap-07,hungarian_aligned,4,4,4,1.0000,1.0000,0,1.0000,0,4,4,0.6936,16.220
b1_detections_ccorr confirmed,l-profile-reshoot/overlap-08,hungarian_aligned,4,4,4,1.0000,1.0000,0,1.0000,0,4,4,-0.6314,5.806
b1_detections_ccorr confirmed,l-profile-reshoot/overlap-09,hungarian_aligned,4,4,4,1.0000,1.0000,0,1.0000,0,4,4,-2.5238,11.167
b1_detections_ccorr confirmed,l-profile-reshoot/single-01,hungarian_aligned,3,3,3,1.0000,1.0000,0,1.0000,0,4,3,3.2023,36.186
b1_detections_ccorr confirmed,l-profile-reshoot/single-02,hungarian_aligned,0,1,1,0.0000,0.0000,,0.0000,0,2,1,7.5000,-158.431
b1_detections_ccorr confirmed,l-profile-reshoot/single-03,hungarian_aligned,3,3,3,1.0000,1.0000,0,1.0000,0,3,3,4.2675,55.498
b1_detections_ccorr confirmed,l-profile-reshoot/standing-01,hungarian_aligned,4,4,4,1.0000,1.0000,0,1.0000,0,4,6,-0.8905,-148.256
b1_detections_ccorr confirmed,l-profile-reshoot/standing-02,hungarian_aligned,4,4,4,1.0000,1.0000,0,1.0000,0,5,7,-0.0226,-133.554
b1_detections_ccorr confirmed,l-profile-reshoot/standing-03,hungarian_aligned,4,4,4,1.0000,1.0000,0,1.0000,0,5,7,-0.0400,-129.494
b1_detections_ccorr confirmed,l-profile-reshoot/standing-04,hungarian_aligned,2,2,2,1.0000,1.0000,0,1.0000,0,2,3,0.1600,23.398
b1_detections_ccorr confirmed,l-profile-reshoot/standing-05,hungarian_aligned,4,9,11,0.4444,0.5000,0,0.5000,0,11,10,-3.1166,-2.759
b1_detections_ccorr confirmed,l-profile-reshoot/standing-06,hungarian_aligned,6,10,11,0.6000,0.6667,0,0.6667,0,11,11,-3.1965,-2.183
b1_detections_ccorr confirmed,l-profile-reshoot/standing-07,hungarian_aligned,5,5,8,1.0000,1.0000,0,1.0000,0,8,9,-0.2525,-4.990
b1_detections_ccorr confirmed,l-profile-reshoot/tilted-01,hungarian_aligned,3,3,3,1.0000,1.0000,0,1.0000,0,4,3,3.1773,36.849
b1_detections_ccorr confirmed,l-profile-reshoot/tilted-02,hungarian_aligned,3,3,3,1.0000,1.0000,0,1.0000,0,4,3,3.2002,36.641
b1_detections_ccorr confirmed,l-profile-reshoot/tilted-03,hungarian_aligned,1,3,4,0.3333,0.3333,-1,0.3333,0,3,4,0.4222,30.170
b1_detections_ccorr confirmed,l-profile-reshoot/tilted-04,hungarian_aligned,3,3,3,1.0000,1.0000,0,1.0000,0,4,3,4.2597,55.255
b1_detections_ccorr confirmed,l-profile-reshoot/tilted-05,hungarian_aligned,3,3,3,1.0000,1.0000,0,1.0000,0,3,3,4.3429,52.672
b1_detections_ccorr confirmed,l-profile/crossed-01,hungarian_aligned,0,4,4,0.0000,0.0000,-1,0.7500,0,4,4,-1.0433,11.313
b1_detections_ccorr confirmed,l-profile/crossed-02,hungarian_aligned,4,4,4,1.0000,1.0000,0,1.0000,0,4,4,-2.9794,-54.450
b1_detections_ccorr confirmed,l-profile/crossed-03,hungarian_aligned,0,3,3,0.0000,0.0000,-2,0.6667,0,3,4,-1.0926,30.740
b1_detections_ccorr confirmed,l-profile/crossed-04,hungarian_aligned,2,2,2,1.0000,1.0000,0,1.0000,0,2,2,1.8802,54.218
b1_detections_ccorr confirmed,l-profile/crossed-05,hungarian_aligned,2,2,2,1.0000,1.0000,0,1.0000,0,2,2,1.4609,51.395
b1_detections_ccorr confirmed,l-profile/crossed-06,hungarian_aligned,2,2,2,1.0000,1.0000,0,1.0000,0,2,4,1.4780,-35.177
b1_detections_ccorr confirmed,l-profile/crossed-07,hungarian_aligned,2,3,3,0.6667,1.0000,0,1.0000,0,3,3,2.2564,73.337
b1_detections_ccorr confirmed,l-profile/crossed-08,hungarian_aligned,2,3,3,0.6667,1.0000,0,1.0000,0,3,3,2.2586,73.220
b1_detections_ccorr confirmed,l-profile/overlap-01,hungarian_aligned,5,5,5,1.0000,1.0000,0,1.0000,0,5,5,-0.0994,-19.043
b1_detections_ccorr confirmed,l-profile/overlap-02,hungarian_aligned,2,2,2,1.0000,1.0000,0,1.0000,0,2,2,1.1016,-78.962
b1_detections_ccorr confirmed,l-profile/overlap-03,hungarian_aligned,2,4,4,0.5000,0.5000,0,0.5000,0,4,5,-0.1081,-48.636
b1_detections_ccorr confirmed,l-profile/overlap-04,hungarian_aligned,2,3,3,0.6667,0.6667,0,0.6667,0,3,4,1.1281,-29.641
b1_detections_ccorr confirmed,l-profile/overlap-05,hungarian_aligned,3,3,3,1.0000,1.0000,0,1.0000,0,3,4,-1.7108,-103.015
b1_detections_ccorr confirmed,l-profile/overlap-06,hungarian_aligned,3,3,3,1.0000,1.0000,0,1.0000,0,3,4,-1.7217,-102.908
b1_detections_ccorr confirmed,l-profile/overlap-07,hungarian_aligned,3,3,3,1.0000,1.0000,0,1.0000,0,3,4,-1.7805,-103.016
b1_detections_ccorr confirmed,l-profile/overlap-08,hungarian_aligned,3,3,3,1.0000,1.0000,0,1.0000,0,3,4,-1.7103,-102.581
b1_detections_ccorr confirmed,l-profile/overlap-09,hungarian_aligned,3,3,3,1.0000,1.0000,0,1.0000,0,3,4,-1.7246,-102.988
b1_detections_ccorr confirmed,l-profile/overlap-10,hungarian_aligned,2,3,3,0.6667,0.6667,0,0.6667,0,3,4,0.4940,-32.838
b1_detections_ccorr confirmed,l-profile/overlap-11,hungarian_aligned,3,3,4,1.0000,1.0000,0,1.0000,0,3,3,-1.7558,-8.629
b1_detections_ccorr confirmed,l-profile/overlap-12,hungarian_aligned,1,2,3,0.5000,0.5000,0,0.5000,0,2,3,1.0112,-50.953
b1_detections_ccorr confirmed,l-profile/overlap-13,hungarian_aligned,1,2,2,0.5000,1.0000,0,1.0000,0,3,2,3.0627,-39.819
b1_detections_ccorr confirmed,l-profile/overlap-14,hungarian_aligned,1,3,3,0.3333,0.3333,-1,0.3333,0,3,3,-3.3929,-37.003
b1_detections_ccorr confirmed,l-profile/single-01,hungarian_aligned,3,3,3,1.0000,1.0000,0,1.0000,0,3,3,1.6675,-91.813
b1_detections_ccorr confirmed,l-profile/single-02,hungarian_aligned,3,3,3,1.0000,1.0000,0,1.0000,0,3,3,1.6744,-91.914
b1_detections_ccorr confirmed,l-profile/single-03,hungarian_aligned,3,3,3,1.0000,1.0000,0,1.0000,0,3,3,1.6799,-91.987
b1_detections_ccorr confirmed,l-profile/single-04,hungarian_aligned,0,2,2,0.0000,0.0000,-1,1.0000,0,3,2,2.4972,11.867
b1_detections_ccorr confirmed,l-profile/single-05,hungarian_aligned,0,3,3,0.0000,0.0000,-1,0.6667,0,3,3,-2.1595,13.379
b1_detections_ccorr confirmed,l-profile/single-06,hungarian_aligned,3,3,3,1.0000,1.0000,0,1.0000,0,3,3,-0.0042,-100.485
b1_detections_ccorr confirmed,l-profile/single-07,hungarian_aligned,1,1,1,1.0000,1.0000,0,1.0000,0,1,1,7.5000,-55.410
b1_detections_ccorr confirmed,l-profile/single-08,hungarian_aligned,0,1,1,0.0000,0.0000,-1,1.0000,0,1,2,3.9739,196.823
b1_detections_ccorr confirmed,l-profile/single-09,hungarian_aligned,2,2,2,1.0000,1.0000,0,1.0000,0,2,2,1.3763,-14.152
b1_detections_ccorr confirmed,l-profile/single-10,hungarian_aligned,2,2,2,1.0000,1.0000,0,1.0000,0,2,4,1.4859,-36.113
b1_detections_ccorr confirmed,l-profile/single-11,hungarian_aligned,1,3,3,0.3333,0.3333,-1,0.3333,0,3,3,-3.3434,-38.707
b1_detections_ccorr confirmed,l-profile/single-12,hungarian_aligned,2,2,2,1.0000,1.0000,0,1.0000,0,2,2,1.4738,-83.159
b1_detections_ccorr confirmed,l-profile/standing-01,hungarian_aligned,3,3,3,1.0000,1.0000,0,1.0000,0,3,3,1.2407,-79.306
b1_detections_ccorr confirmed,l-profile/standing-02,hungarian_aligned,4,4,4,1.0000,1.0000,0,1.0000,0,4,4,1.4877,-45.119
b1_detections_ccorr confirmed,l-profile/standing-03,hungarian_aligned,4,4,4,1.0000,1.0000,0,1.0000,0,4,4,-0.3126,1.763
b1_detections_ccorr confirmed,l-profile/standing-04,hungarian_aligned,2,4,4,0.5000,0.5000,0,0.5000,0,4,4,0.2815,19.492
b1_detections_ccorr confirmed,l-profile/standing-05,hungarian_aligned,3,3,3,1.0000,1.0000,0,1.0000,0,3,3,2.3176,13.757
b1_detections_ccorr confirmed,l-profile/tilted-01,hungarian_aligned,2,2,2,1.0000,1.0000,0,1.0000,0,2,3,0.1880,-73.982
b1_detections_ccorr confirmed,square-profile/single-01,hungarian_aligned,8,8,8,1.0000,1.0000,0,1.0000,0,10,8,-0.6411,64.296
b1_detections_ccorr confirmed,square-profile/single-02,hungarian_aligned,0,4,4,0.0000,0.0000,1,0.7500,0,4,4,-3.4758,-42.176
b1_detections_ccorr confirmed,square-profile/single-03,hungarian_aligned,4,4,4,1.0000,1.0000,0,1.0000,0,4,4,0.0447,18.566
b1_detections_ccorr confirmed,square-profile/single-04,hungarian_aligned,4,4,4,1.0000,1.0000,0,1.0000,0,4,4,0.0453,18.131
b1_detections_ccorr confirmed,square-profile/single-05,hungarian_aligned,3,3,3,1.0000,1.0000,0,1.0000,0,4,4,-3.9726,-19.299
b1_detections_ccorr confirmed,square-profile/single-06,hungarian_aligned,3,3,3,1.0000,1.0000,0,1.0000,0,4,3,0.7285,-1.133
b1_detections_ccorr confirmed,square-profile/single-07,hungarian_aligned,3,3,3,1.0000,1.0000,0,1.0000,0,4,3,0.2860,-17.900
b1_detections_ccorr confirmed,square-profile/single-08,hungarian_aligned,4,4,4,1.0000,1.0000,0,1.0000,0,4,4,-0.1206,13.142
b1_detections_ccorr confirmed,square-profile/single-09,hungarian_aligned,3,3,3,1.0000,1.0000,0,1.0000,0,3,3,0.6930,8.596
b1_detections_ccorr confirmed,square-profile/single-10,hungarian_aligned,2,2,2,1.0000,1.0000,0,1.0000,0,2,2,0.8408,8.988
b1_detections_ccorr confirmed,square-profile/single-11,hungarian_aligned,5,5,5,1.0000,1.0000,0,1.0000,0,8,6,-0.0305,63.095
b1_detections_ccorr confirmed,square-profile/single-12,hungarian_aligned,0,3,3,0.0000,0.0000,1,0.6667,0,3,3,-3.0365,-74.170
b1_detections_ccorr confirmed,square-profile/single-13,hungarian_aligned,3,3,3,1.0000,1.0000,0,1.0000,0,3,3,-0.3020,7.896
b1_detections_ccorr confirmed,square-profile/single-14,hungarian_aligned,0,3,3,0.0000,0.0000,-1,0.6667,0,3,3,-3.0250,111.415
b1_detections_ccorr confirmed,square-profile/single-15,hungarian_aligned,0,3,3,0.0000,0.0000,-1,0.6667,0,3,3,-3.4406,92.641
b1_detections_ccorr confirmed,square-profile/single-16,hungarian_aligned,0,3,3,0.0000,0.0000,-1,0.6667,0,3,3,-4.3361,88.408
b1_detections_ccorr confirmed,square-profile/single-17,hungarian_aligned,0,4,4,0.0000,0.0000,-1,1.0000,0,4,6,0.0933,32.978
b1_detections_ccorr confirmed,square-profile/single-18,hungarian_aligned,4,12,22,0.3333,0.3636,0,0.3636,0,21,24,-1.5442,-50.038
b1_detections_ccorr confirmed,square-profile/single-19,hungarian_aligned,3,3,3,1.0000,1.0000,0,1.0000,0,3,3,0.8110,-17.088
b1_detections_ccorr confirmed,square-profile/single-20,hungarian_aligned,0,4,4,0.0000,0.0000,-1,1.0000,0,5,8,0.1439,-17.680
b1_detections_ccorr confirmed,square-profile/single-21,hungarian_aligned,7,7,7,1.0000,1.0000,0,1.0000,0,8,7,-0.7120,33.261
b1_detections_ccorr confirmed,square-profile/single-22,hungarian_aligned,7,7,7,1.0000,1.0000,0,1.0000,0,8,8,-2.2993,-14.865
b1_detections_ccorr confirmed,square-profile/single-23,hungarian_aligned,7,7,7,1.0000,1.0000,0,1.0000,0,7,8,-1.5630,7.962
b1_detections_ccorr confirmed,square-profile/single-24,hungarian_aligned,8,8,8,1.0000,1.0000,0,1.0000,0,8,8,0.1063,7.723
b1_detections_ccorr confirmed,square-profile/single-25,hungarian_aligned,7,7,7,1.0000,1.0000,0,1.0000,0,8,7,-2.3740,6.952
b1_detections_ccorr confirmed,square-profile/single-26,hungarian_aligned,6,7,7,0.8571,0.8571,0,0.8571,0,7,8,-1.6256,-6.698
b1_detections_ccorr confirmed,square-profile/single-27,hungarian_aligned,8,9,9,0.8889,1.0000,0,1.0000,0,9,9,-0.0153,9.341
b1_detections_ccorr confirmed,square-profile/single-28,hungarian_aligned,8,9,9,0.8889,1.0000,0,1.0000,0,9,9,0.1431,8.207
b1_detections_ccorr confirmed,square-profile/standing-01,hungarian_aligned,4,4,4,1.0000,1.0000,0,1.0000,0,4,4,0.7737,10.902
b1_detections_ccorr confirmed,complex-profile/single-01,monotone_aligned,0,1,1,0.0000,0.0000,,0.0000,0,2,1,,-162.374
b1_detections_ccorr confirmed,complex-profile/single-02,monotone_aligned,1,1,1,1.0000,1.0000,0,1.0000,0,2,2,,44.539
b1_detections_ccorr confirmed,complex-profile/single-03,monotone_aligned,1,1,2,1.0000,1.0000,0,1.0000,0,1,1,,57.444
b1_detections_ccorr confirmed,complex-profile/single-04,monotone_aligned,1,1,1,1.0000,1.0000,0,1.0000,0,1,1,,66.356
b1_detections_ccorr confirmed,heavy-profile/single-01,monotone_aligned,2,2,3,1.0000,1.0000,0,1.0000,0,2,3,,-51.341
b1_detections_ccorr confirmed,heavy-profile/single-02,monotone_aligned,2,2,3,1.0000,1.0000,0,1.0000,0,2,3,,-50.981
b1_detections_ccorr confirmed,heavy-profile/single-03,monotone_aligned,2,2,3,1.0000,1.0000,0,1.0000,0,2,3,,-51.443
b1_detections_ccorr confirmed,heavy-profile/single-04,monotone_aligned,3,3,3,1.0000,1.0000,0,1.0000,0,3,3,,-37.020
b1_detections_ccorr confirmed,heavy-profile/single-05,monotone_aligned,3,3,3,1.0000,1.0000,0,1.0000,0,3,3,,-21.678
b1_detections_ccorr confirmed,heavy-profile/single-06,monotone_aligned,3,3,3,1.0000,1.0000,0,1.0000,0,3,3,,-29.012
b1_detections_ccorr confirmed,heavy-profile/single-07,monotone_aligned,3,3,3,1.0000,1.0000,0,1.0000,0,3,3,,-29.670
b1_detections_ccorr confirmed,heavy-profile/single-08,monotone_aligned,3,3,3,1.0000,1.0000,0,1.0000,0,3,3,,-29.867
b1_detections_ccorr confirmed,heavy-profile/single-09,monotone_aligned,3,3,3,1.0000,1.0000,0,1.0000,0,3,3,,-31.573
b1_detections_ccorr confirmed,heavy-profile/single-10,monotone_aligned,3,3,3,1.0000,1.0000,0,1.0000,0,3,3,,-21.389
b1_detections_ccorr confirmed,heavy-profile/standing-01,monotone_aligned,3,3,3,1.0000,1.0000,0,1.0000,0,3,3,,-36.217
b1_detections_ccorr confirmed,l-profile-reshoot/crossed-01,monotone_aligned,1,2,2,0.5000,1.0000,0,1.0000,0,3,2,,-37.360
b1_detections_ccorr confirmed,l-profile-reshoot/overlap-02,monotone_aligned,3,3,3,1.0000,1.0000,0,1.0000,0,3,3,,36.835
b1_detections_ccorr confirmed,l-profile-reshoot/overlap-03,monotone_aligned,4,4,4,1.0000,1.0000,0,1.0000,0,4,4,,38.826
b1_detections_ccorr confirmed,l-profile-reshoot/overlap-04,monotone_aligned,4,4,4,1.0000,1.0000,0,1.0000,0,4,4,,20.519
b1_detections_ccorr confirmed,l-profile-reshoot/overlap-05,monotone_aligned,2,2,3,1.0000,1.0000,0,1.0000,0,2,3,,-5.360
b1_detections_ccorr confirmed,l-profile-reshoot/overlap-06,monotone_aligned,2,2,3,1.0000,1.0000,0,1.0000,0,2,3,,-6.667
b1_detections_ccorr confirmed,l-profile-reshoot/overlap-07,monotone_aligned,4,4,4,1.0000,1.0000,0,1.0000,0,4,4,,16.220
b1_detections_ccorr confirmed,l-profile-reshoot/overlap-08,monotone_aligned,4,4,4,1.0000,1.0000,0,1.0000,0,4,4,,5.806
b1_detections_ccorr confirmed,l-profile-reshoot/overlap-09,monotone_aligned,4,4,4,1.0000,1.0000,0,1.0000,0,4,4,,11.167
b1_detections_ccorr confirmed,l-profile-reshoot/single-01,monotone_aligned,3,3,3,1.0000,1.0000,0,1.0000,0,4,3,,36.186
b1_detections_ccorr confirmed,l-profile-reshoot/single-02,monotone_aligned,0,1,1,0.0000,0.0000,,0.0000,0,2,1,,-158.431
b1_detections_ccorr confirmed,l-profile-reshoot/single-03,monotone_aligned,2,3,3,0.6667,1.0000,0,1.0000,0,3,3,,50.444
b1_detections_ccorr confirmed,l-profile-reshoot/standing-01,monotone_aligned,4,4,4,1.0000,1.0000,0,1.0000,0,4,6,,-148.256
b1_detections_ccorr confirmed,l-profile-reshoot/standing-02,monotone_aligned,4,4,4,1.0000,1.0000,0,1.0000,0,5,7,,-133.554
b1_detections_ccorr confirmed,l-profile-reshoot/standing-03,monotone_aligned,4,4,4,1.0000,1.0000,0,1.0000,0,5,7,,-129.494
b1_detections_ccorr confirmed,l-profile-reshoot/standing-04,monotone_aligned,2,2,2,1.0000,1.0000,0,1.0000,0,2,3,,23.398
b1_detections_ccorr confirmed,l-profile-reshoot/standing-05,monotone_aligned,8,9,11,0.8889,1.0000,0,1.0000,0,11,10,,-2.620
b1_detections_ccorr confirmed,l-profile-reshoot/standing-06,monotone_aligned,9,10,11,0.9000,1.0000,0,1.0000,0,11,11,,-2.122
b1_detections_ccorr confirmed,l-profile-reshoot/standing-07,monotone_aligned,5,5,8,1.0000,1.0000,0,1.0000,0,8,9,,-4.990
b1_detections_ccorr confirmed,l-profile-reshoot/tilted-01,monotone_aligned,3,3,3,1.0000,1.0000,0,1.0000,0,4,3,,36.849
b1_detections_ccorr confirmed,l-profile-reshoot/tilted-02,monotone_aligned,3,3,3,1.0000,1.0000,0,1.0000,0,4,3,,36.641
b1_detections_ccorr confirmed,l-profile-reshoot/tilted-03,monotone_aligned,3,3,4,1.0000,1.0000,0,1.0000,0,3,4,,-16.650
b1_detections_ccorr confirmed,l-profile-reshoot/tilted-04,monotone_aligned,3,3,3,1.0000,1.0000,0,1.0000,0,4,3,,55.255
b1_detections_ccorr confirmed,l-profile-reshoot/tilted-05,monotone_aligned,3,3,3,1.0000,1.0000,0,1.0000,0,3,3,,52.672
b1_detections_ccorr confirmed,l-profile/crossed-01,monotone_aligned,0,4,4,0.0000,0.0000,-1,0.7500,0,4,4,,11.313
b1_detections_ccorr confirmed,l-profile/crossed-02,monotone_aligned,3,4,4,0.7500,1.0000,0,1.0000,0,4,4,,-54.245
b1_detections_ccorr confirmed,l-profile/crossed-03,monotone_aligned,0,3,3,0.0000,0.0000,-2,0.6667,0,3,4,,30.740
b1_detections_ccorr confirmed,l-profile/crossed-04,monotone_aligned,2,2,2,1.0000,1.0000,0,1.0000,0,2,2,,54.218
b1_detections_ccorr confirmed,l-profile/crossed-05,monotone_aligned,2,2,2,1.0000,1.0000,0,1.0000,0,2,2,,51.395
b1_detections_ccorr confirmed,l-profile/crossed-06,monotone_aligned,2,2,2,1.0000,1.0000,0,1.0000,0,2,4,,-35.177
b1_detections_ccorr confirmed,l-profile/crossed-07,monotone_aligned,2,3,3,0.6667,1.0000,0,1.0000,0,3,3,,73.337
b1_detections_ccorr confirmed,l-profile/crossed-08,monotone_aligned,2,3,3,0.6667,1.0000,0,1.0000,0,3,3,,73.220
b1_detections_ccorr confirmed,l-profile/overlap-01,monotone_aligned,5,5,5,1.0000,1.0000,0,1.0000,0,5,5,,-19.043
b1_detections_ccorr confirmed,l-profile/overlap-02,monotone_aligned,2,2,2,1.0000,1.0000,0,1.0000,0,2,2,,-78.962
b1_detections_ccorr confirmed,l-profile/overlap-03,monotone_aligned,2,4,4,0.5000,0.5000,0,0.5000,0,4,5,,-48.636
b1_detections_ccorr confirmed,l-profile/overlap-04,monotone_aligned,2,3,3,0.6667,0.6667,0,0.6667,0,3,4,,-29.641
b1_detections_ccorr confirmed,l-profile/overlap-05,monotone_aligned,3,3,3,1.0000,1.0000,0,1.0000,0,3,4,,-103.015
b1_detections_ccorr confirmed,l-profile/overlap-06,monotone_aligned,3,3,3,1.0000,1.0000,0,1.0000,0,3,4,,-102.908
b1_detections_ccorr confirmed,l-profile/overlap-07,monotone_aligned,3,3,3,1.0000,1.0000,0,1.0000,0,3,4,,-103.016
b1_detections_ccorr confirmed,l-profile/overlap-08,monotone_aligned,3,3,3,1.0000,1.0000,0,1.0000,0,3,4,,-102.581
b1_detections_ccorr confirmed,l-profile/overlap-09,monotone_aligned,3,3,3,1.0000,1.0000,0,1.0000,0,3,4,,-102.988
b1_detections_ccorr confirmed,l-profile/overlap-10,monotone_aligned,2,3,3,0.6667,0.6667,0,0.6667,0,3,4,,-32.838
b1_detections_ccorr confirmed,l-profile/overlap-11,monotone_aligned,3,3,4,1.0000,1.0000,0,1.0000,0,3,3,,-8.629
b1_detections_ccorr confirmed,l-profile/overlap-12,monotone_aligned,1,2,3,0.5000,0.5000,0,0.5000,0,2,3,,-50.953
b1_detections_ccorr confirmed,l-profile/overlap-13,monotone_aligned,1,2,2,0.5000,1.0000,0,1.0000,0,3,2,,-39.819
b1_detections_ccorr confirmed,l-profile/overlap-14,monotone_aligned,3,3,3,1.0000,1.0000,0,1.0000,0,3,3,,57.686
b1_detections_ccorr confirmed,l-profile/single-01,monotone_aligned,3,3,3,1.0000,1.0000,0,1.0000,0,3,3,,-91.813
b1_detections_ccorr confirmed,l-profile/single-02,monotone_aligned,3,3,3,1.0000,1.0000,0,1.0000,0,3,3,,-91.914
b1_detections_ccorr confirmed,l-profile/single-03,monotone_aligned,3,3,3,1.0000,1.0000,0,1.0000,0,3,3,,-91.987
b1_detections_ccorr confirmed,l-profile/single-04,monotone_aligned,0,2,2,0.0000,0.0000,-1,1.0000,0,3,2,,11.867
b1_detections_ccorr confirmed,l-profile/single-05,monotone_aligned,3,3,3,1.0000,1.0000,0,1.0000,0,3,3,,-91.943
b1_detections_ccorr confirmed,l-profile/single-06,monotone_aligned,3,3,3,1.0000,1.0000,0,1.0000,0,3,3,,-100.485
b1_detections_ccorr confirmed,l-profile/single-07,monotone_aligned,1,1,1,1.0000,1.0000,0,1.0000,0,1,1,,-55.410
b1_detections_ccorr confirmed,l-profile/single-08,monotone_aligned,0,1,1,0.0000,0.0000,-1,1.0000,0,1,2,,196.823
b1_detections_ccorr confirmed,l-profile/single-09,monotone_aligned,2,2,2,1.0000,1.0000,0,1.0000,0,2,2,,-14.152
b1_detections_ccorr confirmed,l-profile/single-10,monotone_aligned,2,2,2,1.0000,1.0000,0,1.0000,0,2,4,,-36.113
b1_detections_ccorr confirmed,l-profile/single-11,monotone_aligned,3,3,3,1.0000,1.0000,0,1.0000,0,3,3,,53.353
b1_detections_ccorr confirmed,l-profile/single-12,monotone_aligned,2,2,2,1.0000,1.0000,0,1.0000,0,2,2,,-83.159
b1_detections_ccorr confirmed,l-profile/standing-01,monotone_aligned,3,3,3,1.0000,1.0000,0,1.0000,0,3,3,,-79.306
b1_detections_ccorr confirmed,l-profile/standing-02,monotone_aligned,4,4,4,1.0000,1.0000,0,1.0000,0,4,4,,-45.119
b1_detections_ccorr confirmed,l-profile/standing-03,monotone_aligned,4,4,4,1.0000,1.0000,0,1.0000,0,4,4,,-32.751
b1_detections_ccorr confirmed,l-profile/standing-04,monotone_aligned,4,4,4,1.0000,1.0000,0,1.0000,0,4,4,,12.832
b1_detections_ccorr confirmed,l-profile/standing-05,monotone_aligned,3,3,3,1.0000,1.0000,0,1.0000,0,3,3,,13.757
b1_detections_ccorr confirmed,l-profile/tilted-01,monotone_aligned,2,2,2,1.0000,1.0000,0,1.0000,0,2,3,,-73.982
b1_detections_ccorr confirmed,square-profile/single-01,monotone_aligned,2,8,8,0.2500,0.2857,1,0.5714,0,10,8,,23.567
b1_detections_ccorr confirmed,square-profile/single-02,monotone_aligned,4,4,4,1.0000,1.0000,0,1.0000,0,4,4,,22.570
b1_detections_ccorr confirmed,square-profile/single-03,monotone_aligned,4,4,4,1.0000,1.0000,0,1.0000,0,4,4,,18.566
b1_detections_ccorr confirmed,square-profile/single-04,monotone_aligned,4,4,4,1.0000,1.0000,0,1.0000,0,4,4,,18.131
b1_detections_ccorr confirmed,square-profile/single-05,monotone_aligned,3,3,3,1.0000,1.0000,0,1.0000,0,4,4,,0.992
b1_detections_ccorr confirmed,square-profile/single-06,monotone_aligned,3,3,3,1.0000,1.0000,0,1.0000,0,4,3,,-1.133
b1_detections_ccorr confirmed,square-profile/single-07,monotone_aligned,3,3,3,1.0000,1.0000,0,1.0000,0,4,3,,-17.900
b1_detections_ccorr confirmed,square-profile/single-08,monotone_aligned,4,4,4,1.0000,1.0000,0,1.0000,0,4,4,,13.142
b1_detections_ccorr confirmed,square-profile/single-09,monotone_aligned,3,3,3,1.0000,1.0000,0,1.0000,0,3,3,,8.596
b1_detections_ccorr confirmed,square-profile/single-10,monotone_aligned,2,2,2,1.0000,1.0000,0,1.0000,0,2,2,,8.988
b1_detections_ccorr confirmed,square-profile/single-11,monotone_aligned,5,5,5,1.0000,1.0000,0,1.0000,0,8,6,,63.095
b1_detections_ccorr confirmed,square-profile/single-12,monotone_aligned,3,3,3,1.0000,1.0000,0,1.0000,0,3,3,,7.700
b1_detections_ccorr confirmed,square-profile/single-13,monotone_aligned,3,3,3,1.0000,1.0000,0,1.0000,0,3,3,,7.896
b1_detections_ccorr confirmed,square-profile/single-14,monotone_aligned,3,3,3,1.0000,1.0000,0,1.0000,0,3,3,,45.048
b1_detections_ccorr confirmed,square-profile/single-15,monotone_aligned,3,3,3,1.0000,1.0000,0,1.0000,0,3,3,,24.063
b1_detections_ccorr confirmed,square-profile/single-16,monotone_aligned,3,3,3,1.0000,1.0000,0,1.0000,0,3,3,,23.952
b1_detections_ccorr confirmed,square-profile/single-17,monotone_aligned,0,4,4,0.0000,0.0000,-1,1.0000,0,4,6,,32.978
b1_detections_ccorr confirmed,square-profile/single-18,monotone_aligned,4,12,22,0.3333,0.4444,0,0.4444,0,21,24,,-11.695
b1_detections_ccorr confirmed,square-profile/single-19,monotone_aligned,3,3,3,1.0000,1.0000,0,1.0000,0,3,3,,-17.088
b1_detections_ccorr confirmed,square-profile/single-20,monotone_aligned,0,4,4,0.0000,0.0000,-1,1.0000,0,5,8,,-17.680
b1_detections_ccorr confirmed,square-profile/single-21,monotone_aligned,7,7,7,1.0000,1.0000,0,1.0000,0,8,7,,33.261
b1_detections_ccorr confirmed,square-profile/single-22,monotone_aligned,6,7,7,0.8571,1.0000,0,1.0000,0,8,8,,-14.511
b1_detections_ccorr confirmed,square-profile/single-23,monotone_aligned,7,7,7,1.0000,1.0000,0,1.0000,0,7,8,,7.962
b1_detections_ccorr confirmed,square-profile/single-24,monotone_aligned,8,8,8,1.0000,1.0000,0,1.0000,0,8,8,,7.723
b1_detections_ccorr confirmed,square-profile/single-25,monotone_aligned,7,7,7,1.0000,1.0000,0,1.0000,0,8,7,,6.952
b1_detections_ccorr confirmed,square-profile/single-26,monotone_aligned,6,7,7,0.8571,0.8571,0,0.8571,0,7,8,,-6.698
b1_detections_ccorr confirmed,square-profile/single-27,monotone_aligned,7,9,9,0.7778,1.0000,0,1.0000,0,9,9,,8.608
b1_detections_ccorr confirmed,square-profile/single-28,monotone_aligned,7,9,9,0.7778,1.0000,0,1.0000,0,9,9,,6.911
b1_detections_ccorr confirmed,square-profile/standing-01,monotone_aligned,4,4,4,1.0000,1.0000,0,1.0000,0,4,4,,10.902
b1_detections_ccorr confirmed,complex-profile/single-01,hybrid_aligned,0,1,1,0.0000,0.0000,,0.0000,0,2,1,,
b1_detections_ccorr confirmed,complex-profile/single-02,hybrid_aligned,1,1,1,1.0000,1.0000,0,1.0000,1,2,2,,
b1_detections_ccorr confirmed,complex-profile/single-03,hybrid_aligned,1,1,2,1.0000,1.0000,0,1.0000,0,1,1,,
b1_detections_ccorr confirmed,complex-profile/single-04,hybrid_aligned,1,1,1,1.0000,1.0000,0,1.0000,0,1,1,,
b1_detections_ccorr confirmed,heavy-profile/single-01,hybrid_aligned,2,2,3,1.0000,1.0000,0,1.0000,0,2,3,,
b1_detections_ccorr confirmed,heavy-profile/single-02,hybrid_aligned,2,2,3,1.0000,1.0000,0,1.0000,0,2,3,,
b1_detections_ccorr confirmed,heavy-profile/single-03,hybrid_aligned,2,2,3,1.0000,1.0000,0,1.0000,0,2,3,,
b1_detections_ccorr confirmed,heavy-profile/single-04,hybrid_aligned,3,3,3,1.0000,1.0000,0,1.0000,0,3,3,,
b1_detections_ccorr confirmed,heavy-profile/single-05,hybrid_aligned,3,3,3,1.0000,1.0000,0,1.0000,0,3,3,,
b1_detections_ccorr confirmed,heavy-profile/single-06,hybrid_aligned,3,3,3,1.0000,1.0000,0,1.0000,0,3,3,,
b1_detections_ccorr confirmed,heavy-profile/single-07,hybrid_aligned,3,3,3,1.0000,1.0000,0,1.0000,0,3,3,,
b1_detections_ccorr confirmed,heavy-profile/single-08,hybrid_aligned,3,3,3,1.0000,1.0000,0,1.0000,0,3,3,,
b1_detections_ccorr confirmed,heavy-profile/single-09,hybrid_aligned,3,3,3,1.0000,1.0000,0,1.0000,0,3,3,,
b1_detections_ccorr confirmed,heavy-profile/single-10,hybrid_aligned,3,3,3,1.0000,1.0000,0,1.0000,0,3,3,,
b1_detections_ccorr confirmed,heavy-profile/standing-01,hybrid_aligned,3,3,3,1.0000,1.0000,0,1.0000,0,3,3,,
b1_detections_ccorr confirmed,l-profile-reshoot/crossed-01,hybrid_aligned,1,2,2,0.5000,1.0000,0,1.0000,1,3,2,,
b1_detections_ccorr confirmed,l-profile-reshoot/overlap-02,hybrid_aligned,3,3,3,1.0000,1.0000,0,1.0000,0,3,3,,
b1_detections_ccorr confirmed,l-profile-reshoot/overlap-03,hybrid_aligned,4,4,4,1.0000,1.0000,0,1.0000,0,4,4,,
b1_detections_ccorr confirmed,l-profile-reshoot/overlap-04,hybrid_aligned,4,4,4,1.0000,1.0000,0,1.0000,0,4,4,,
b1_detections_ccorr confirmed,l-profile-reshoot/overlap-05,hybrid_aligned,2,2,3,1.0000,1.0000,0,1.0000,0,2,3,,
b1_detections_ccorr confirmed,l-profile-reshoot/overlap-06,hybrid_aligned,2,2,3,1.0000,1.0000,0,1.0000,0,2,3,,
b1_detections_ccorr confirmed,l-profile-reshoot/overlap-07,hybrid_aligned,4,4,4,1.0000,1.0000,0,1.0000,0,4,4,,
b1_detections_ccorr confirmed,l-profile-reshoot/overlap-08,hybrid_aligned,4,4,4,1.0000,1.0000,0,1.0000,0,4,4,,
b1_detections_ccorr confirmed,l-profile-reshoot/overlap-09,hybrid_aligned,4,4,4,1.0000,1.0000,0,1.0000,0,4,4,,
b1_detections_ccorr confirmed,l-profile-reshoot/single-01,hybrid_aligned,3,3,3,1.0000,1.0000,0,1.0000,0,4,3,,
b1_detections_ccorr confirmed,l-profile-reshoot/single-02,hybrid_aligned,0,1,1,0.0000,0.0000,,0.0000,0,2,1,,
b1_detections_ccorr confirmed,l-profile-reshoot/single-03,hybrid_aligned,3,3,3,1.0000,1.0000,0,1.0000,0,3,3,,
b1_detections_ccorr confirmed,l-profile-reshoot/standing-01,hybrid_aligned,4,4,4,1.0000,1.0000,0,1.0000,0,4,6,,
b1_detections_ccorr confirmed,l-profile-reshoot/standing-02,hybrid_aligned,4,4,4,1.0000,1.0000,0,1.0000,0,5,7,,
b1_detections_ccorr confirmed,l-profile-reshoot/standing-03,hybrid_aligned,4,4,4,1.0000,1.0000,0,1.0000,0,5,7,,
b1_detections_ccorr confirmed,l-profile-reshoot/standing-04,hybrid_aligned,2,2,2,1.0000,1.0000,0,1.0000,0,2,3,,
b1_detections_ccorr confirmed,l-profile-reshoot/standing-05,hybrid_aligned,8,9,11,0.8889,1.0000,0,1.0000,0,11,10,,
b1_detections_ccorr confirmed,l-profile-reshoot/standing-06,hybrid_aligned,9,10,11,0.9000,1.0000,0,1.0000,0,11,11,,
b1_detections_ccorr confirmed,l-profile-reshoot/standing-07,hybrid_aligned,5,5,8,1.0000,1.0000,0,1.0000,0,8,9,,
b1_detections_ccorr confirmed,l-profile-reshoot/tilted-01,hybrid_aligned,3,3,3,1.0000,1.0000,0,1.0000,0,4,3,,
b1_detections_ccorr confirmed,l-profile-reshoot/tilted-02,hybrid_aligned,3,3,3,1.0000,1.0000,0,1.0000,0,4,3,,
b1_detections_ccorr confirmed,l-profile-reshoot/tilted-03,hybrid_aligned,3,3,4,1.0000,1.0000,0,1.0000,0,3,4,,
b1_detections_ccorr confirmed,l-profile-reshoot/tilted-04,hybrid_aligned,3,3,3,1.0000,1.0000,0,1.0000,0,4,3,,
b1_detections_ccorr confirmed,l-profile-reshoot/tilted-05,hybrid_aligned,3,3,3,1.0000,1.0000,0,1.0000,0,3,3,,
b1_detections_ccorr confirmed,l-profile/crossed-01,hybrid_aligned,4,4,4,1.0000,1.0000,0,1.0000,1,4,4,,
b1_detections_ccorr confirmed,l-profile/crossed-02,hybrid_aligned,4,4,4,1.0000,1.0000,0,1.0000,1,4,4,,
b1_detections_ccorr confirmed,l-profile/crossed-03,hybrid_aligned,1,3,3,0.3333,0.3333,-1,0.6667,1,3,4,,
b1_detections_ccorr confirmed,l-profile/crossed-04,hybrid_aligned,2,2,2,1.0000,1.0000,0,1.0000,0,2,2,,
b1_detections_ccorr confirmed,l-profile/crossed-05,hybrid_aligned,2,2,2,1.0000,1.0000,0,1.0000,0,2,2,,
b1_detections_ccorr confirmed,l-profile/crossed-06,hybrid_aligned,2,2,2,1.0000,1.0000,0,1.0000,0,2,4,,
b1_detections_ccorr confirmed,l-profile/crossed-07,hybrid_aligned,3,3,3,1.0000,1.0000,0,1.0000,1,3,3,,
b1_detections_ccorr confirmed,l-profile/crossed-08,hybrid_aligned,3,3,3,1.0000,1.0000,0,1.0000,1,3,3,,
b1_detections_ccorr confirmed,l-profile/overlap-01,hybrid_aligned,5,5,5,1.0000,1.0000,0,1.0000,0,5,5,,
b1_detections_ccorr confirmed,l-profile/overlap-02,hybrid_aligned,2,2,2,1.0000,1.0000,0,1.0000,0,2,2,,
b1_detections_ccorr confirmed,l-profile/overlap-03,hybrid_aligned,2,4,4,0.5000,0.5000,0,0.5000,0,4,5,,
b1_detections_ccorr confirmed,l-profile/overlap-04,hybrid_aligned,2,3,3,0.6667,0.6667,0,0.6667,0,3,4,,
b1_detections_ccorr confirmed,l-profile/overlap-05,hybrid_aligned,3,3,3,1.0000,1.0000,0,1.0000,0,3,4,,
b1_detections_ccorr confirmed,l-profile/overlap-06,hybrid_aligned,3,3,3,1.0000,1.0000,0,1.0000,0,3,4,,
b1_detections_ccorr confirmed,l-profile/overlap-07,hybrid_aligned,3,3,3,1.0000,1.0000,0,1.0000,0,3,4,,
b1_detections_ccorr confirmed,l-profile/overlap-08,hybrid_aligned,3,3,3,1.0000,1.0000,0,1.0000,0,3,4,,
b1_detections_ccorr confirmed,l-profile/overlap-09,hybrid_aligned,3,3,3,1.0000,1.0000,0,1.0000,0,3,4,,
b1_detections_ccorr confirmed,l-profile/overlap-10,hybrid_aligned,2,3,3,0.6667,0.6667,0,0.6667,0,3,4,,
b1_detections_ccorr confirmed,l-profile/overlap-11,hybrid_aligned,3,3,4,1.0000,1.0000,0,1.0000,0,3,3,,
b1_detections_ccorr confirmed,l-profile/overlap-12,hybrid_aligned,1,2,3,0.5000,0.5000,0,0.5000,0,2,3,,
b1_detections_ccorr confirmed,l-profile/overlap-13,hybrid_aligned,1,2,2,0.5000,1.0000,0,1.0000,0,3,2,,
b1_detections_ccorr confirmed,l-profile/overlap-14,hybrid_aligned,3,3,3,1.0000,1.0000,0,1.0000,0,3,3,,
b1_detections_ccorr confirmed,l-profile/single-01,hybrid_aligned,3,3,3,1.0000,1.0000,0,1.0000,0,3,3,,
b1_detections_ccorr confirmed,l-profile/single-02,hybrid_aligned,3,3,3,1.0000,1.0000,0,1.0000,0,3,3,,
b1_detections_ccorr confirmed,l-profile/single-03,hybrid_aligned,3,3,3,1.0000,1.0000,0,1.0000,0,3,3,,
b1_detections_ccorr confirmed,l-profile/single-04,hybrid_aligned,0,2,2,0.0000,0.0000,-1,1.0000,0,3,2,,
b1_detections_ccorr confirmed,l-profile/single-05,hybrid_aligned,3,3,3,1.0000,1.0000,0,1.0000,0,3,3,,
b1_detections_ccorr confirmed,l-profile/single-06,hybrid_aligned,3,3,3,1.0000,1.0000,0,1.0000,0,3,3,,
b1_detections_ccorr confirmed,l-profile/single-07,hybrid_aligned,1,1,1,1.0000,1.0000,0,1.0000,0,1,1,,
b1_detections_ccorr confirmed,l-profile/single-08,hybrid_aligned,0,1,1,0.0000,0.0000,-1,1.0000,0,1,2,,
b1_detections_ccorr confirmed,l-profile/single-09,hybrid_aligned,2,2,2,1.0000,1.0000,0,1.0000,0,2,2,,
b1_detections_ccorr confirmed,l-profile/single-10,hybrid_aligned,2,2,2,1.0000,1.0000,0,1.0000,0,2,4,,
b1_detections_ccorr confirmed,l-profile/single-11,hybrid_aligned,3,3,3,1.0000,1.0000,0,1.0000,0,3,3,,
b1_detections_ccorr confirmed,l-profile/single-12,hybrid_aligned,2,2,2,1.0000,1.0000,0,1.0000,0,2,2,,
b1_detections_ccorr confirmed,l-profile/standing-01,hybrid_aligned,3,3,3,1.0000,1.0000,0,1.0000,0,3,3,,
b1_detections_ccorr confirmed,l-profile/standing-02,hybrid_aligned,4,4,4,1.0000,1.0000,0,1.0000,0,4,4,,
b1_detections_ccorr confirmed,l-profile/standing-03,hybrid_aligned,4,4,4,1.0000,1.0000,0,1.0000,0,4,4,,
b1_detections_ccorr confirmed,l-profile/standing-04,hybrid_aligned,4,4,4,1.0000,1.0000,0,1.0000,0,4,4,,
b1_detections_ccorr confirmed,l-profile/standing-05,hybrid_aligned,3,3,3,1.0000,1.0000,0,1.0000,0,3,3,,
b1_detections_ccorr confirmed,l-profile/tilted-01,hybrid_aligned,2,2,2,1.0000,1.0000,0,1.0000,0,2,3,,
b1_detections_ccorr confirmed,square-profile/single-01,hybrid_aligned,8,8,8,1.0000,1.0000,0,1.0000,0,10,8,,
b1_detections_ccorr confirmed,square-profile/single-02,hybrid_aligned,4,4,4,1.0000,1.0000,0,1.0000,0,4,4,,
b1_detections_ccorr confirmed,square-profile/single-03,hybrid_aligned,4,4,4,1.0000,1.0000,0,1.0000,0,4,4,,
b1_detections_ccorr confirmed,square-profile/single-04,hybrid_aligned,4,4,4,1.0000,1.0000,0,1.0000,0,4,4,,
b1_detections_ccorr confirmed,square-profile/single-05,hybrid_aligned,3,3,3,1.0000,1.0000,0,1.0000,0,4,4,,
b1_detections_ccorr confirmed,square-profile/single-06,hybrid_aligned,3,3,3,1.0000,1.0000,0,1.0000,0,4,3,,
b1_detections_ccorr confirmed,square-profile/single-07,hybrid_aligned,3,3,3,1.0000,1.0000,0,1.0000,0,4,3,,
b1_detections_ccorr confirmed,square-profile/single-08,hybrid_aligned,4,4,4,1.0000,1.0000,0,1.0000,0,4,4,,
b1_detections_ccorr confirmed,square-profile/single-09,hybrid_aligned,3,3,3,1.0000,1.0000,0,1.0000,0,3,3,,
b1_detections_ccorr confirmed,square-profile/single-10,hybrid_aligned,2,2,2,1.0000,1.0000,0,1.0000,0,2,2,,
b1_detections_ccorr confirmed,square-profile/single-11,hybrid_aligned,5,5,5,1.0000,1.0000,0,1.0000,0,8,6,,
b1_detections_ccorr confirmed,square-profile/single-12,hybrid_aligned,3,3,3,1.0000,1.0000,0,1.0000,0,3,3,,
b1_detections_ccorr confirmed,square-profile/single-13,hybrid_aligned,3,3,3,1.0000,1.0000,0,1.0000,0,3,3,,
b1_detections_ccorr confirmed,square-profile/single-14,hybrid_aligned,3,3,3,1.0000,1.0000,0,1.0000,0,3,3,,
b1_detections_ccorr confirmed,square-profile/single-15,hybrid_aligned,3,3,3,1.0000,1.0000,0,1.0000,0,3,3,,
b1_detections_ccorr confirmed,square-profile/single-16,hybrid_aligned,3,3,3,1.0000,1.0000,0,1.0000,0,3,3,,
b1_detections_ccorr confirmed,square-profile/single-17,hybrid_aligned,0,4,4,0.0000,0.0000,-1,1.0000,1,4,6,,
b1_detections_ccorr confirmed,square-profile/single-18,hybrid_aligned,5,12,22,0.4167,0.4545,0,0.4545,1,21,24,,
b1_detections_ccorr confirmed,square-profile/single-19,hybrid_aligned,3,3,3,1.0000,1.0000,0,1.0000,0,3,3,,
b1_detections_ccorr confirmed,square-profile/single-20,hybrid_aligned,0,4,4,0.0000,0.0000,-1,1.0000,0,5,8,,
b1_detections_ccorr confirmed,square-profile/single-21,hybrid_aligned,7,7,7,1.0000,1.0000,0,1.0000,0,8,7,,
b1_detections_ccorr confirmed,square-profile/single-22,hybrid_aligned,7,7,7,1.0000,1.0000,0,1.0000,1,8,8,,
b1_detections_ccorr confirmed,square-profile/single-23,hybrid_aligned,7,7,7,1.0000,1.0000,0,1.0000,0,7,8,,
b1_detections_ccorr confirmed,square-profile/single-24,hybrid_aligned,8,8,8,1.0000,1.0000,0,1.0000,0,8,8,,
b1_detections_ccorr confirmed,square-profile/single-25,hybrid_aligned,7,7,7,1.0000,1.0000,0,1.0000,0,8,7,,
b1_detections_ccorr confirmed,square-profile/single-26,hybrid_aligned,6,7,7,0.8571,0.8571,0,0.8571,0,7,8,,
b1_detections_ccorr confirmed,square-profile/single-27,hybrid_aligned,8,9,9,0.8889,1.0000,0,1.0000,1,9,9,,
b1_detections_ccorr confirmed,square-profile/single-28,hybrid_aligned,8,9,9,0.8889,1.0000,0,1.0000,1,9,9,,
b1_detections_ccorr confirmed,square-profile/standing-01,hybrid_aligned,4,4,4,1.0000,1.0000,0,1.0000,0,4,4,,
