scene_id,family,n_claims,cost_true,cost_best_wrong,gap,kind_of_best_wrong,shift_of_best_wrong,margin_shift1,n_searched
complex-profile/single-03,complex-profile,2,0.6670955721514199,7.5,6.83290442784858,shift -1,-1,6.83290442784858,1
heavy-profile/single-01,heavy-profile,3,0.8064532964753274,7.872866475975134,7.066413179499807,shift +1,1,7.066413179499807,3
heavy-profile/single-02,heavy-profile,3,0.7903380644003319,7.890866075433554,7.100528011033221,shift +1,1,7.100528011033221,3
heavy-profile/single-03,heavy-profile,3,0.7951159981622324,7.876713936906763,7.081597938744531,shift +1,1,7.081597938744531,3
heavy-profile/single-04,heavy-profile,3,2.2568848869385785,43.67718841532091,41.420303528382334,shift -1,-1,41.420303528382334,1
heavy-profile/single-05,heavy-profile,3,2.673701357673245,8.785407641887184,6.111706284213939,shift -1,-1,6.111706284213939,3
heavy-profile/single-06,heavy-profile,3,0.23116562613267336,7.609810858193904,7.37864523206123,shift +1,1,7.37864523206123,3
heavy-profile/single-07,heavy-profile,3,0.22601051209257633,7.628688857867587,7.402678345775011,shift +1,1,7.402678345775011,3
heavy-profile/single-08,heavy-profile,3,0.13233335169959007,7.548639031586272,7.4163056798866815,shift +1,1,7.4163056798866815,3
heavy-profile/single-09,heavy-profile,3,0.14392012377156588,7.530663921158702,7.386743797387136,shift +1,1,7.386743797387136,3
heavy-profile/single-10,heavy-profile,3,1.3836114909529345,8.799804258501004,7.416192767548069,shift -1,-1,7.416192767548069,3
heavy-profile/standing-01,heavy-profile,3,2.2475754910769474,43.67134797106337,41.423772479986425,shift -1,-1,41.423772479986425,1
l-profile-reshoot/crossed-01,l-profile-reshoot,2,2.8616262442831317,3.1583898999878945,0.2967636557047628,other,,4.638373755716868,1
l-profile-reshoot/overlap-02,l-profile-reshoot,3,0.15432152471746674,8.781738643506207,8.62741711878874,shift -1,-1,8.62741711878874,1
l-profile-reshoot/overlap-03,l-profile-reshoot,4,1.002535722575564,8.298173425496667,7.295637702921104,shift -1,-1,7.295637702921104,2
l-profile-reshoot/overlap-04,l-profile-reshoot,4,0.5851667107002453,9.616815232487042,9.031648521786797,shift +1,1,9.031648521786797,5
l-profile-reshoot/overlap-05,l-profile-reshoot,3,2.6762954289557643,9.283313851498853,6.607018422543089,shift +1,1,6.607018422543089,1
l-profile-reshoot/overlap-06,l-profile-reshoot,3,0.19508444372060751,9.156635584537511,8.961551140816903,shift -1,-1,8.961551140816903,1
l-profile-reshoot/overlap-07,l-profile-reshoot,4,3.0536615247436236,9.391357017088175,6.337695492344552,other,,7.258107314049135,4
l-profile-reshoot/overlap-08,l-profile-reshoot,4,2.377344383915126,9.021278569493875,6.643934185578749,shift +1,1,6.643934185578749,3
l-profile-reshoot/overlap-09,l-profile-reshoot,4,2.112451449713513,8.7658719904807,6.653420540767188,shift +1,1,6.653420540767188,2
l-profile-reshoot/single-01,l-profile-reshoot,3,0.1401843815535031,14.633644282086083,14.49345990053258,other,,14.859815618446497,2
l-profile-reshoot/single-03,l-profile-reshoot,3,2.60056532240065,7.733682255230784,5.133116932830134,subset of truth,,12.39943467759935,3
l-profile-reshoot/standing-01,l-profile-reshoot,4,1.4637561167748023,54.22870451189155,52.76494839511675,shift -2,-2,82.99902124862017,1
l-profile-reshoot/standing-02,l-profile-reshoot,4,5.165707255294322,64.33584526460692,59.170138009312595,shift -2,-2,75.55659770186917,1
l-profile-reshoot/standing-03,l-profile-reshoot,4,4.836313506079252,64.24264742476589,59.40633391868664,shift -2,-2,75.7698478274369,1
l-profile-reshoot/standing-04,l-profile-reshoot,2,2.019949025483403,23.5,21.480050974516598,shift -1,-1,21.480050974516598,1
l-profile-reshoot/standing-05,l-profile-reshoot,11,3.2070865681639997,9.356259351305852,6.149172783141852,shift +1,1,6.149172783141852,8
l-profile-reshoot/standing-06,l-profile-reshoot,11,2.414183153282714,8.5776826073925,6.163499454109786,shift +1,1,6.163499454109786,8
l-profile-reshoot/standing-07,l-profile-reshoot,8,4.2215500602734,8.403386295425486,4.181836235152086,other,,46.557765060964655,4
l-profile-reshoot/tilted-01,l-profile-reshoot,3,0.2069513244698959,15.0,14.793048675530104,shift -1,-1,14.793048675530104,1
l-profile-reshoot/tilted-02,l-profile-reshoot,3,0.19832308498202533,15.0,14.801676915017975,shift -1,-1,14.801676915017975,1
l-profile-reshoot/tilted-03,l-profile-reshoot,4,3.450108682350359,17.474552074616064,14.024443392265704,other,,21.092208132882224,2
l-profile-reshoot/tilted-04,l-profile-reshoot,3,0.3792393735745191,15.0,14.620760626425481,shift -2,-2,41.16920758868437,1
l-profile-reshoot/tilted-05,l-profile-reshoot,3,2.328839977966441,13.95921923055211,11.63037925258567,other,,12.67116002203356,3
l-profile/crossed-01,l-profile,4,4.666805105699638,5.2480631662135035,0.581258060513866,other,,2.966741597940901,4
l-profile/crossed-02,l-profile,4,6.590581080799717,7.332742764915393,0.7421616841156755,other,,0.9927273450031819,3
l-profile/crossed-03,l-profile,3,4.596128087418789,5.8705700762082875,1.2744419887894987,other,,3.0,3
l-profile/crossed-04,l-profile,2,0.5092916584494592,7.5,6.99070834155054,shift -1,-1,6.99070834155054,1
l-profile/crossed-05,l-profile,2,0.18157287947377693,7.5,7.3184271205262235,shift -1,-1,7.3184271205262235,1
l-profile/crossed-06,l-profile,2,0.9198325144603561,8.3,7.380167485539644,shift -1,-1,7.380167485539644,1
l-profile/crossed-07,l-profile,3,8.302032641695131,7.9668979457139235,-0.3351346959812078,subset of truth,,3.9652806513102767,3
l-profile/crossed-08,l-profile,3,8.115993014773645,7.9666162227753965,-0.1493767919982485,subset of truth,,0.839601946817135,3
l-profile/overlap-01,l-profile,5,2.864945143325029,9.868859069995223,7.003913926670194,shift -1,-1,7.003913926670194,3
l-profile/overlap-02,l-profile,2,0.918723279960444,7.5,6.581276720039556,shift -1,-1,6.581276720039556,1
l-profile/overlap-03,l-profile,4,2.563472249845291,8.977054189963193,6.4135819401179015,shift -1,-1,6.4135819401179015,3
l-profile/overlap-04,l-profile,3,1.851760811199095,8.334299927064002,6.482539115864907,shift -1,-1,6.482539115864907,1
l-profile/overlap-05,l-profile,3,0.10860182738168225,9.670934289357026,9.562332461975345,shift -1,-1,9.562332461975345,1
l-profile/overlap-06,l-profile,3,0.11285613255608228,9.668562324350335,9.555706191794252,shift -1,-1,9.555706191794252,1
l-profile/overlap-07,l-profile,3,0.10646426901107224,9.667441339549026,9.560977070537954,shift -1,-1,9.560977070537954,1
l-profile/overlap-08,l-profile,3,0.12492717336000608,9.670123979366485,9.545196806006478,shift -1,-1,9.545196806006478,1
l-profile/overlap-09,l-profile,3,0.11043657298501175,9.668145923415485,9.557709350430473,shift -1,-1,9.557709350430473,1
l-profile/overlap-10,l-profile,3,1.0463761730188805,7.757676759040908,6.711300586022028,shift +1,1,6.711300586022028,1
l-profile/overlap-11,l-profile,4,1.0834612128242147,8.52451444112937,7.4410532283051545,shift +1,1,7.4410532283051545,1
l-profile/overlap-12,l-profile,3,1.9820771284920493,8.48602085177721,6.503943723285161,shift +1,1,6.503943723285161,1
l-profile/overlap-13,l-profile,2,3.0185753613990656,7.5,4.481424638600934,shift +1,1,4.481424638600934,1
l-profile/overlap-14,l-profile,3,3.6873014225739444,9.144063315226763,5.4567618926528185,shift -1,-1,5.4567618926528185,2
l-profile/single-01,l-profile,3,0.8371235605435359,7.58592028854852,6.748796728004984,shift +1,1,6.748796728004984,3
l-profile/single-02,l-profile,3,0.8344027800713432,7.587076765049994,6.75267398497865,shift +1,1,6.75267398497865,3
l-profile/single-03,l-profile,3,0.8200046803628225,7.5933693937047675,6.773364713341945,shift +1,1,6.773364713341945,3
l-profile/single-04,l-profile,2,0.2331711833314652,7.5,7.266828816668535,shift -1,-1,7.266828816668535,1
l-profile/single-05,l-profile,3,1.1768285681909254,7.671300007517689,6.494471439326764,shift +1,1,6.494471439326764,3
l-profile/single-06,l-profile,3,1.7969622107097716,7.679389529209575,5.882427318499804,shift +1,1,5.882427318499804,3
l-profile/single-09,l-profile,2,0.07480629967558615,9.1,9.025193700324413,shift -1,-1,9.025193700324413,1
l-profile/single-10,l-profile,2,1.7424712275811685,8.3,6.5575287724188325,shift +1,1,6.5575287724188325,1
l-profile/single-11,l-profile,3,3.758916200284172,9.251632604323328,5.492716404039156,shift -1,-1,5.492716404039156,1
l-profile/single-12,l-profile,2,0.15380146366925962,7.5,7.34619853633074,shift -1,-1,7.34619853633074,1
l-profile/standing-01,l-profile,3,0.5434694364146568,45.92346423906784,45.37999480265319,shift +1,1,45.37999480265319,1
l-profile/standing-02,l-profile,4,0.10286027336009938,45.938096923706446,45.835236650346346,shift -1,-1,45.835236650346346,1
l-profile/standing-03,l-profile,4,2.518054968146065,46.48792482761023,43.96986985946416,shift -1,-1,43.96986985946416,1
l-profile/standing-04,l-profile,4,3.466352916158116,48.45611713300996,44.989764216851846,shift -1,-1,44.989764216851846,1
l-profile/standing-05,l-profile,3,4.399568124578276,50.2,45.80043187542173,shift -2,-2,45.856912019645875,1
l-profile/tilted-01,l-profile,2,7.5822320765371245,10.3,2.717767923462876,shift -1,-1,2.717767923462876,3
square-profile/single-01,square-profile,8,4.917175080983444,12.934525285898387,8.017350204914942,other,,12.799718130620256,8
square-profile/single-02,square-profile,4,2.394135624371014,7.705747482975119,5.311611858604105,shift -1,-1,5.311611858604105,3
square-profile/single-03,square-profile,4,2.65261728041982,9.272584918762321,6.6199676383425015,shift -1,-1,6.6199676383425015,1
square-profile/single-04,square-profile,4,2.6492929477044496,9.254844442430802,6.6055514947263525,shift -1,-1,6.6055514947263525,1
square-profile/single-05,square-profile,3,5.519016196794777,9.231541224350192,3.712525027555415,shift +1,1,3.712525027555415,2
square-profile/single-06,square-profile,3,1.449347612749396,8.82733184987305,7.377984237123654,shift -1,-1,7.377984237123654,1
square-profile/single-07,square-profile,3,1.3491410154986918,8.571406086737364,7.222265071238672,shift -1,-1,7.222265071238672,1
square-profile/single-08,square-profile,4,2.102380272553468,8.646091553622984,6.543711281069516,shift +1,1,6.543711281069516,1
square-profile/single-09,square-profile,3,1.8603376199660515,8.32550443750095,6.465166817534898,shift -1,-1,6.465166817534898,1
square-profile/single-10,square-profile,2,0.8394600276641682,7.5,6.660539972335831,shift +1,1,6.660539972335831,1
square-profile/single-11,square-profile,5,3.8336833266610015,12.528861566450649,8.695178239789648,other,,12.958324704128168,3
square-profile/single-12,square-profile,3,1.231546864665716,7.7293263566118195,6.497779491946104,shift -1,-1,6.497779491946104,3
square-profile/single-13,square-profile,3,2.1378321559352638,8.08534310930453,5.947510953369266,shift -1,-1,5.947510953369266,1
square-profile/single-14,square-profile,3,2.5153880993021636,7.843705989088674,5.32831788978651,shift +1,1,5.32831788978651,1
square-profile/single-15,square-profile,3,2.1128561705345477,7.754813277496795,5.641957106962247,shift +1,1,5.641957106962247,1
square-profile/single-16,square-profile,3,2.945016028425204,7.762871851420953,4.8178558229957495,shift +1,1,4.8178558229957495,2
square-profile/single-17,square-profile,4,2.5439756608262867,7.630396642549264,5.086420981722977,shift +1,1,5.086420981722977,2
square-profile/single-18,square-profile,22,19.379313971155565,58.4335356728953,39.054221701739735,other,,64.37406504456433,152
square-profile/single-19,square-profile,3,0.19427876130246818,7.620032192076415,7.4257534307739474,shift -1,-1,7.4257534307739474,1
square-profile/single-20,square-profile,4,0.9499486784084543,8.392181414139166,7.4422327357307125,shift +1,1,7.4422327357307125,1
square-profile/single-21,square-profile,7,1.8385963931717066,9.30729994273031,7.468703549558604,shift +1,1,7.468703549558604,5
square-profile/single-22,square-profile,7,4.92570884515595,10.043999269787944,5.1182904246319945,subset of truth,,12.555136039575462,12
square-profile/single-23,square-profile,7,1.7724099966633133,7.809821494532612,6.037411497869298,shift -1,-1,6.037411497869298,4
square-profile/single-24,square-profile,8,3.509008020594871,11.258136379255061,7.74912835866019,shift -1,-1,7.74912835866019,7
square-profile/single-25,square-profile,7,0.25377989571511145,7.756847777469574,7.503067881754462,shift +1,1,7.503067881754462,5
square-profile/single-26,square-profile,7,0.26687477546399396,7.742632570778176,7.475757795314182,shift +1,1,7.475757795314182,5
square-profile/single-27,square-profile,9,3.1422932408681103,8.791707565245533,5.649414324377423,subset of truth,,13.04315016144551,10
square-profile/single-28,square-profile,9,3.1858197503995007,8.812535283276473,5.626715532876972,subset of truth,,13.016723501949075,12
square-profile/standing-01,square-profile,4,2.913967302043443,27.201176274404418,24.287208972360975,shift +2,2,29.462373412943553,1
