detections,dist_scale_mm,arm,recall,ipaa_1,wholly_wrong,resolved,invariants_pass
pool,10.0,hungarian,0.7051597051597052,0.5555555555555556,17,407,True
pool,10.0,hungarian_aligned,0.7911547911547911,0.7592592592592593,14,407,True
pool,10.0,monotone_aligned,0.7395577395577395,0.6851851851851852,16,407,True
pool,10.0,hybrid_aligned,0.8034398034398035,0.7777777777777778,14,407,True
pool,10.0,greedy_index_order,0.8722358722358723,0.8425925925925926,13,407,True
ccorr,10.0,hungarian,0.643979057591623,0.49074074074074076,23,382,True
ccorr,10.0,hungarian_aligned,0.8219895287958116,0.7314814814814815,10,382,True
ccorr,10.0,monotone_aligned,0.806282722513089,0.7129629629629629,12,382,True
ccorr,10.0,hybrid_aligned,0.8481675392670157,0.7777777777777778,9,382,True
ccorr,10.0,greedy_index_order,0.856020942408377,0.8240740740740741,11,382,True
pool,20.0,hungarian,0.7076167076167076,0.5740740740740741,19,407,True
pool,20.0,hungarian_aligned,0.7886977886977887,0.7592592592592593,15,407,True
pool,20.0,monotone_aligned,0.7542997542997543,0.7037037037037037,14,407,True
pool,20.0,hybrid_aligned,0.8181818181818182,0.7962962962962963,13,407,True
pool,20.0,greedy_index_order,0.8722358722358723,0.8425925925925926,13,407,True
ccorr,20.0,hungarian,0.6596858638743456,0.5370370370370371,23,382,True
ccorr,20.0,hungarian_aligned,0.8167539267015707,0.7129629629629629,11,382,True
ccorr,20.0,monotone_aligned,0.8115183246073299,0.7037037037037037,11,382,True
ccorr,20.0,hybrid_aligned,0.8507853403141361,0.7685185185185185,9,382,True
ccorr,20.0,greedy_index_order,0.856020942408377,0.8240740740740741,11,382,True
pool,30.0,hungarian,0.7248157248157249,0.6111111111111112,19,407,True
pool,30.0,hungarian_aligned,0.7911547911547911,0.7592592592592593,15,407,True
pool,30.0,monotone_aligned,0.7542997542997543,0.7037037037037037,14,407,True
pool,30.0,hybrid_aligned,0.8181818181818182,0.7962962962962963,13,407,True
pool,30.0,greedy_index_order,0.8722358722358723,0.8425925925925926,13,407,True
ccorr,30.0,hungarian,0.6701570680628273,0.5740740740740741,20,382,True
ccorr,30.0,hungarian_aligned,0.806282722513089,0.6944444444444444,11,382,True
ccorr,30.0,monotone_aligned,0.8167539267015707,0.7037037037037037,11,382,True
ccorr,30.0,hybrid_aligned,0.8612565445026178,0.7685185185185185,9,382,True
ccorr,30.0,greedy_index_order,0.856020942408377,0.8240740740740741,11,382,True
pool,40.0,hungarian,0.7493857493857494,0.6574074074074074,16,407,True
pool,40.0,hungarian_aligned,0.7960687960687961,0.7592592592592593,14,407,True
pool,40.0,monotone_aligned,0.8034398034398035,0.7685185185185185,9,407,True
pool,40.0,hybrid_aligned,0.8673218673218673,0.8611111111111112,8,407,True
pool,40.0,greedy_index_order,0.8722358722358723,0.8425925925925926,13,407,True
ccorr,40.0,hungarian,0.6832460732984293,0.6018518518518519,20,382,True
ccorr,40.0,hungarian_aligned,0.7931937172774869,0.6944444444444444,11,382,True
ccorr,40.0,monotone_aligned,0.8612565445026178,0.7592592592592593,5,382,True
ccorr,40.0,hybrid_aligned,0.9109947643979057,0.8240740740740741,3,382,True
ccorr,40.0,greedy_index_order,0.856020942408377,0.8240740740740741,11,382,True
pool,45.0,hungarian,0.7616707616707616,0.6759259259259259,16,407,True
pool,45.0,hungarian_aligned,0.7788697788697788,0.7407407407407407,14,407,True
pool,45.0,monotone_aligned,0.8648648648648649,0.7962962962962963,6,407,True
pool,45.0,hybrid_aligned,0.9287469287469288,0.8888888888888888,5,407,True
pool,45.0,greedy_index_order,0.8722358722358723,0.8425925925925926,13,407,True
ccorr,45.0,hungarian,0.693717277486911,0.6203703703703703,19,382,True
ccorr,45.0,hungarian_aligned,0.8010471204188482,0.7037037037037037,11,382,True
ccorr,45.0,monotone_aligned,0.8612565445026178,0.7592592592592593,5,382,True
ccorr,45.0,hybrid_aligned,0.9109947643979057,0.8240740740740741,3,382,True
ccorr,45.0,greedy_index_order,0.856020942408377,0.8240740740740741,11,382,True
pool,50.0,hungarian,0.7714987714987716,0.6759259259259259,15,407,True
pool,50.0,hungarian_aligned,0.7813267813267813,0.75,14,407,True
pool,50.0,monotone_aligned,0.8501228501228502,0.7962962962962963,6,407,True
pool,50.0,hybrid_aligned,0.9213759213759214,0.8796296296296297,5,407,True
pool,50.0,greedy_index_order,0.8722358722358723,0.8425925925925926,13,407,True
ccorr,50.0,hungarian,0.7041884816753927,0.6296296296296297,14,382,True
ccorr,50.0,hungarian_aligned,0.7827225130890052,0.6851851851851852,11,382,True
ccorr,50.0,monotone_aligned,0.8481675392670157,0.7592592592592593,5,382,True
ccorr,50.0,hybrid_aligned,0.9083769633507853,0.8240740740740741,3,382,True
ccorr,50.0,greedy_index_order,0.856020942408377,0.8240740740740741,11,382,True
pool,60.0,hungarian,0.7886977886977887,0.7129629629629629,12,407,False
pool,60.0,hungarian_aligned,0.8181818181818182,0.7962962962962963,9,407,False
pool,60.0,monotone_aligned,0.8476658476658476,0.7962962962962963,6,407,False
pool,60.0,hybrid_aligned,0.9213759213759214,0.8796296296296297,5,407,False
pool,60.0,greedy_index_order,0.8722358722358723,0.8425925925925926,13,407,False
ccorr,60.0,hungarian,0.7303664921465969,0.6666666666666666,11,382,False
ccorr,60.0,hungarian_aligned,0.7931937172774869,0.7037037037037037,6,382,False
ccorr,60.0,monotone_aligned,0.806282722513089,0.7129629629629629,5,382,False
ccorr,60.0,hybrid_aligned,0.8664921465968587,0.7685185185185185,3,382,False
ccorr,60.0,greedy_index_order,0.856020942408377,0.8240740740740741,11,382,False
pool,90.0,hungarian,0.855036855036855,0.7592592592592593,6,407,False
pool,90.0,hungarian_aligned,0.8771498771498771,0.8148148148148148,6,407,False
pool,90.0,monotone_aligned,0.8329238329238329,0.7962962962962963,7,407,False
pool,90.0,hybrid_aligned,0.918918918918919,0.8796296296296297,5,407,False
pool,90.0,greedy_index_order,0.8722358722358723,0.8425925925925926,13,407,False
ccorr,90.0,hungarian,0.7958115183246073,0.7222222222222222,4,382,False
ccorr,90.0,hungarian_aligned,0.8036649214659686,0.7037037037037037,4,382,False
ccorr,90.0,monotone_aligned,0.7958115183246073,0.7129629629629629,5,382,False
ccorr,90.0,hybrid_aligned,0.856020942408377,0.7592592592592593,3,382,False
ccorr,90.0,greedy_index_order,0.856020942408377,0.8240740740740741,11,382,False
