scene_id,n_det_1,n_det_2,pairs,anchors_1,anchors_2,confidence,notes
complex-profile/single-01,1,1,0-0,1788.25|954.01,1738.09|960.69,high,"Both sides show a second profile on the left that the detector does not confirm, so the scene carries one claim where the count annotation records two pairs."
complex-profile/single-02,1,2,0-1,1786.84|956.79,1624.18|953.52;1742.57|963.09,high,
complex-profile/single-03,2,2,"0-0,1-1",1591.95|955.25;1733.58|957.43,1574.25|968.49;1687.26|961.63,high,
complex-profile/single-04,1,1,0-0,1787.48|954.51,1737.90|960.34,high,
heavy-profile/single-01,3,3,"0-0,1-1,2-2",1580.80|947.20;1654.87|947.01;1770.96|946.71,1601.66|946.98;1701.57|951.12;1824.76|947.49,high,
heavy-profile/single-02,3,3,"0-0,1-1,2-2",1580.78|947.36;1654.74|947.05;1770.93|946.87,1602.07|947.11;1701.19|951.16;1824.15|947.35,high,
heavy-profile/single-03,3,3,"0-0,1-1,2-2",1580.98|947.11;1654.95|946.94;1770.54|946.93,1602.50|946.99;1701.62|950.94;1824.28|947.36,high,
heavy-profile/single-04,3,3,"0-0,1-1,2-2",1601.53|946.66;1691.87|946.83;1794.34|955.78,1633.31|947.43;1729.15|951.20;1822.45|958.77,high,
heavy-profile/single-05,3,3,"0-0,1-1,2-2",1607.15|946.98;1695.00|947.27;1823.32|956.39,1620.43|947.17;1715.45|952.11;1861.10|950.11,high,
heavy-profile/single-06,3,3,"0-0,1-1,2-2",1602.42|946.59;1700.71|946.91;1794.89|949.25,1631.43|947.62;1727.34|954.59;1822.27|948.20,high,
heavy-profile/single-07,3,3,"0-0,1-1,2-2",1602.62|946.66;1700.84|947.08;1794.73|948.92,1632.51|947.66;1728.88|954.74;1822.48|948.29,high,
heavy-profile/single-08,3,3,"0-0,1-1,2-2",1602.37|946.60;1700.84|947.01;1795.35|949.67,1632.45|947.57;1727.31|948.07;1823.57|948.29,high,
heavy-profile/single-09,3,3,"0-0,1-1,2-2",1599.22|946.87;1700.66|947.03;1795.45|947.03,1632.83|947.59;1728.99|947.54;1822.93|948.26,high,
heavy-profile/single-10,3,3,"0-0,1-1,2-2",1607.15|946.96;1694.76|947.21;1824.47|948.08,1620.63|947.18;1715.11|952.08;1861.16|950.15,high,
heavy-profile/standing-01,3,3,"0-0,1-1,2-2",1601.57|946.63;1692.73|946.60;1793.93|954.81,1634.40|947.27;1729.01|951.44;1822.49|958.77,high,
l-profile-reshoot/crossed-01,3,2,"1-1,2-0",1581.39|915.48;1789.96|914.17;1802.97|940.78,1710.62|940.55;1736.30|916.59,high,"Pairing 1-1,2-0: side-1 profile 0 is not visible in side 2."
l-profile-reshoot/overlap-02,3,3,"0-0,1-1,2-2",1716.32|916.43;1776.15|917.63;1807.48|917.75,1677.71|917.87;1735.43|919.20;1773.66|918.60,high,
l-profile-reshoot/overlap-03,4,4,"0-0,1-1,2-2,3-3",1645.64|916.81;1716.19|916.50;1776.79|917.13;1807.87|917.74,1606.52|916.77;1677.09|917.65;1735.01|919.46;1773.73|918.69,high,
l-profile-reshoot/overlap-04,4,4,"0-0,1-1,2-2,3-3",1620.46|916.62;1655.05|922.50;1777.50|917.36;1830.68|920.59,1595.74|916.23;1623.59|922.11;1758.60|916.42;1819.66|920.84,high,
l-profile-reshoot/overlap-05,3,3,"0-0,1-1,2-2",1745.09|916.43;1777.73|918.33;1812.37|919.13,1746.72|916.02;1775.55|922.67;1820.21|919.23,high,
l-profile-reshoot/overlap-06,3,3,"0-0,1-1,2-2",1743.29|917.16;1779.57|917.99;1810.30|918.55,1746.28|917.18;1782.12|919.30;1820.68|919.00,high,
l-profile-reshoot/overlap-07,4,4,"0-0,1-1,2-2,3-3",1596.43|917.17;1675.83|917.57;1750.21|918.35;1800.03|918.68,1557.89|914.91;1634.61|916.76;1766.01|917.62;1805.63|920.93,high,
l-profile-reshoot/overlap-08,4,4,"0-0,1-1,2-2,3-3",1604.21|916.39;1673.78|917.30;1737.68|918.40;1779.00|919.58,1597.29|916.73;1667.71|917.01;1734.91|917.75;1839.61|917.74,high,
l-profile-reshoot/overlap-09,4,4,"0-0,1-1,2-2,3-3",1604.15|916.56;1674.76|916.91;1744.79|916.85;1833.84|916.88,1597.20|917.23;1668.04|916.37;1736.72|916.64;1769.84|919.46,high,
l-profile-reshoot/single-01,4,3,"1-0,2-1,3-2",1601.45|916.74;1684.48|916.42;1824.86|941.04;1829.66|917.71,1648.98|917.46;1783.53|940.77;1792.84|917.53,high,Side 2 missing leftmost profile.
l-profile-reshoot/single-02,2,1,1-0,1667.55|917.18;1813.78|915.54,1825.05|917.72,high,
l-profile-reshoot/single-03,3,3,"0-0,1-2,2-1",1596.04|916.62;1814.39|914.54;1829.14|939.85,1550.93|916.23;1757.34|942.20;1759.10|916.78,high,"Detections 1 and 2 are swapped vs the naive index mapping, likely because one profile sits stacked above the other."
l-profile-reshoot/standing-01,4,6,"0-2,1-3,2-4,3-5",1579.63|916.75;1625.26|927.89;1684.38|921.36;1731.45|916.70,1545.60|930.36;1569.23|930.80;1707.17|917.45;1761.37|932.94;1843.65|921.20;1900.80|916.87,high,
l-profile-reshoot/standing-02,4,6,"0-2,1-3,2-4,3-5",1580.08|916.41;1627.92|928.37;1703.79|937.24;1734.61|916.43,1546.29|931.47;1568.86|930.72;1708.09|916.75;1761.16|932.53;1836.55|924.61;1898.26|916.84,high,Side 2 sees two further profiles on the left with no side-1 counterpart.
l-profile-reshoot/standing-03,4,6,"0-2,1-3,2-4,3-5",1579.98|916.57;1627.82|928.07;1708.46|936.75;1744.76|916.69,1545.65|930.53;1568.20|930.51;1707.18|917.51;1761.19|932.75;1835.94|924.33;1891.18|917.34,high,Side 2 sees two further profiles on the left with no side-1 counterpart.
l-profile-reshoot/standing-04,2,2,"0-0,1-1",1775.04|930.97;1813.48|916.66,1752.27|930.29;1789.82|915.98,high,"Side 2 has a third profile on the left, standing and only partially visible, with no side-1 counterpart; the detector does not confirm it."
l-profile-reshoot/standing-05,11,11,"0-0,1-1,2-2,3-3,4-4,5-5,6-6,7-7,8-8,9-9,10-10",1582.36|930.18;1607.01|931.20;1633.52|931.72;1659.61|932.63;1682.69|931.94;1706.52|931.17;1730.31|931.12;1754.35|931.70;1777.69|930.40;1802.14|931.25;1826.27|932.16,1589.10|931.92;1611.22|932.04;1637.96|932.82;1661.16|933.00;1685.79|932.50;1709.68|932.83;1733.03|932.00;1756.78|931.64;1780.17|931.79;1803.36|931.25;1888.36|932.33,high,Side 2's rightmost profile sits apart from the contiguous row and pairs with side 1's rightmost.
l-profile-reshoot/standing-06,11,11,"0-0,1-1,2-2,3-3,4-4,5-5,6-6,7-7,8-8,9-9,10-10",1582.01|930.13;1606.59|931.20;1634.07|932.46;1659.33|932.66;1682.47|932.03;1706.18|931.39;1729.98|931.21;1754.03|931.61;1777.36|930.36;1801.77|931.12;1825.92|932.13,1589.27|932.09;1611.31|931.93;1637.11|932.46;1661.12|933.28;1685.14|932.14;1709.12|932.54;1732.13|932.08;1756.34|931.44;1779.56|931.31;1803.59|931.50;1888.80|932.56,high,Side 2's rightmost profile sits apart from the contiguous row and pairs with side 1's rightmost.
l-profile-reshoot/standing-07,8,9,"0-1,1-2,2-3,3-4,4-5,5-6,6-7,7-8",1601.57|916.48;1672.80|916.39;1743.72|931.08;1773.97|931.66;1797.99|931.52;1820.32|932.02;1854.23|922.93;1878.19|929.67,1550.22|916.13;1610.40|916.99;1682.13|917.37;1746.26|932.41;1774.62|931.02;1804.45|932.75;1829.15|923.87;1854.68|932.76;1877.14|923.58,high,
l-profile-reshoot/tilted-01,4,3,"1-0,2-1,3-2",1601.31|916.57;1683.35|916.75;1830.13|917.62;1840.49|939.85,1650.13|917.26;1792.46|917.12;1798.56|939.93,high,
l-profile-reshoot/tilted-02,4,3,"1-0,2-1,3-2",1601.03|917.11;1683.85|916.51;1813.41|940.28;1830.59|917.10,1650.38|917.31;1771.12|940.22;1793.82|917.09,high,
l-profile-reshoot/tilted-03,3,5,"0-1,1-2,2-3,3-4",1582.70|913.70;1629.25|916.75;1716.46|928.50;1767.85|917.61,1551.87|913.51;1599.37|916.40;1668.46|917.08;1733.38|924.10;1826.32|917.03,high,Partial leftmost profile of side 1 is anchored and paired.
l-profile-reshoot/tilted-04,3,3,"0-0,1-1,2-2",1595.99|916.31;1776.53|928.36;1821.26|914.48,1551.14|915.99;1721.05|929.67;1759.68|917.41,high,
l-profile-reshoot/tilted-05,3,3,"0-0,1-1,2-2",1596.64|916.20;1810.97|915.35;1835.16|936.81,1551.44|915.99;1758.35|916.88;1776.28|937.24,high,
l-profile/crossed-01,4,4,"0-1,1-2,2-3,3-0",1647.09|916.99;1716.22|916.50;1785.10|917.20;1871.11|933.82,1646.97|941.85;1705.92|916.42;1772.48|917.22;1838.24|918.19,high,
l-profile/crossed-02,4,4,"0-3,1-0,2-1,3-2",1581.94|940.48;1646.15|917.27;1716.07|916.68;1785.30|916.82,1700.09|918.33;1770.57|917.31;1836.29|918.62;1885.37|941.04,high,
l-profile/crossed-03,3,4,"0-2,1-3,2-0",1616.25|916.62;1687.74|916.29;1802.09|925.98,1585.88|941.48;1649.51|917.63;1718.89|916.87;1786.21|917.69,high,
l-profile/crossed-04,2,2,"0-0,1-1",1748.20|917.84;1832.12|920.32,1683.05|916.61;1789.86|920.28,high,
l-profile/crossed-05,2,2,"0-0,1-1",1775.03|918.29;1834.56|920.75,1717.13|917.02;1784.75|920.65,high,
l-profile/crossed-06,2,4,"0-2,1-3",1742.95|915.75;1771.66|917.68,1550.43|936.15;1566.29|931.23;1756.46|917.37;1826.55|918.38,high,
l-profile/crossed-07,3,3,"0-0,1-2,2-1",1651.39|920.20;1751.12|950.73;1752.76|917.60,1568.27|918.71;1690.65|916.07;1858.68|917.64,high,"Side-1 profiles 1 and 2 cross between the views: 1 pairs with side-2 profile 2, and 2 with side-2 profile 1."
l-profile/crossed-08,3,3,"0-0,1-1,2-2",1651.05|920.19;1752.50|917.23;1758.36|948.85,1568.06|918.87;1690.51|916.42;1857.34|917.62,high,"This capture reads more clearly than the near-duplicate capture of the same bundle, and supports the identity pairing over the 1-2,2-1 alternative."
l-profile/overlap-01,5,5,"0-0,1-1,2-2,3-3,4-4",1583.93|916.25;1655.20|916.98;1721.17|918.60;1769.45|918.91;1804.17|921.92,1601.46|915.98;1674.08|916.46;1751.23|915.86;1782.96|921.15;1823.46|919.34,high,
l-profile/overlap-02,2,2,"0-0,1-1",1597.40|917.45;1648.15|918.37,1656.12|915.70;1748.22|916.87,high,
l-profile/overlap-03,4,5,"0-0,1-1,2-2,3-3",1616.90|916.83;1686.29|916.98;1748.72|917.19;1788.05|918.71,1646.01|918.45;1715.64|917.23;1783.51|918.01;1817.12|918.90;1897.86|916.63,high,
l-profile/overlap-04,3,4,"0-0,1-1,2-2",1616.82|916.96;1685.72|917.63;1744.34|918.02,1645.99|918.47;1716.17|917.03;1783.55|917.99;1817.94|919.00,high,
l-profile/overlap-05,3,4,"0-1,1-2,2-3",1616.44|916.83;1679.68|918.74;1720.44|918.82,1648.78|918.19;1718.85|916.57;1786.22|917.68;1823.77|919.23,high,
l-profile/overlap-06,3,4,"0-1,1-2,2-3",1616.56|916.88;1679.58|918.76;1720.37|918.92,1648.59|918.29;1718.91|916.71;1786.22|917.63;1823.66|919.42,high,
l-profile/overlap-07,3,4,"0-1,1-2,2-3",1616.58|916.79;1679.59|918.68;1720.34|918.91,1648.73|918.19;1719.01|916.63;1786.16|917.58;1823.64|919.25,high,
l-profile/overlap-08,3,4,"0-1,1-2,2-3",1616.69|916.64;1679.54|918.67;1720.98|918.39,1648.59|918.25;1718.94|916.65;1786.46|917.53;1823.65|919.20,high,
l-profile/overlap-09,3,4,"0-1,1-2,2-3",1616.46|916.82;1679.52|918.71;1720.50|918.88,1648.64|918.15;1718.94|916.61;1786.16|917.67;1823.66|919.39,high,
l-profile/overlap-10,3,4,"0-0,1-1,2-2",1616.39|916.72;1688.22|916.30;1747.34|918.58,1648.72|918.17;1718.76|916.59;1787.69|917.58;1819.42|919.58,high,
l-profile/overlap-11,4,4,"0-0,1-1,2-2,3-3",1707.23|916.71;1743.10|919.62;1777.59|919.26;1812.23|919.44,1717.24|916.67;1750.52|919.06;1778.83|922.44;1822.83|919.04,high,
l-profile/overlap-12,3,3,"0-0,1-1,2-2",1727.06|916.23;1750.94|922.29;1792.80|918.86,1754.48|916.36;1790.49|918.91;1833.78|919.62,high,
l-profile/overlap-13,3,2,"1-0,2-1",1598.11|919.12;1691.91|918.01;1735.50|919.04,1635.29|915.76;1778.71|916.76,low,"Side-1 anchor 0 sits at 0 deg while every other face in this scene, and both side-2 faces, sit at 180-182 deg; its end is also about 40 mm further along the bar axis (world X 2445 against 2397 and 2408). On the L profile 210 of 214 true pairs elsewhere show no cross-view change of angle, so this face is taken as a differently placed bar and left unpaired. The two side-1 faces that share the orientation of side 2 are paired to it in order. The two pairs disagree on cross-view transport by about 100 mm (-56.6 mm against +43.2 mm) and side-1 anchor 1 is a partial face 38 mm wide against 68-69 mm for the others, so the scene is kept at low confidence."
l-profile/overlap-14,3,3,"0-0,1-1,2-2",1644.92|920.07;1751.36|915.18;1780.54|918.22,1562.51|918.42;1682.12|916.02;1826.08|917.07,high,
l-profile/single-01,3,3,"0-0,1-1,2-2",1611.81|917.06;1716.79|916.65;1829.89|917.17,1703.48|917.06;1820.42|917.23;1895.87|917.13,high,
l-profile/single-02,3,3,"0-0,1-1,2-2",1611.67|917.11;1716.97|916.58;1830.00|917.16,1703.53|917.45;1820.41|917.32;1895.91|917.24,high,
l-profile/single-03,3,3,"0-0,1-1,2-2",1611.64|916.96;1717.30|915.82;1829.98|917.06,1703.49|917.49;1820.17|917.45;1896.01|917.17,high,
l-profile/single-04,3,2,"0-0,1-1",1611.50|917.16;1717.21|915.95;1829.84|917.20,1703.55|917.11;1819.74|916.27,high,
l-profile/single-05,3,3,"0-0,1-1,2-2",1611.61|916.59;1716.93|916.06;1841.37|917.57,1703.46|917.54;1820.36|917.42;1891.88|917.05,high,
l-profile/single-06,3,3,"0-0,1-1,2-2",1597.55|917.51;1648.00|918.40;1747.86|920.48,1656.23|915.61;1748.05|916.91;1850.98|920.65,high,
l-profile/single-07,1,1,0-0,1601.48|916.35,1656.40|915.45,high,
l-profile/single-08,1,2,0-1,1767.91|920.87,1571.33|917.48;1749.86|920.74,high,
l-profile/single-09,2,2,"0-0,1-1",1700.00|916.47;1754.30|921.16,1704.28|917.68;1761.79|921.38,high,
l-profile/single-10,2,4,"0-2,1-3",1745.16|915.22;1772.37|917.59,1550.45|935.62;1566.03|930.70;1758.15|916.43;1827.76|918.43,high,
l-profile/single-11,3,3,"0-0,1-1,2-2",1644.97|919.93;1745.97|915.77;1778.40|919.03,1562.79|918.57;1683.88|916.34;1827.44|916.91,high,
l-profile/single-12,2,2,"0-0,1-1",1673.60|916.64;1748.07|916.71,1759.33|917.92;1826.90|917.33,high,
l-profile/standing-01,3,3,"0-0,1-1,2-2",1595.30|916.72;1666.35|915.82;1776.40|928.71,1654.80|915.64;1749.67|917.03;1851.43|930.39,high,
l-profile/standing-02,4,4,"0-0,1-1,2-2,3-3",1629.09|917.16;1698.56|916.14;1768.28|916.93;1822.60|928.80,1672.83|918.16;1744.34|917.74;1812.28|916.85;1868.48|929.79,high,
l-profile/standing-03,4,4,"0-0,1-1,2-2,3-3",1626.80|917.24;1723.98|930.68;1798.79|931.04;1826.83|932.01,1670.41|918.40;1752.40|932.17;1775.14|932.63;1862.81|928.34,high,
l-profile/standing-04,4,4,"0-0,1-1,2-2,3-3",1568.25|937.67;1581.58|929.92;1607.26|929.97;1818.79|917.06,1550.21|933.18;1575.75|930.33;1598.28|930.31;1739.91|916.75,high,
l-profile/standing-05,3,3,"0-0,1-1,2-2",1568.45|937.88;1582.44|929.84;1818.85|917.01,1551.42|934.66;1573.97|930.43;1741.17|916.49,high,
l-profile/tilted-01,2,3,"0-1,1-2",1729.18|918.92;1834.10|913.38,1608.84|917.18;1801.71|939.31;1909.25|916.77,low,
square-profile/single-01,10,8,"2-0,3-1,4-2,5-3,6-5,7-4,8-7,9-6",1556.77|927.09;1588.91|926.80;1629.72|926.70;1672.23|925.81;1714.50|926.44;1752.69|926.96;1792.88|925.13;1796.66|965.99;1834.01|925.98;1838.66|967.38,1573.93|926.82;1608.99|926.41;1653.48|926.08;1691.50|926.04;1731.24|967.33;1732.09|925.68;1770.76|966.36;1775.11|926.34,high,
square-profile/single-02,4,4,"0-0,1-1,2-2,3-3",1642.00|926.03;1683.93|926.93;1792.74|927.32;1833.77|926.63,1601.22|925.84;1687.62|926.10;1725.42|927.58;1829.69|927.25,high,
square-profile/single-03,4,4,"0-0,1-1,2-2,3-3",1738.71|925.88;1782.76|926.82;1824.04|926.27;1871.55|925.66,1723.42|925.31;1766.92|925.82;1806.51|925.05;1847.25|927.72,high,
square-profile/single-04,4,4,"0-0,1-1,2-2,3-3",1738.94|925.71;1782.07|926.99;1823.43|926.18;1871.85|925.79,1723.41|925.32;1766.84|926.09;1806.65|925.13;1847.25|927.75,high,
square-profile/single-05,3,4,"0-1,1-2,2-3",1611.33|926.51;1831.76|927.37;1871.49|926.11,1623.53|925.81;1662.71|926.40;1708.14|926.71;1842.45|927.35,low,
square-profile/single-06,4,3,"1-0,2-1,3-2",1611.10|925.94;1649.11|925.94;1748.53|926.50;1787.67|926.34,1674.90|926.45;1746.11|928.08;1785.80|928.90,high,
square-profile/single-07,4,3,"1-0,2-1,3-2",1608.15|925.84;1647.29|926.44;1742.43|926.84;1779.79|926.24,1673.27|927.17;1745.11|926.62;1792.05|928.33,high,
square-profile/single-08,4,4,"0-0,1-1,2-2,3-3",1658.36|926.74;1701.62|927.21;1740.55|926.45;1779.60|927.53,1640.48|926.20;1680.94|926.64;1733.62|927.98;1770.26|926.87,high,
square-profile/single-09,3,3,"0-0,1-1,2-2",1701.95|926.84;1740.93|926.48;1779.49|926.50,1682.86|927.27;1733.00|928.27;1770.99|927.33,high,
square-profile/single-10,2,2,"0-0,1-1",1742.05|926.45;1779.33|926.89,1732.77|927.56;1770.92|926.46,high,
square-profile/single-11,8,5,"3-0,4-1,5-2,6-3,7-4",1556.50|926.92;1588.70|926.83;1629.48|926.70;1672.02|925.97;1712.52|926.50;1796.56|926.56;1836.43|926.78;1842.03|966.63,1606.99|925.98;1653.27|926.27;1737.54|926.68;1776.62|926.31;1778.64|965.74,high,
square-profile/single-12,3,3,"0-0,1-1,2-2",1688.99|927.01;1765.76|927.78;1835.86|926.87,1645.45|927.03;1759.46|926.40;1846.54|926.68,high,
square-profile/single-13,3,3,"0-0,1-1,2-2",1689.11|926.90;1765.96|927.47;1810.19|927.10,1645.48|926.86;1759.48|926.33;1862.65|926.05,high,
square-profile/single-14,3,3,"0-0,1-1,2-2",1689.12|927.40;1769.83|927.95;1813.98|926.50,1646.11|926.85;1705.62|927.22;1862.96|926.07,high,
square-profile/single-15,3,3,"0-0,1-1,2-2",1689.06|926.83;1746.02|927.04;1810.87|926.76,1646.08|926.94;1722.40|926.56;1862.96|926.28,high,
square-profile/single-16,3,3,"0-0,1-1,2-2",1689.15|926.57;1745.94|927.23;1810.40|927.45,1646.13|926.93;1722.42|927.09;1863.90|926.68,high,
square-profile/single-17,4,5,"0-1,1-2,2-3,3-4",1590.86|925.29;1629.34|925.25;1671.92|926.59;1712.59|926.08,1558.64|925.72;1598.42|927.35;1638.25|926.03;1683.22|926.99;1723.79|926.49,high,"Side 1 confirms four of the five faces the count annotation records, so the leftmost side-2 profile has no partner to pair with."
square-profile/single-18,28,23,"4-3,5-1,6-0,7-2,8-5,9-6,11-4,12-8,14-7,15-18,16-13,17-12,18-10,19-11,20-15,21-17,22-14,23-16,24-20,25-22,26-19,27-21",1567.43|1006.68;1567.56|1044.52;1568.46|965.72;1568.58|925.77;1604.22|1050.84;1606.53|961.99;1607.06|926.68;1610.90|1007.71;1648.35|1004.36;1649.16|1051.09;1651.25|968.31;1651.66|925.27;1689.33|966.16;1689.43|1004.10;1691.50|923.01;1706.64|1086.06;1727.65|1049.16;1729.42|1007.90;1730.01|926.43;1730.70|964.58;1771.29|963.70;1771.88|1045.20;1771.94|925.81;1774.00|1008.96;1809.81|960.23;1810.21|1046.95;1811.83|925.66;1812.71|1008.59,1614.24|925.73;1616.67|964.88;1622.24|1003.65;1622.28|1046.33;1658.41|926.99;1667.77|999.84;1669.53|1049.09;1698.94|926.40;1703.49|965.42;1707.77|1046.48;1737.84|926.42;1745.73|966.25;1749.26|1001.95;1756.10|1046.67;1782.02|926.66;1783.88|966.15;1791.36|1002.16;1794.12|1049.89;1809.01|1088.57;1821.25|927.84;1823.73|967.90;1830.27|1007.59;1836.69|1044.15,high,"Detections with no cross-view partner: side 1 indices 0, 1, 2, 3, 10 and 13; side 2 index 9. The 22 listed pairs cover every other detection on both sides."
square-profile/single-19,3,3,"0-0,1-1,2-2",1669.71|926.63;1711.05|932.62;1750.17|925.84,1687.24|925.78;1725.33|926.45;1766.87|927.05,high,
square-profile/single-20,5,8,"0-3,1-4,2-5,3-6",1593.79|927.87;1633.05|927.01;1670.97|928.37;1715.96|927.33;1756.17|927.03,1544.35|926.58;1571.30|924.32;1600.95|926.68;1652.67|926.81;1690.77|927.35;1732.28|927.40;1772.70|928.03;1851.07|930.45,high,
square-profile/single-21,8,7,"1-0,2-1,3-2,4-3,5-4,6-5,7-6",1566.23|926.67;1592.63|926.16;1634.28|926.34;1676.89|925.68;1715.82|927.62;1756.40|927.10;1798.71|927.21;1838.48|925.61,1560.81|925.93;1601.35|925.19;1641.55|927.29;1683.91|926.70;1723.35|926.48;1767.75|927.55;1808.48|926.80,low,The extra profile at the left of side 1 has no counterpart on side 2.
square-profile/single-22,7,8,"0-1,1-2,2-3,3-4,4-7,5-5,6-6",1590.86|926.63;1632.24|927.99;1671.67|926.21;1714.13|925.97;1752.42|964.16;1752.87|928.00;1793.38|927.67,1564.61|925.91;1604.82|926.57;1646.03|926.65;1686.38|926.75;1728.08|926.26;1767.99|926.46;1809.05|926.44;1837.88|967.95,high,
square-profile/single-23,7,7,"0-0,1-1,2-2,3-3,4-4,5-5,6-6",1591.68|925.70;1630.62|925.70;1671.80|926.38;1711.70|926.69;1753.11|925.78;1792.48|926.99;1835.98|926.10,1583.94|926.32;1622.59|926.23;1665.80|927.98;1706.03|926.44;1746.47|925.99;1784.98|926.86;1830.98|926.27,high,
square-profile/single-24,8,8,"0-0,1-1,2-2,3-3,4-4,5-5,6-6,7-7",1571.93|926.59;1614.05|925.71;1700.34|926.21;1740.33|927.80;1779.73|926.36;1821.07|926.89;1860.98|926.49;1902.02|925.46,1564.06|925.47;1612.13|926.04;1692.27|925.68;1731.95|928.59;1771.68|927.82;1812.17|927.97;1854.18|925.47;1894.87|925.62,high,
square-profile/single-25,8,7,"1-0,2-1,3-2,4-3,5-4,6-5,7-6",1562.82|928.68;1590.69|925.90;1630.04|926.76;1672.43|926.87;1713.10|927.88;1756.02|925.79;1795.80|926.67;1835.65|926.71,1584.95|926.43;1625.22|926.56;1667.32|926.37;1707.37|928.05;1746.16|924.65;1788.11|927.78;1827.80|926.27,high,
square-profile/single-26,7,8,"0-1,1-2,2-3,3-4,4-5,5-6,6-7",1591.29|925.22;1631.67|925.94;1673.80|925.85;1715.02|927.77;1753.16|927.38;1794.08|927.45;1835.23|926.11,1557.18|926.49;1597.63|927.13;1640.15|926.62;1680.23|926.12;1720.60|930.61;1762.31|927.94;1802.82|929.52;1840.38|927.54,high,
square-profile/single-27,9,9,"0-0,1-1,2-2,3-3,4-4,5-5,6-7,7-6,8-8",1576.02|926.38;1617.36|925.84;1659.27|927.03;1700.38|927.85;1739.52|926.08;1781.34|927.02;1822.17|925.70;1850.17|966.16;1862.10|925.95,1563.83|926.60;1604.65|925.21;1646.18|926.65;1691.02|928.78;1735.34|926.35;1774.30|927.29;1794.61|958.12;1815.18|926.34;1854.41|926.93,high,
square-profile/single-28,9,9,"0-0,1-1,2-2,3-3,4-4,5-5,6-7,7-6,8-8",1576.13|925.25;1617.14|925.76;1659.01|926.81;1700.59|927.77;1739.75|925.99;1781.44|927.17;1820.74|925.82;1850.85|966.84;1861.06|926.27,1563.97|926.00;1604.57|924.82;1645.23|926.01;1691.92|928.17;1735.49|925.97;1775.41|927.05;1795.03|958.14;1813.98|925.45;1853.53|926.04,high,
square-profile/standing-01,4,4,"0-0,1-1,2-2,3-3",1658.86|926.30;1698.14|927.56;1747.66|934.22;1793.54|926.42,1646.43|926.00;1687.87|926.09;1737.22|935.04;1783.05|927.48,high,
l-profile-reshoot/overlap-01,5,5,"0-0,1-1,2-2,3-3,4-4",1583.09|916.22;1654.76|916.97;1721.26|918.56;1769.65|918.91;1803.07|919.49,1600.57|915.97;1673.80|916.45;1751.40|915.83;1789.89|919.99;1822.00|919.63,high,"Side 2 has one more profile on the left, not visible in side 1 (the count annotation records six faces against the five confirmed here); the aligned pairing arms all agree on this identity pairing."
