split,scene_id,side,family,category,gt,n_labels,n_learned,n_classical,threshold
scene,l-profile/overlap-01,1,l-profile,overlap,5,5,5,5,0.45
scene,l-profile/overlap-01,2,l-profile,overlap,6,5,5,6,0.45
scene,l-profile/standing-01,1,l-profile,standing,3,3,3,3,0.475
scene,l-profile/standing-01,2,l-profile,standing,3,3,3,3,0.475
scene,l-profile/single-01,1,l-profile,single,3,3,3,3,0.4
scene,l-profile/single-01,2,l-profile,single,3,3,3,3,0.4
scene,l-profile/single-02,1,l-profile,single,3,3,3,3,0.4
scene,l-profile/single-02,2,l-profile,single,3,3,4,3,0.4
scene,l-profile/single-03,1,l-profile,single,3,3,3,3,0.45
scene,l-profile/single-03,2,l-profile,single,3,3,3,3,0.45
scene,l-profile/single-04,1,l-profile,single,3,3,3,3,0.45
scene,l-profile/single-04,2,l-profile,single,2,2,2,2,0.45
scene,l-profile/single-05,1,l-profile,single,3,3,3,3,0.475
scene,l-profile/single-05,2,l-profile,single,3,3,3,3,0.475
scene,l-profile/single-06,1,l-profile,single,3,3,3,3,0.475
scene,l-profile/single-06,2,l-profile,single,3,3,3,3,0.475
scene,l-profile/overlap-02,1,l-profile,overlap,2,2,2,2,0.475
scene,l-profile/overlap-02,2,l-profile,overlap,2,2,2,2,0.475
scene,l-profile/single-07,1,l-profile,single,2,1,1,2,0.475
scene,l-profile/single-07,2,l-profile,single,1,1,1,1,0.475
scene,l-profile/overlap-03,1,l-profile,overlap,5,4,4,4,0.4
scene,l-profile/overlap-03,2,l-profile,overlap,5,5,6,5,0.4
scene,l-profile/crossed-01,1,l-profile,crossed,4,4,4,4,0.45
scene,l-profile/crossed-01,2,l-profile,crossed,4,4,4,4,0.45
scene,l-profile/crossed-02,1,l-profile,crossed,4,4,4,4,0.4
scene,l-profile/crossed-02,2,l-profile,crossed,4,4,4,4,0.4
scene,l-profile/tilted-01,1,l-profile,tilted,2,2,2,2,0.4
scene,l-profile/tilted-01,2,l-profile,tilted,4,3,5,3,0.4
scene,l-profile/standing-02,1,l-profile,standing,4,4,6,4,0.4
scene,l-profile/standing-02,2,l-profile,standing,4,4,4,4,0.4
scene,l-profile/standing-03,1,l-profile,standing,4,4,4,4,0.4
scene,l-profile/standing-03,2,l-profile,standing,4,4,4,4,0.4
scene,l-profile/single-08,1,l-profile,single,2,1,1,2,0.475
scene,l-profile/single-08,2,l-profile,single,2,2,2,2,0.475
scene,l-profile/single-09,1,l-profile,single,2,2,3,2,0.4
scene,l-profile/single-09,2,l-profile,single,2,2,2,2,0.4
scene,l-profile/overlap-04,1,l-profile,overlap,4,3,4,4,0.475
scene,l-profile/overlap-04,2,l-profile,overlap,4,4,3,4,0.475
scene,l-profile/overlap-05,1,l-profile,overlap,4,3,6,4,0.4
scene,l-profile/overlap-05,2,l-profile,overlap,4,4,6,4,0.4
scene,l-profile/overlap-06,1,l-profile,overlap,4,3,3,4,0.45
scene,l-profile/overlap-06,2,l-profile,overlap,4,4,5,4,0.45
scene,l-profile/overlap-07,1,l-profile,overlap,4,3,5,4,0.475
scene,l-profile/overlap-07,2,l-profile,overlap,4,4,3,4,0.475
scene,l-profile/overlap-08,1,l-profile,overlap,4,3,3,4,0.45
scene,l-profile/overlap-08,2,l-profile,overlap,4,4,5,4,0.45
scene,l-profile/overlap-09,1,l-profile,overlap,4,3,5,4,0.475
scene,l-profile/overlap-09,2,l-profile,overlap,4,4,5,4,0.475
scene,l-profile/overlap-10,1,l-profile,overlap,4,3,5,4,0.4
scene,l-profile/overlap-10,2,l-profile,overlap,4,4,7,4,0.4
scene,l-profile/crossed-03,1,l-profile,crossed,4,3,5,4,0.4
scene,l-profile/crossed-03,2,l-profile,crossed,4,4,6,4,0.4
scene,l-profile/crossed-04,1,l-profile,crossed,4,2,2,2,0.45
scene,l-profile/crossed-04,2,l-profile,crossed,4,2,2,2,0.45
scene,l-profile/crossed-05,1,l-profile,crossed,4,2,2,2,0.475
scene,l-profile/crossed-05,2,l-profile,crossed,4,2,2,2,0.475
scene,l-profile/single-10,1,l-profile,single,4,2,2,2,0.45
scene,l-profile/single-10,2,l-profile,single,4,4,3,4,0.45
scene,l-profile/crossed-06,1,l-profile,crossed,4,2,3,2,0.4
scene,l-profile/crossed-06,2,l-profile,crossed,4,4,3,4,0.4
scene,l-profile/overlap-11,1,l-profile,overlap,4,4,3,4,0.45
scene,l-profile/overlap-11,2,l-profile,overlap,4,4,4,4,0.45
scene,l-profile/overlap-12,1,l-profile,overlap,3,3,2,3,0.475
scene,l-profile/overlap-12,2,l-profile,overlap,3,3,2,3,0.475
scene,l-profile/standing-04,1,l-profile,standing,4,4,3,4,0.4
scene,l-profile/standing-04,2,l-profile,standing,5,4,4,4,0.4
scene,l-profile/standing-05,1,l-profile,standing,3,3,3,3,0.4
scene,l-profile/standing-05,2,l-profile,standing,4,3,3,3,0.4
scene,l-profile/single-11,1,l-profile,single,3,3,4,3,0.475
scene,l-profile/single-11,2,l-profile,single,3,3,4,3,0.475
scene,l-profile/crossed-07,1,l-profile,crossed,3,3,2,3,0.475
scene,l-profile/crossed-07,2,l-profile,crossed,3,3,3,3,0.475
scene,l-profile/crossed-08,1,l-profile,crossed,3,3,2,3,0.4
scene,l-profile/crossed-08,2,l-profile,crossed,3,3,4,3,0.4
scene,l-profile/overlap-13,1,l-profile,overlap,3,3,3,3,0.475
scene,l-profile/overlap-13,2,l-profile,overlap,2,2,2,2,0.475
scene,l-profile/overlap-14,1,l-profile,overlap,3,3,4,3,0.4
scene,l-profile/overlap-14,2,l-profile,overlap,3,3,3,3,0.4
scene,l-profile/single-12,1,l-profile,single,2,2,2,2,0.475
scene,l-profile/single-12,2,l-profile,single,2,2,2,2,0.475
scene,square-profile/single-01,1,square-profile,single,10,10,9,10,0.45
scene,square-profile/single-01,2,square-profile,single,8,8,8,8,0.45
scene,square-profile/single-02,1,square-profile,single,4,4,4,4,0.4
scene,square-profile/single-02,2,square-profile,single,4,4,4,4,0.4
scene,square-profile/single-03,1,square-profile,single,4,4,4,4,0.45
scene,square-profile/single-03,2,square-profile,single,4,4,4,4,0.45
scene,square-profile/single-04,1,square-profile,single,4,4,4,4,0.4
scene,square-profile/single-04,2,square-profile,single,4,4,4,4,0.4
scene,square-profile/single-05,1,square-profile,single,4,3,3,3,0.475
scene,square-profile/single-05,2,square-profile,single,4,4,4,4,0.475
scene,square-profile/single-06,1,square-profile,single,4,4,4,4,0.4
scene,square-profile/single-06,2,square-profile,single,3,3,3,3,0.4
scene,square-profile/single-07,1,square-profile,single,4,4,4,4,0.475
scene,square-profile/single-07,2,square-profile,single,3,3,3,3,0.475
scene,square-profile/single-08,1,square-profile,single,4,4,4,4,0.475
scene,square-profile/single-08,2,square-profile,single,4,4,4,4,0.475
scene,square-profile/single-09,1,square-profile,single,3,3,3,3,0.4
scene,square-profile/single-09,2,square-profile,single,3,3,3,3,0.4
scene,square-profile/single-10,1,square-profile,single,2,2,2,2,0.45
scene,square-profile/single-10,2,square-profile,single,2,2,2,2,0.45
scene,square-profile/standing-01,1,square-profile,standing,4,4,4,4,0.475
scene,square-profile/standing-01,2,square-profile,standing,4,4,4,4,0.475
scene,square-profile/single-11,1,square-profile,single,8,8,7,8,0.475
scene,square-profile/single-11,2,square-profile,single,6,5,5,5,0.475
scene,square-profile/single-12,1,square-profile,single,3,3,3,3,0.4
scene,square-profile/single-12,2,square-profile,single,3,3,3,3,0.4
scene,square-profile/single-13,1,square-profile,single,3,3,3,3,0.45
scene,square-profile/single-13,2,square-profile,single,3,3,3,3,0.45
scene,square-profile/single-14,1,square-profile,single,3,3,3,3,0.45
scene,square-profile/single-14,2,square-profile,single,3,3,3,3,0.45
scene,square-profile/single-15,1,square-profile,single,3,3,3,3,0.475
scene,square-profile/single-15,2,square-profile,single,3,3,3,3,0.475
scene,square-profile/single-16,1,square-profile,single,3,3,2,4,0.475
scene,square-profile/single-16,2,square-profile,single,3,3,3,3,0.475
scene,square-profile/single-17,1,square-profile,single,5,4,4,6,0.475
scene,square-profile/single-17,2,square-profile,single,5,5,5,10,0.475
scene,square-profile/single-18,1,square-profile,single,29,28,4,28,0.45
scene,square-profile/single-18,2,square-profile,single,29,23,4,25,0.45
scene,square-profile/single-19,1,square-profile,single,3,3,3,3,0.4
scene,square-profile/single-19,2,square-profile,single,3,3,3,3,0.4
scene,square-profile/single-20,1,square-profile,single,6,5,5,5,0.4
scene,square-profile/single-20,2,square-profile,single,9,8,8,9,0.4
scene,square-profile/single-21,1,square-profile,single,8,8,7,8,0.45
scene,square-profile/single-21,2,square-profile,single,7,7,7,7,0.45
scene,square-profile/single-22,1,square-profile,single,8,7,6,8,0.45
scene,square-profile/single-22,2,square-profile,single,8,8,8,8,0.45
scene,square-profile/single-23,1,square-profile,single,8,7,7,7,0.4
scene,square-profile/single-23,2,square-profile,single,8,7,7,8,0.4
scene,square-profile/single-24,1,square-profile,single,8,8,8,8,0.4
scene,square-profile/single-24,2,square-profile,single,8,8,8,8,0.4
scene,square-profile/single-25,1,square-profile,single,8,8,7,8,0.475
scene,square-profile/single-25,2,square-profile,single,8,7,7,7,0.475
scene,square-profile/single-26,1,square-profile,single,7,7,7,7,0.4
scene,square-profile/single-26,2,square-profile,single,9,8,8,8,0.4
scene,square-profile/single-27,1,square-profile,single,8,9,9,9,0.475
scene,square-profile/single-27,2,square-profile,single,10,9,8,9,0.475
scene,square-profile/single-28,1,square-profile,single,9,9,9,9,0.45
scene,square-profile/single-28,2,square-profile,single,10,9,8,9,0.45
scene,l-profile-reshoot/single-01,1,l-profile-reshoot,single,5,4,5,4,0.4
scene,l-profile-reshoot/single-01,2,l-profile-reshoot,single,4,3,3,3,0.4
scene,l-profile-reshoot/tilted-01,1,l-profile-reshoot,tilted,5,4,4,4,0.4
scene,l-profile-reshoot/tilted-01,2,l-profile-reshoot,tilted,4,3,3,3,0.4
scene,l-profile-reshoot/tilted-02,1,l-profile-reshoot,tilted,5,4,5,4,0.4
scene,l-profile-reshoot/tilted-02,2,l-profile-reshoot,tilted,4,3,3,3,0.4
scene,l-profile-reshoot/single-02,1,l-profile-reshoot,single,2,2,2,2,0.475
scene,l-profile-reshoot/single-02,2,l-profile-reshoot,single,2,1,1,2,0.475
scene,l-profile-reshoot/overlap-02,1,l-profile-reshoot,overlap,3,3,4,3,0.4
scene,l-profile-reshoot/overlap-02,2,l-profile-reshoot,overlap,3,3,3,3,0.4
scene,l-profile-reshoot/overlap-03,1,l-profile-reshoot,overlap,4,4,5,4,0.4
scene,l-profile-reshoot/overlap-03,2,l-profile-reshoot,overlap,4,4,5,4,0.4
scene,l-profile-reshoot/standing-01,1,l-profile-reshoot,standing,4,4,4,4,0.475
scene,l-profile-reshoot/standing-01,2,l-profile-reshoot,standing,6,6,6,6,0.475
scene,l-profile-reshoot/standing-02,1,l-profile-reshoot,standing,4,4,4,4,0.475
scene,l-profile-reshoot/standing-02,2,l-profile-reshoot,standing,6,6,5,6,0.475
scene,l-profile-reshoot/standing-03,1,l-profile-reshoot,standing,4,4,4,4,0.475
scene,l-profile-reshoot/standing-03,2,l-profile-reshoot,standing,6,6,6,6,0.475
scene,l-profile-reshoot/tilted-03,1,l-profile-reshoot,tilted,4,3,5,4,0.4
scene,l-profile-reshoot/tilted-03,2,l-profile-reshoot,tilted,5,5,4,5,0.4
scene,l-profile-reshoot/crossed-01,1,l-profile-reshoot,crossed,3,3,2,3,0.45
scene,l-profile-reshoot/crossed-01,2,l-profile-reshoot,crossed,2,2,2,2,0.45
scene,l-profile-reshoot/tilted-04,1,l-profile-reshoot,tilted,3,3,3,3,0.4
scene,l-profile-reshoot/tilted-04,2,l-profile-reshoot,tilted,3,3,3,3,0.4
scene,l-profile-reshoot/single-03,1,l-profile-reshoot,single,3,3,2,3,0.475
scene,l-profile-reshoot/single-03,2,l-profile-reshoot,single,3,3,2,3,0.475
scene,l-profile-reshoot/tilted-05,1,l-profile-reshoot,tilted,3,3,2,3,0.4
scene,l-profile-reshoot/tilted-05,2,l-profile-reshoot,tilted,3,3,3,3,0.4
scene,l-profile-reshoot/standing-04,1,l-profile-reshoot,standing,2,2,2,2,0.475
scene,l-profile-reshoot/standing-04,2,l-profile-reshoot,standing,3,2,2,3,0.475
scene,l-profile-reshoot/overlap-04,1,l-profile-reshoot,overlap,4,4,4,4,0.475
scene,l-profile-reshoot/overlap-04,2,l-profile-reshoot,overlap,4,4,4,4,0.475
scene,l-profile-reshoot/overlap-05,1,l-profile-reshoot,overlap,3,3,5,3,0.4
scene,l-profile-reshoot/overlap-05,2,l-profile-reshoot,overlap,3,3,3,3,0.4
scene,l-profile-reshoot/overlap-06,1,l-profile-reshoot,overlap,3,3,3,3,0.475
scene,l-profile-reshoot/overlap-06,2,l-profile-reshoot,overlap,3,3,2,3,0.475
scene,l-profile-reshoot/overlap-07,1,l-profile-reshoot,overlap,5,4,6,4,0.475
scene,l-profile-reshoot/overlap-07,2,l-profile-reshoot,overlap,4,4,3,4,0.475
scene,l-profile-reshoot/overlap-08,1,l-profile-reshoot,overlap,5,4,7,4,0.4
scene,l-profile-reshoot/overlap-08,2,l-profile-reshoot,overlap,5,4,5,5,0.4
scene,l-profile-reshoot/overlap-09,1,l-profile-reshoot,overlap,5,4,5,4,0.4
scene,l-profile-reshoot/overlap-09,2,l-profile-reshoot,overlap,5,4,5,5,0.4
scene,l-profile-reshoot/standing-05,1,l-profile-reshoot,standing,11,11,2,11,0.475
scene,l-profile-reshoot/standing-05,2,l-profile-reshoot,standing,11,11,2,11,0.475
scene,l-profile-reshoot/standing-06,1,l-profile-reshoot,standing,11,0,11,11,0.475
scene,l-profile-reshoot/standing-06,2,l-profile-reshoot,standing,11,0,11,11,0.475
scene,l-profile-reshoot/standing-07,1,l-profile-reshoot,standing,9,8,5,8,0.475
scene,l-profile-reshoot/standing-07,2,l-profile-reshoot,standing,9,9,5,9,0.475
scene,complex-profile/single-01,1,complex-profile,single,2,1,0,4,0.475
scene,complex-profile/single-01,2,complex-profile,single,2,1,0,2,0.475
scene,complex-profile/single-02,1,complex-profile,single,3,1,1,2,0.475
scene,complex-profile/single-02,2,complex-profile,single,2,2,0,2,0.475
scene,complex-profile/single-03,1,complex-profile,single,2,2,0,2,0.4
scene,complex-profile/single-03,2,complex-profile,single,2,2,0,2,0.4
scene,complex-profile/single-04,1,complex-profile,single,1,1,0,1,0.4
scene,complex-profile/single-04,2,complex-profile,single,1,1,0,1,0.4
scene,heavy-profile/single-01,1,heavy-profile,single,3,3,2,3,0.45
scene,heavy-profile/single-01,2,heavy-profile,single,3,3,3,3,0.45
scene,heavy-profile/single-02,1,heavy-profile,single,3,3,2,3,0.4
scene,heavy-profile/single-02,2,heavy-profile,single,3,3,3,3,0.4
scene,heavy-profile/single-03,1,heavy-profile,single,3,3,2,3,0.4
scene,heavy-profile/single-03,2,heavy-profile,single,3,3,3,3,0.4
scene,heavy-profile/single-04,1,heavy-profile,standing,3,3,3,3,0.475
scene,heavy-profile/single-04,2,heavy-profile,standing,4,3,3,3,0.475
scene,heavy-profile/standing-01,1,heavy-profile,standing,3,3,3,3,0.45
scene,heavy-profile/standing-01,2,heavy-profile,standing,4,3,3,3,0.45
scene,heavy-profile/single-05,1,heavy-profile,single,3,3,2,3,0.4
scene,heavy-profile/single-05,2,heavy-profile,single,3,3,3,3,0.4
scene,heavy-profile/single-06,1,heavy-profile,single,3,3,2,3,0.475
scene,heavy-profile/single-06,2,heavy-profile,single,3,3,2,3,0.475
scene,heavy-profile/single-07,1,heavy-profile,single,3,3,2,3,0.475
scene,heavy-profile/single-07,2,heavy-profile,single,3,3,2,3,0.475
scene,heavy-profile/single-08,1,heavy-profile,single,3,3,3,3,0.45
scene,heavy-profile/single-08,2,heavy-profile,single,3,3,2,3,0.45
scene,heavy-profile/single-09,1,heavy-profile,single,3,3,2,4,0.475
scene,heavy-profile/single-09,2,heavy-profile,single,3,3,2,3,0.475
scene,heavy-profile/single-10,1,heavy-profile,single,3,3,2,5,0.475
scene,heavy-profile/single-10,2,heavy-profile,single,3,3,3,3,0.475
family,l-profile/overlap-01,1,l-profile,overlap,5,5,1,5,0.125
family,l-profile/overlap-01,2,l-profile,overlap,6,5,0,6,0.125
family,l-profile/standing-01,1,l-profile,standing,3,3,1,3,0.125
family,l-profile/standing-01,2,l-profile,standing,3,3,1,3,0.125
family,l-profile/single-01,1,l-profile,single,3,3,0,3,0.125
family,l-profile/single-01,2,l-profile,single,3,3,0,3,0.125
family,l-profile/single-02,1,l-profile,single,3,3,0,3,0.125
family,l-profile/single-02,2,l-profile,single,3,3,0,3,0.125
family,l-profile/single-03,1,l-profile,single,3,3,0,3,0.125
family,l-profile/single-03,2,l-profile,single,3,3,0,3,0.125
family,l-profile/single-04,1,l-profile,single,3,3,0,3,0.125
family,l-profile/single-04,2,l-profile,single,2,2,0,2,0.125
family,l-profile/single-05,1,l-profile,single,3,3,0,3,0.125
family,l-profile/single-05,2,l-profile,single,3,3,0,3,0.125
family,l-profile/single-06,1,l-profile,single,3,3,0,3,0.125
family,l-profile/single-06,2,l-profile,single,3,3,0,3,0.125
family,l-profile/overlap-02,1,l-profile,overlap,2,2,0,2,0.125
family,l-profile/overlap-02,2,l-profile,overlap,2,2,0,2,0.125
family,l-profile/single-07,1,l-profile,single,2,1,0,2,0.125
family,l-profile/single-07,2,l-profile,single,1,1,0,1,0.125
family,l-profile/overlap-03,1,l-profile,overlap,5,4,0,4,0.125
family,l-profile/overlap-03,2,l-profile,overlap,5,5,1,5,0.125
family,l-profile/crossed-01,1,l-profile,crossed,4,4,0,4,0.125
family,l-profile/crossed-01,2,l-profile,crossed,4,4,0,4,0.125
family,l-profile/crossed-02,1,l-profile,crossed,4,4,0,4,0.125
family,l-profile/crossed-02,2,l-profile,crossed,4,4,0,4,0.125
family,l-profile/tilted-01,1,l-profile,tilted,2,2,0,2,0.125
family,l-profile/tilted-01,2,l-profile,tilted,4,3,1,3,0.125
family,l-profile/standing-02,1,l-profile,standing,4,4,1,4,0.125
family,l-profile/standing-02,2,l-profile,standing,4,4,1,4,0.125
family,l-profile/standing-03,1,l-profile,standing,4,4,1,4,0.125
family,l-profile/standing-03,2,l-profile,standing,4,4,1,4,0.125
family,l-profile/single-08,1,l-profile,single,2,1,0,2,0.125
family,l-profile/single-08,2,l-profile,single,2,2,0,2,0.125
family,l-profile/single-09,1,l-profile,single,2,2,2,2,0.125
family,l-profile/single-09,2,l-profile,single,2,2,0,2,0.125
family,l-profile/overlap-04,1,l-profile,overlap,4,3,0,4,0.125
family,l-profile/overlap-04,2,l-profile,overlap,4,4,1,4,0.125
family,l-profile/overlap-05,1,l-profile,overlap,4,3,1,4,0.125
family,l-profile/overlap-05,2,l-profile,overlap,4,4,1,4,0.125
family,l-profile/overlap-06,1,l-profile,overlap,4,3,1,4,0.125
family,l-profile/overlap-06,2,l-profile,overlap,4,4,0,4,0.125
family,l-profile/overlap-07,1,l-profile,overlap,4,3,1,4,0.125
family,l-profile/overlap-07,2,l-profile,overlap,4,4,1,4,0.125
family,l-profile/overlap-08,1,l-profile,overlap,4,3,1,4,0.125
family,l-profile/overlap-08,2,l-profile,overlap,4,4,1,4,0.125
family,l-profile/overlap-09,1,l-profile,overlap,4,3,1,4,0.125
family,l-profile/overlap-09,2,l-profile,overlap,4,4,1,4,0.125
family,l-profile/overlap-10,1,l-profile,overlap,4,3,0,4,0.125
family,l-profile/overlap-10,2,l-profile,overlap,4,4,1,4,0.125
family,l-profile/crossed-03,1,l-profile,crossed,4,3,0,4,0.125
family,l-profile/crossed-03,2,l-profile,crossed,4,4,0,4,0.125
family,l-profile/crossed-04,1,l-profile,crossed,4,2,0,2,0.125
family,l-profile/crossed-04,2,l-profile,crossed,4,2,0,2,0.125
family,l-profile/crossed-05,1,l-profile,crossed,4,2,0,2,0.125
family,l-profile/crossed-05,2,l-profile,crossed,4,2,0,2,0.125
family,l-profile/single-10,1,l-profile,single,4,2,1,2,0.125
family,l-profile/single-10,2,l-profile,single,4,4,1,4,0.125
family,l-profile/crossed-06,1,l-profile,crossed,4,2,1,2,0.125
family,l-profile/crossed-06,2,l-profile,crossed,4,4,1,4,0.125
family,l-profile/overlap-11,1,l-profile,overlap,4,4,0,4,0.125
family,l-profile/overlap-11,2,l-profile,overlap,4,4,0,4,0.125
family,l-profile/overlap-12,1,l-profile,overlap,3,3,0,3,0.125
family,l-profile/overlap-12,2,l-profile,overlap,3,3,0,3,0.125
family,l-profile/standing-04,1,l-profile,standing,4,4,0,4,0.125
family,l-profile/standing-04,2,l-profile,standing,5,4,1,4,0.125
family,l-profile/standing-05,1,l-profile,standing,3,3,2,3,0.125
family,l-profile/standing-05,2,l-profile,standing,4,3,0,3,0.125
family,l-profile/single-11,1,l-profile,single,3,3,0,3,0.125
family,l-profile/single-11,2,l-profile,single,3,3,0,3,0.125
family,l-profile/crossed-07,1,l-profile,crossed,3,3,2,3,0.125
family,l-profile/crossed-07,2,l-profile,crossed,3,3,0,3,0.125
family,l-profile/crossed-08,1,l-profile,crossed,3,3,2,3,0.125
family,l-profile/crossed-08,2,l-profile,crossed,3,3,0,3,0.125
family,l-profile/overlap-13,1,l-profile,overlap,3,3,1,3,0.125
family,l-profile/overlap-13,2,l-profile,overlap,2,2,0,2,0.125
family,l-profile/overlap-14,1,l-profile,overlap,3,3,1,3,0.125
family,l-profile/overlap-14,2,l-profile,overlap,3,3,0,3,0.125
family,l-profile/single-12,1,l-profile,single,2,2,0,2,0.125
family,l-profile/single-12,2,l-profile,single,2,2,0,2,0.125
family,square-profile/single-01,1,square-profile,single,10,10,1,10,0.2
family,square-profile/single-01,2,square-profile,single,8,8,0,8,0.2
family,square-profile/single-02,1,square-profile,single,4,4,8,4,0.2
family,square-profile/single-02,2,square-profile,single,4,4,8,4,0.2
family,square-profile/single-03,1,square-profile,single,4,4,2,4,0.2
family,square-profile/single-03,2,square-profile,single,4,4,3,4,0.2
family,square-profile/single-04,1,square-profile,single,4,4,1,4,0.2
family,square-profile/single-04,2,square-profile,single,4,4,2,4,0.2
family,square-profile/single-05,1,square-profile,single,4,3,5,3,0.2
family,square-profile/single-05,2,square-profile,single,4,4,5,4,0.2
family,square-profile/single-06,1,square-profile,single,4,4,4,4,0.2
family,square-profile/single-06,2,square-profile,single,3,3,3,3,0.2
family,square-profile/single-07,1,square-profile,single,4,4,6,4,0.2
family,square-profile/single-07,2,square-profile,single,3,3,3,3,0.2
family,square-profile/single-08,1,square-profile,single,4,4,2,4,0.2
family,square-profile/single-08,2,square-profile,single,4,4,4,4,0.2
family,square-profile/single-09,1,square-profile,single,3,3,4,3,0.2
family,square-profile/single-09,2,square-profile,single,3,3,3,3,0.2
family,square-profile/single-10,1,square-profile,single,2,2,4,2,0.2
family,square-profile/single-10,2,square-profile,single,2,2,4,2,0.2
family,square-profile/standing-01,1,square-profile,standing,4,4,2,4,0.2
family,square-profile/standing-01,2,square-profile,standing,4,4,4,4,0.2
family,square-profile/single-11,1,square-profile,single,8,8,1,8,0.2
family,square-profile/single-11,2,square-profile,single,6,5,1,5,0.2
family,square-profile/single-12,1,square-profile,single,3,3,1,3,0.2
family,square-profile/single-12,2,square-profile,single,3,3,3,3,0.2
family,square-profile/single-13,1,square-profile,single,3,3,5,3,0.2
family,square-profile/single-13,2,square-profile,single,3,3,3,3,0.2
family,square-profile/single-14,1,square-profile,single,3,3,5,3,0.2
family,square-profile/single-14,2,square-profile,single,3,3,1,3,0.2
family,square-profile/single-15,1,square-profile,single,3,3,0,3,0.2
family,square-profile/single-15,2,square-profile,single,3,3,3,3,0.2
family,square-profile/single-16,1,square-profile,single,3,3,1,4,0.2
family,square-profile/single-16,2,square-profile,single,3,3,3,3,0.2
family,square-profile/single-17,1,square-profile,single,5,4,2,6,0.2
family,square-profile/single-17,2,square-profile,single,5,5,3,10,0.2
family,square-profile/single-18,1,square-profile,single,29,28,0,28,0.2
family,square-profile/single-18,2,square-profile,single,29,23,0,25,0.2
family,square-profile/single-19,1,square-profile,single,3,3,1,3,0.2
family,square-profile/single-19,2,square-profile,single,3,3,0,3,0.2
family,square-profile/single-20,1,square-profile,single,6,5,0,5,0.2
family,square-profile/single-20,2,square-profile,single,9,8,3,9,0.2
family,square-profile/single-21,1,square-profile,single,8,8,2,8,0.2
family,square-profile/single-21,2,square-profile,single,7,7,4,7,0.2
family,square-profile/single-22,1,square-profile,single,8,7,1,8,0.2
family,square-profile/single-22,2,square-profile,single,8,8,2,8,0.2
family,square-profile/single-23,1,square-profile,single,8,7,0,7,0.2
family,square-profile/single-23,2,square-profile,single,8,7,1,8,0.2
family,square-profile/single-24,1,square-profile,single,8,8,2,8,0.2
family,square-profile/single-24,2,square-profile,single,8,8,0,8,0.2
family,square-profile/single-25,1,square-profile,single,8,8,3,8,0.2
family,square-profile/single-25,2,square-profile,single,8,7,1,7,0.2
family,square-profile/single-26,1,square-profile,single,7,7,1,7,0.2
family,square-profile/single-26,2,square-profile,single,9,8,0,8,0.2
family,square-profile/single-27,1,square-profile,single,8,9,1,9,0.2
family,square-profile/single-27,2,square-profile,single,10,9,2,9,0.2
family,square-profile/single-28,1,square-profile,single,9,9,2,9,0.2
family,square-profile/single-28,2,square-profile,single,10,9,2,9,0.2
family,l-profile-reshoot/single-01,1,l-profile-reshoot,single,5,4,1,4,0.125
family,l-profile-reshoot/single-01,2,l-profile-reshoot,single,4,3,1,3,0.125
family,l-profile-reshoot/tilted-01,1,l-profile-reshoot,tilted,5,4,1,4,0.125
family,l-profile-reshoot/tilted-01,2,l-profile-reshoot,tilted,4,3,3,3,0.125
family,l-profile-reshoot/tilted-02,1,l-profile-reshoot,tilted,5,4,0,4,0.125
family,l-profile-reshoot/tilted-02,2,l-profile-reshoot,tilted,4,3,0,3,0.125
family,l-profile-reshoot/single-02,1,l-profile-reshoot,single,2,2,0,2,0.125
family,l-profile-reshoot/single-02,2,l-profile-reshoot,single,2,1,0,2,0.125
family,l-profile-reshoot/overlap-02,1,l-profile-reshoot,overlap,3,3,1,3,0.125
family,l-profile-reshoot/overlap-02,2,l-profile-reshoot,overlap,3,3,0,3,0.125
family,l-profile-reshoot/overlap-03,1,l-profile-reshoot,overlap,4,4,1,4,0.125
family,l-profile-reshoot/overlap-03,2,l-profile-reshoot,overlap,4,4,0,4,0.125
family,l-profile-reshoot/standing-01,1,l-profile-reshoot,standing,4,4,1,4,0.125
family,l-profile-reshoot/standing-01,2,l-profile-reshoot,standing,6,6,3,6,0.125
family,l-profile-reshoot/standing-02,1,l-profile-reshoot,standing,4,4,1,4,0.125
family,l-profile-reshoot/standing-02,2,l-profile-reshoot,standing,6,6,1,6,0.125
family,l-profile-reshoot/standing-03,1,l-profile-reshoot,standing,4,4,1,4,0.125
family,l-profile-reshoot/standing-03,2,l-profile-reshoot,standing,6,6,2,6,0.125
family,l-profile-reshoot/tilted-03,1,l-profile-reshoot,tilted,4,3,0,4,0.125
family,l-profile-reshoot/tilted-03,2,l-profile-reshoot,tilted,5,5,0,5,0.125
family,l-profile-reshoot/crossed-01,1,l-profile-reshoot,crossed,3,3,1,3,0.125
family,l-profile-reshoot/crossed-01,2,l-profile-reshoot,crossed,2,2,0,2,0.125
family,l-profile-reshoot/tilted-04,1,l-profile-reshoot,tilted,3,3,0,3,0.125
family,l-profile-reshoot/tilted-04,2,l-profile-reshoot,tilted,3,3,2,3,0.125
family,l-profile-reshoot/single-03,1,l-profile-reshoot,single,3,3,1,3,0.125
family,l-profile-reshoot/single-03,2,l-profile-reshoot,single,3,3,1,3,0.125
family,l-profile-reshoot/tilted-05,1,l-profile-reshoot,tilted,3,3,2,3,0.125
family,l-profile-reshoot/tilted-05,2,l-profile-reshoot,tilted,3,3,2,3,0.125
family,l-profile-reshoot/standing-04,1,l-profile-reshoot,standing,2,2,2,2,0.125
family,l-profile-reshoot/standing-04,2,l-profile-reshoot,standing,3,2,1,3,0.125
family,l-profile-reshoot/overlap-04,1,l-profile-reshoot,overlap,4,4,0,4,0.125
family,l-profile-reshoot/overlap-04,2,l-profile-reshoot,overlap,4,4,0,4,0.125
family,l-profile-reshoot/overlap-05,1,l-profile-reshoot,overlap,3,3,0,3,0.125
family,l-profile-reshoot/overlap-05,2,l-profile-reshoot,overlap,3,3,0,3,0.125
family,l-profile-reshoot/overlap-06,1,l-profile-reshoot,overlap,3,3,0,3,0.125
family,l-profile-reshoot/overlap-06,2,l-profile-reshoot,overlap,3,3,0,3,0.125
family,l-profile-reshoot/overlap-07,1,l-profile-reshoot,overlap,5,4,0,4,0.125
family,l-profile-reshoot/overlap-07,2,l-profile-reshoot,overlap,4,4,1,4,0.125
family,l-profile-reshoot/overlap-08,1,l-profile-reshoot,overlap,5,4,0,4,0.125
family,l-profile-reshoot/overlap-08,2,l-profile-reshoot,overlap,5,4,0,5,0.125
family,l-profile-reshoot/overlap-09,1,l-profile-reshoot,overlap,5,4,0,4,0.125
family,l-profile-reshoot/overlap-09,2,l-profile-reshoot,overlap,5,4,1,5,0.125
family,l-profile-reshoot/standing-05,1,l-profile-reshoot,standing,11,11,0,11,0.125
family,l-profile-reshoot/standing-05,2,l-profile-reshoot,standing,11,11,0,11,0.125
family,l-profile-reshoot/standing-06,1,l-profile-reshoot,standing,11,0,0,11,0.125
family,l-profile-reshoot/standing-06,2,l-profile-reshoot,standing,11,0,0,11,0.125
family,l-profile-reshoot/standing-07,1,l-profile-reshoot,standing,9,8,2,8,0.125
family,l-profile-reshoot/standing-07,2,l-profile-reshoot,standing,9,9,1,9,0.125
family,complex-profile/single-01,1,complex-profile,single,2,1,0,4,0.35
family,complex-profile/single-01,2,complex-profile,single,2,1,0,2,0.35
family,complex-profile/single-02,1,complex-profile,single,3,1,0,2,0.35
family,complex-profile/single-02,2,complex-profile,single,2,2,0,2,0.35
family,complex-profile/single-03,1,complex-profile,single,2,2,0,2,0.35
family,complex-profile/single-03,2,complex-profile,single,2,2,0,2,0.35
family,complex-profile/single-04,1,complex-profile,single,1,1,0,1,0.35
family,complex-profile/single-04,2,complex-profile,single,1,1,0,1,0.35
family,heavy-profile/single-01,1,heavy-profile,single,3,3,11,3,0.2
family,heavy-profile/single-01,2,heavy-profile,single,3,3,13,3,0.2
family,heavy-profile/single-02,1,heavy-profile,single,3,3,11,3,0.2
family,heavy-profile/single-02,2,heavy-profile,single,3,3,14,3,0.2
family,heavy-profile/single-03,1,heavy-profile,single,3,3,11,3,0.2
family,heavy-profile/single-03,2,heavy-profile,single,3,3,13,3,0.2
family,heavy-profile/single-04,1,heavy-profile,standing,3,3,13,3,0.2
family,heavy-profile/single-04,2,heavy-profile,standing,4,3,11,3,0.2
family,heavy-profile/standing-01,1,heavy-profile,standing,3,3,13,3,0.2
family,heavy-profile/standing-01,2,heavy-profile,standing,4,3,11,3,0.2
family,heavy-profile/single-05,1,heavy-profile,single,3,3,12,3,0.2
family,heavy-profile/single-05,2,heavy-profile,single,3,3,10,3,0.2
family,heavy-profile/single-06,1,heavy-profile,single,3,3,17,3,0.2
family,heavy-profile/single-06,2,heavy-profile,single,3,3,18,3,0.2
family,heavy-profile/single-07,1,heavy-profile,single,3,3,16,3,0.2
family,heavy-profile/single-07,2,heavy-profile,single,3,3,17,3,0.2
family,heavy-profile/single-08,1,heavy-profile,single,3,3,15,3,0.2
family,heavy-profile/single-08,2,heavy-profile,single,3,3,19,3,0.2
family,heavy-profile/single-09,1,heavy-profile,single,3,3,10,4,0.2
family,heavy-profile/single-09,2,heavy-profile,single,3,3,11,3,0.2
family,heavy-profile/single-10,1,heavy-profile,single,3,3,14,5,0.2
family,heavy-profile/single-10,2,heavy-profile,single,3,3,9,3,0.2
