split,seed,fold,n_fit_scenes,n_fit_faces,n_val_scenes,n_test_scenes,threshold,val_f1,final_loss
scene,0,fold0,72,599,13,22,0.475,0.967,0.7303
scene,0,fold1,72,505,13,22,0.45,0.9627,0.7369
scene,0,fold2,73,605,13,22,0.475,0.9613,0.796
scene,0,fold3,74,595,13,21,0.4,0.958,0.7203
scene,0,fold4,73,614,13,21,0.4,0.9167,0.7452
scene,1,fold0,72,590,13,22,0.425,0.9462,0.797
scene,1,fold1,73,614,13,22,0.45,0.9626,0.8567
scene,1,fold2,73,514,13,22,0.5,0.9552,0.7369
scene,1,fold3,73,573,13,21,0.55,0.9061,0.7149
scene,1,fold4,73,600,13,21,0.55,0.9381,0.7774
family,0,complex-profile,92,770,11,4,0.35,0.7133,0.6777
family,0,heavy-profile,92,770,4,11,0.2,0.8571,0.6777
family,0,l-profile+l-profile-reshoot,40,403,4,64,0.125,0.8667,0.6502
family,0,square-profile,74,499,4,29,0.2,0.6667,0.6827
family,1,complex-profile,92,770,11,4,0.425,0.8286,0.6742
family,1,heavy-profile,92,770,4,11,0.15,0.75,0.6742
family,1,l-profile+l-profile-reshoot,40,403,4,64,0.125,0.7407,0.6721
family,1,square-profile,74,499,4,29,0.15,0.6957,0.7639
