scene_id,family,dxf,status,n_points_1,n_points_2,duplicate_of,md5_side1,md5_side2
complex-profile/single-01,complex-profile,complex-profile,ok,336489,398434,,5290eca2e7086a5ded536c0ecfbd37e0,c0fd88d46b8161d91bfead829fa1b1c1
complex-profile/single-02,complex-profile,complex-profile,ok,349101,331858,,8f542d134c3ea0ff1f94d56b22ab9467,eef224df41c13428fd2ede5600acaab5
complex-profile/single-03,complex-profile,complex-profile,ok,339178,337778,,e2190885e104d552c37e861605280da2,8631ea3339e625735d8a0f26435a0c0d
complex-profile/single-04,complex-profile,complex-profile,ok,393779,386756,,b336e25de0335aa491a15eb470d38f54,05ed395909dd910e558abd78f4045e47
heavy-profile/single-01,heavy-profile,heavy-profile,ok,334196,321165,,ff3c2dd7f4153ffd545fd2d303219103,5e68e5956106d2b85d81ebb8d3927c27
heavy-profile/single-02,heavy-profile,heavy-profile,ok,334835,321876,,aa8cbf0fa6f77670debed28c18e0df2c,10040e0c7af28f673ccec8ace4afe225
heavy-profile/single-03,heavy-profile,heavy-profile,ok,335085,321593,,c17c959b967b6664822cf184a8d99fd5,4c66f1aaffc0b062eb9ec495475bb7ea
heavy-profile/single-04,heavy-profile,heavy-profile,ok,327249,319044,,96be548b4509bb9963381bfa0d12a318,4cf06c90eeadb15b48a3e2020e71fe0e
heavy-profile/single-05,heavy-profile,heavy-profile,ok,345188,344381,,dfb3a4f0174c6c93ff64d750606554d7,22adb0d4b5b523a248c391dece69e15d
heavy-profile/single-06,heavy-profile,heavy-profile,ok,424106,283012,,99de7959a17b2a7bfcf50dde2894abb8,2da3391ec65f8f28ff6e1763707e3ab8
heavy-profile/single-07,heavy-profile,heavy-profile,ok,424510,283368,,7f9607b3bf466e0484c7f2797c5e7e50,9f5a48b705f7e2d1d980eb7b11b70f81
heavy-profile/single-08,heavy-profile,heavy-profile,ok,424414,283613,,f0fa99676b79240a9d677b71ab5b78bc,7c5c70a6d084c091e83e8a12e06354de
heavy-profile/single-09,heavy-profile,heavy-profile,ok,411273,270225,,9436e5f8efe8da3b0d0af1489f744381,6a924ac7e941fd446f102c1df9059d51
heavy-profile/single-10,heavy-profile,heavy-profile,ok,365730,345621,,9fb28603b2f2fd4640a38eb235f39ee1,588b4625990cb1c2cba2e342d3ba30f3
heavy-profile/standing-01,heavy-profile,heavy-profile,ok,327695,318750,,e7748a327c95989cdbc1baf51170a1e0,e6f178e510b7032c3a182f0e9834b515
l-profile-reshoot/crossed-01,l-profile-reshoot,l-profile,ok,326283,357200,,3da0c6124ac2499b8c131015152ed0ed,e4247fdf6a2b38fabbd660de802a5b78
l-profile-reshoot/overlap-01,l-profile-reshoot,l-profile,ok,213462,230966,l-profile/overlap-01,411a8739641810c8564fd564816da402,23ab6c9e245f0dc4101f575c209d9989
l-profile-reshoot/overlap-02,l-profile-reshoot,l-profile,ok,358388,370668,,23076eed2b7a53c87b14de51cdfcd70f,0363fa3f99b5d9322a60ffd997480d34
l-profile-reshoot/overlap-03,l-profile-reshoot,l-profile,ok,299151,318894,,f4d347150b5f9773575e58e9ebc2ce80,936f636c84b8a6e8b6e77cb6cc9f8480
l-profile-reshoot/overlap-04,l-profile-reshoot,l-profile,ok,313426,361079,,c3562c2c7c9b786bb34fb5c53f8275b2,448f1d65227dd7f58748141cdcd93696
l-profile-reshoot/overlap-05,l-profile-reshoot,l-profile,ok,371691,384077,,39bae9118f9ed90df6e7d0e81562c57c,7786f0862634536738c0f7598b25c131
l-profile-reshoot/overlap-06,l-profile-reshoot,l-profile,ok,372177,385881,,4472907693aad1aa9ff6ca9bfb8dbb8e,709f1bf27bb07147b75ec142fa558c38
l-profile-reshoot/overlap-07,l-profile-reshoot,l-profile,ok,257722,304382,,d6403fb47f480d02d373bdaaf24dbdea,39633e86c92a051886a3aa9f5e1a0f4f
l-profile-reshoot/overlap-08,l-profile-reshoot,l-profile,ok,243788,232072,,4666ccf286f6c1495534b889566b64d4,0097ef4c2d5167daa502f4802f019e12
l-profile-reshoot/overlap-09,l-profile-reshoot,l-profile,ok,224179,251746,,09436cf56ecf751be7868be5f8884127,5f218ac141bed37ac703298b42e3c4c9
l-profile-reshoot/single-01,l-profile-reshoot,l-profile,ok,260247,315206,,907a31dbe51ff35e269eaed5a13870ad,742ff82379a23872c29140a3d92a6eca
l-profile-reshoot/single-02,l-profile-reshoot,l-profile,ok,353918,358308,,199e5892ec8642f559df0e5e308fc3ca,0e5cd97a3e7072c88e13f31505e32962
l-profile-reshoot/single-03,l-profile-reshoot,l-profile,ok,315880,359452,,eae0915927c1fae1e84a316e150ff832,8770a84ae66166466c41584c822dbb30
l-profile-reshoot/standing-01,l-profile-reshoot,l-profile,ok,345797,326573,,c9a168de2ae65091b2e0dd1cc2928a38,98d3e83a77efd4a4fd20c1f00cbb8b2c
l-profile-reshoot/standing-02,l-profile-reshoot,l-profile,ok,307283,323496,,a4fff6bd48f217b66a01a0411147b868,b9104705c26dbbc81da803d14b38c113
l-profile-reshoot/standing-03,l-profile-reshoot,l-profile,ok,309014,324831,,ff0ed4676622f6fd3dca6fef6da508da,7373afd3ed08e680093a34b3e4ee8685
l-profile-reshoot/standing-04,l-profile-reshoot,l-profile,ok,415756,410091,,94840fa356aeead725b003b29d3b3c28,f65fe43c62ea13503dac11e2a86ba910
l-profile-reshoot/standing-05,l-profile-reshoot,l-profile,ok,258086,279228,,011f4e809fe0b5c8c555e528064aada0,ca72f7ff35addddd3b2608c38d9564ce
l-profile-reshoot/standing-06,l-profile-reshoot,l-profile,ok,258756,278754,,8dde5b197c6b450f7de8dd17ac0fdc08,2b7a7d7e348e250869b4d22e9aa1f97b
l-profile-reshoot/standing-07,l-profile-reshoot,l-profile,ok,239740,253343,,4500490eafd5347b3f9b6b9e33c1f574,e7af5f2afc3cddb8a9ed8923cc149012
l-profile-reshoot/tilted-01,l-profile-reshoot,l-profile,ok,252766,312477,,94fbe51e1878d744c74bd020c96c29b1,37db2e8c29f08dd86570a51db54ddb3e
l-profile-reshoot/tilted-02,l-profile-reshoot,l-profile,ok,256398,304451,,9863d2ce79faa011b529cb650c50d029,c57c4bb12a1fea736d7004b1fbe8e5d8
l-profile-reshoot/tilted-03,l-profile-reshoot,l-profile,ok,263243,265340,,49810a567007fce20401701c2daccdd8,6dc0d687ae3357a3716bf40cef207d51
l-profile-reshoot/tilted-04,l-profile-reshoot,l-profile,ok,300590,333541,,9a8f995a6b02b1e9ff00a447773c641f,ac03bdaca38e8712be5d2cf511970b08
l-profile-reshoot/tilted-05,l-profile-reshoot,l-profile,ok,322493,355431,,6e2a79bb89575704f89457024dd0758e,6b9c93670629988480835818882224ae
l-profile/crossed-01,l-profile,l-profile,ok,261385,279208,,9a5c8c28647d086bad636633d9760c78,310fb2b1d9f60fb898f5db8d51e1c8b6
l-profile/crossed-02,l-profile,l-profile,ok,250566,290506,,dbfd84716451281f8423869bcc6d2e3a,277f71eeb410ff4f792964b739dd1f3a
l-profile/crossed-03,l-profile,l-profile,ok,257414,263774,,acf5b8fc92467c59b6792108f38a0e2f,198fa64ac140fbc3726efb8525d6cc23
l-profile/crossed-04,l-profile,l-profile,ok,383477,376144,,e8c8f816e099eb9615e621e7320e645d,b21842ead36dde1f6060be56d9601ab4
l-profile/crossed-05,l-profile,l-profile,ok,398530,398841,,4c544fdbef1f0e171a7a2686d787ebd2,e97159566b7f438748088c7e89c5c316
l-profile/crossed-06,l-profile,l-profile,ok,382802,354263,,4f538b6192a7687b615ea1a76a0a57d3,152082c1132549ea6bf8d676eb3fdf4d
l-profile/crossed-07,l-profile,l-profile,ok,337353,278011,,6c2c7524c879dbc8373d35b4c928359b,8a72115165a7a6d19a243b300d9b3bfe
l-profile/crossed-08,l-profile,l-profile,ok,338094,278413,,68ca2a0456e4a95f85eeaff5b6853fa4,0cfa12be31ca7723f1f11e4dae2239ce
l-profile/overlap-01,l-profile,l-profile,ok,213462,230966,,411a8739641810c8564fd564816da402,23ab6c9e245f0dc4101f575c209d9989
l-profile/overlap-02,l-profile,l-profile,ok,309902,325474,,d63cd3c0dc855ed9b5f9b43944116971,db994c7ab1bb31576e0d99130ffe1b4b
l-profile/overlap-03,l-profile,l-profile,ok,240454,260341,,1d2a48d52e37ccafc8d25eadb871f015,677f3e63fd97811003e5d3bd69986e1e
l-profile/overlap-04,l-profile,l-profile,ok,262636,300174,,76232cd9d16335020b85b9d210ed9847,9300966764aa5aa3b2eff6cc7c4e4231
l-profile/overlap-05,l-profile,l-profile,ok,274993,296272,,c4869bd485f3d926bd08b9a473758977,5ad972028f41eaad8fa66c0ca5cc1e68
l-profile/overlap-06,l-profile,l-profile,ok,274146,295541,,6cf18b483dcd85c65bff191333fa0580,fa073382b137a1e29c3beae54a476572
l-profile/overlap-07,l-profile,l-profile,ok,273981,295909,,86013f7dce4f24e6b6ea8ec725f8a738,df4e8dcb1dd972f6802afc65edbc258b
l-profile/overlap-08,l-profile,l-profile,ok,274380,295314,,2b67851eae9c0b965e037368bd26b31f,333fde63fe2da768b1058310fb35af22
l-profile/overlap-09,l-profile,l-profile,ok,274767,295388,,d0ae6d809dd0b227957e6005255ff66a,bc686e5369a399b796e084d88cafbab1
l-profile/overlap-10,l-profile,l-profile,ok,258275,295425,,c3947d6376b9b08cafdc1d7917c05621,9353505a1ee230d8177451a79d4626f1
l-profile/overlap-11,l-profile,l-profile,ok,343905,370872,,f4e1c272c313408fe6054facf9d853fb,2997f8b85a0c9986e36cdfa6e3e27f0c
l-profile/overlap-12,l-profile,l-profile,ok,361134,379167,,954e5833f64f4cd094cd5bfbd40b4342,7a0a4ae70266ad0c4a4618cd5e9de710
l-profile/overlap-13,l-profile,l-profile,ok,328591,315399,,c5d396e5615c6a7636e66258809007b7,e4e05998610a1f924cab7a712362c745
l-profile/overlap-14,l-profile,l-profile,ok,320877,290825,,c94b82e53f28684a03a783e48493b1d6,332268c908f7d2edd412ae5925bfc15e
l-profile/single-01,l-profile,l-profile,ok,298061,335575,,becf0e0c1aa12675fd118970ce945cac,f264e5ab79664131a73e0117782de253
l-profile/single-02,l-profile,l-profile,ok,296960,335641,,f595f7e09f092d19ff104d5204a52ea4,97790a22d6604a9628f5c872dfb45a2c
l-profile/single-03,l-profile,l-profile,ok,296914,335823,,ce0c81838c4366337d52cbf56efaa496,bcc70992c5548c7d1e365022151d751f
l-profile/single-04,l-profile,l-profile,ok,297428,332142,,7347e3a2fd2e4f3edfca6bc6b9cbb3c6,caa85bf1da4e4c37d44b04f90206aba6
l-profile/single-05,l-profile,l-profile,ok,382311,333986,,a01a0a7f81cbd235fad61810ddfdcc8d,d4ea48afeeb4296570903d853da9457f
l-profile/single-06,l-profile,l-profile,ok,272893,279680,,f1d972f574df5ce543e5beb0bde84544,b8ee786d94968b030616e8349d34c1b1
l-profile/single-07,l-profile,l-profile,ok,322405,367864,,94ab18891dfabee7d10460abc2e15158,1011f178468a06e108899347c04679f4
l-profile/single-08,l-profile,l-profile,ok,347994,363670,,70f2dd61aadd3fc0d11692a1d1945fed,996e448eda95d08697c2027a41a80977
l-profile/single-09,l-profile,l-profile,ok,365071,385056,,72b71f24cc9c7c2df39a6c788e1b4422,4af092d0190e1e1eed9d1f990faf081d
l-profile/single-10,l-profile,l-profile,ok,382393,354181,,c34998761052fd2098bedbe81e786b2c,0d22cd15f965d7ec7c5bd53ac822ffae
l-profile/single-11,l-profile,l-profile,ok,319108,293688,,e1d3339d9978e2c84986cdf257c49f03,147ede8e0deb0dbd29069fd83f8d91e7
l-profile/single-12,l-profile,l-profile,ok,335219,395014,,dbb7e6cf8130989277a22aa5b8b9f1ab,54992c39529dfdb2ef1ae6a431d00458
l-profile/standing-01,l-profile,l-profile,ok,283153,304903,,a7a71cac612bdbc2d4adcdb3bac226ef,aa215a666a6da91f90bfdaf4dbe0b49c
l-profile/standing-02,l-profile,l-profile,ok,284130,278853,,148d28082541d5bd6bd7b853e96b7c65,3744b2bc52ba0fc14f9ad784a8b6c82d
l-profile/standing-03,l-profile,l-profile,ok,341159,343324,,501fdbb869d84f169eedc42793b795e0,8cd9b95eb5fcca8abdc9aa9819421d29
l-profile/standing-04,l-profile,l-profile,ok,367813,391901,,30ebe1a5ea002d799d3779e26f1aaa4c,9d8777d48c01462c07bc1471aeed6f64
l-profile/standing-05,l-profile,l-profile,ok,379762,397501,,6aea3576588bfe5e17ac8239be6dbb34,5c6dead9ee89280887923e69a2bc07f3
l-profile/tilted-01,l-profile,l-profile,ok,359297,286657,,cb72baee3012ccda085987cafd749f68,0ffab3063126b988b0958b0864c9e34e
square-profile/single-01,square-profile,square-profile,ok,278250,255652,,b339ff5d13d169d10e7784f4216f9d97,d4438cb4fd91912a0154304fe6b54dda
square-profile/single-02,square-profile,square-profile,ok,330163,372606,,3f26477300c7e79b16ad25b34ca63a23,dcba4e8f778739b6d6cf123ec2f62ebd
square-profile/single-03,square-profile,square-profile,ok,353705,382294,,700c1a3f2519c7bab754c4fa637adfe3,a66d80cf8c0921c18f470cfde4245dad
square-profile/single-04,square-profile,square-profile,ok,353020,381901,,4656219bf120004ffb69c9249c3342a9,8831279ea738f3a225a3dfe573106c56
square-profile/single-05,square-profile,square-profile,ok,354352,368947,,d60eea46f93a8d4ffa91ab590bcc0f27,505d10199914667bd6aeab70078fd82d
square-profile/single-06,square-profile,square-profile,ok,336789,407935,,41b555d36d352ea82358d4fc65a53c9d,4610d35067ba457921372956c0b95055
square-profile/single-07,square-profile,square-profile,ok,345486,402172,,118c52dc57ef0455285cc55dcf3b591d,ccf779db831f1e177a3ead7bdcc6ef9b
square-profile/single-08,square-profile,square-profile,ok,328196,359378,,16abf2d5e6eac65b85aafe9429e6ada4,a876f78e6c330ca7c62a19860467bfb2
square-profile/single-09,square-profile,square-profile,ok,364838,389408,,2b36af484c76543f5afa6ab1c0564b8a,6ba9feafb4ca22306b6936a76287d733
square-profile/single-10,square-profile,square-profile,ok,396681,424852,,1fe1e473821feb0b8517bef29af2458f,211f46c8d31fac00372a213f3f75da01
square-profile/single-11,square-profile,square-profile,ok,292923,293156,,e13a61c41a9c3b9eb6dedb6dd6786b1f,1c9ee4f2c28ccf7af28a1a9f90b164a9
square-profile/single-12,square-profile,square-profile,ok,384960,366307,,f476109bcbf8ed8c3e15568ef24a5df6,64c5a8f499cef30cd4b82662a9a2a034
square-profile/single-13,square-profile,square-profile,ok,381895,356216,,d2922cd0707d22b8d80f4df812da409b,739a4517230234f3283946a6a766d38d
square-profile/single-14,square-profile,square-profile,ok,383445,343465,,5cd97be239e85744c0ab4ec32a5f33cb,87077c58059b773cb09e0d2a58daa8c7
square-profile/single-15,square-profile,square-profile,ok,380702,343659,,343f0c957f6f68fe9e5ddb859dd85a1a,d5bc7764469eecd359188769d1074445
square-profile/single-16,square-profile,square-profile,ok,392935,344664,,2114c26d613ccb9c615c4ab82b696e1f,d7d11f5dab1bd32d18f5a36c9bd5c7c3
square-profile/single-17,square-profile,square-profile,ok,342605,370200,,40b3da57a79488e8967a199cff17d9b8,41a73afa6ad5470eee63159d6ac52017
square-profile/single-18,square-profile,square-profile,ok,441083,397591,,20c4387712c207bb8f9cdd134b627e01,fdf6f6662c72e9f729b8c9966f4f0f23
square-profile/single-19,square-profile,square-profile,ok,336290,369788,,387ddde5050a395fc4274ef0fe2e4e65,953dcdd26dbc380ec027f8a6ba5ddaf3
square-profile/single-20,square-profile,square-profile,ok,276418,267478,,5636276df867069a6d4f691ddfbc0087,7babada4952b3fc3d3d9a47576908650
square-profile/single-21,square-profile,square-profile,ok,279478,283253,,0f694edecf9e966502c51e60d7fc68db,5cb060961bb605b9a27979595d50e6c6
square-profile/single-22,square-profile,square-profile,ok,312075,248235,,a15b5e5fe982b3642821ba465aa9426e,ec57e613017a8ae842093f3289d37dac
square-profile/single-23,square-profile,square-profile,ok,224123,259838,,5bdd7e2b0e97986bb54157d45a12d31f,0a5999d78b1aa376f45d6547b69179f3
square-profile/single-24,square-profile,square-profile,ok,225552,230597,,f0f927ee3236580039246298dc0c0f58,41f5fe2a1ca0880ee473fa939daa4002
square-profile/single-25,square-profile,square-profile,ok,274581,242396,,e600a31f72b58c64b4ba261606b2e5fb,adcb76bb7b6404cdfa64a64ffc03f3cc
square-profile/single-26,square-profile,square-profile,ok,208744,294790,,48056b097a139daa4cc0379d1d0a50a5,d7643bdafd70144628b924bf424739be
square-profile/single-27,square-profile,square-profile,ok,199872,258352,,f307fcdce858369b61e5cf25ed31aabe,f15d72c0aee666f0f17f8752868b5750
square-profile/single-28,square-profile,square-profile,ok,220135,257883,,ff3aaaebf5e3dcf084270e2d7c635e2c,e4e6725d34f36184ff23fb0220f673e7
square-profile/standing-01,square-profile,square-profile,ok,318058,352639,,8fb1039079f8dcbe15e3937ae5011272,151ee86d9fd4b9d1fa7e46a215da1fb2
