source,scene_id,side,dxf,n_kept,density_pts_mm2,area_mm2,radial_mm,x_spread_mm,n_observed_px,n_det
real,complex-profile/single-01,1,complex-profile,60911.0,22.53959443457667,2702.4,680.4800232544515,336.6272105767039,16863.0,4.0
real,complex-profile/single-01,2,complex-profile,56397.0,23.90351620778516,2359.36,660.4236942409777,289.126716171485,14653.0,2.0
real,complex-profile/single-02,1,complex-profile,59180.0,19.139715394566622,3092.0,709.9091945167016,286.44916920319747,19408.0,2.0
real,complex-profile/single-02,2,complex-profile,89854.0,33.52561041131872,2680.1600000000003,645.4756771744856,304.05141171685545,16735.0,2.0
real,complex-profile/single-03,1,complex-profile,27801.0,12.100017409470752,2297.6,686.9516202902505,200.45028982669555,14314.0,2.0
real,complex-profile/single-03,2,complex-profile,63537.0,25.941092892605173,2449.28,613.8459910645901,382.7253601954926,15347.0,2.0
real,complex-profile/single-04,1,complex-profile,24579.0,15.72512539666291,1563.0400000000002,662.4167974652916,229.72660455676487,9743.0,1.0
real,complex-profile/single-04,2,complex-profile,23278.0,15.240676723234861,1527.3600000000001,625.8724190585913,114.10268682241804,9541.0,1.0
real,heavy-profile/single-01,1,heavy-profile,94751.0,15.01200948083553,6311.68,655.7357006972982,125.17404093872165,39366.0,3.0
real,heavy-profile/single-01,2,heavy-profile,117967.0,15.754813239882045,7487.68,643.7912848742575,164.3272520167734,46759.0,3.0
real,heavy-profile/single-02,1,heavy-profile,95022.0,15.015739172208033,6328.160000000001,655.6576422377059,127.96019232756635,39592.0,3.0
real,heavy-profile/single-02,2,heavy-profile,117705.0,15.74101315930245,7477.6,643.8249140260549,177.7103468382138,46796.0,3.0
real,heavy-profile/single-03,1,heavy-profile,94944.0,15.021643925777788,6320.4800000000005,655.6895594874632,132.50497526365643,39466.0,3.0
real,heavy-profile/single-03,2,heavy-profile,117628.0,15.72701407607068,7479.360000000001,643.8148624938153,164.68117811298998,46841.0,3.0
real,heavy-profile/single-05,1,heavy-profile,153996.0,16.283604310826128,9457.12,610.3535593585784,152.84675955641478,59164.0,3.0
real,heavy-profile/single-05,2,heavy-profile,100336.0,13.872973032763312,7232.4800000000005,683.7787609080667,248.8376754273263,45151.0,3.0
real,heavy-profile/single-06,1,heavy-profile,99085.0,10.404765705068968,9523.04,753.8317881278105,122.91447924108388,59479.0,3.0
real,heavy-profile/single-06,2,heavy-profile,184237.0,18.745217978771894,9828.480000000001,544.3381870109323,109.72216184871968,61517.0,3.0
real,heavy-profile/single-07,1,heavy-profile,98575.0,10.37421910519137,9501.920000000002,753.8073112077923,122.79247451913989,59316.0,3.0
real,heavy-profile/single-07,2,heavy-profile,184485.0,18.76098293171057,9833.440000000002,544.3513770657058,113.39008482271629,61550.0,3.0
real,heavy-profile/single-08,1,heavy-profile,99675.0,10.09641097533305,9872.320000000002,754.5992475644804,84.76107071517163,61718.0,3.0
real,heavy-profile/single-08,2,heavy-profile,183205.0,19.545118974464017,9373.44,545.9823983891245,98.7806120326727,58568.0,3.0
real,heavy-profile/single-09,1,heavy-profile,88217.0,9.9508419361825,8865.28,753.1168595898672,86.72873711981265,55488.0,4.0
real,heavy-profile/single-09,2,heavy-profile,169602.0,19.233787559878063,8817.920000000002,545.6056352836788,104.37561806589156,55117.0,3.0
real,heavy-profile/single-10,1,heavy-profile,176473.0,14.907231578093743,11838.080000000002,611.1212969770337,126.65860570943505,73988.0,5.0
real,heavy-profile/single-10,2,heavy-profile,101056.0,13.887423043095867,7276.8,683.8594704971099,133.5131170751556,45465.0,3.0
real,l-profile-reshoot/single-01,1,l-profile,19085.0,13.18316202475685,1447.6800000000003,657.1198727066605,152.14472474807008,9085.0,4.0
real,l-profile-reshoot/single-01,2,l-profile,15800.0,13.326585695006747,1185.6000000000001,647.3107192322337,43.808449622431,7397.0,3.0
real,l-profile-reshoot/single-02,1,l-profile,7452.0,11.923963133640552,624.96,676.5537058893219,26.187656954619797,3912.0,2.0
real,l-profile-reshoot/single-02,2,l-profile,6432.0,13.271706833938591,484.6400000000001,635.6549224960802,29.72518467883765,3020.0,2.0
real,l-profile-reshoot/single-03,1,l-profile,13144.0,13.394749714658403,981.2800000000002,647.1976106149975,224.48498811784611,6142.0,3.0
real,l-profile-reshoot/single-03,2,l-profile,12221.0,12.381463770465228,987.0400000000002,673.4204205734677,64.1886666534756,6077.0,3.0
real,l-profile/single-01,1,l-profile,15037.0,13.717887899576704,1096.16,661.0717041938925,48.153415580170076,6852.0,3.0
real,l-profile/single-01,2,l-profile,14429.0,12.986931163594468,1111.0400000000002,656.3837255255276,41.66554355290009,6977.0,3.0
real,l-profile/single-02,1,l-profile,14644.0,13.443742655699175,1089.2800000000002,661.1428963647392,48.48674839779278,6823.0,3.0
real,l-profile/single-02,2,l-profile,14200.0,12.669521770164168,1120.8,656.3488350584614,50.10090739095767,7031.0,3.0
real,l-profile/single-03,1,l-profile,14985.0,13.626691401134876,1099.68,661.1846806302999,48.87086692861067,6897.0,3.0
real,l-profile/single-03,2,l-profile,14335.0,12.824756656169482,1117.76,656.4022841365415,34.834872312203515,6993.0,3.0
real,l-profile/single-04,1,l-profile,15175.0,13.835703865791393,1096.8,661.0357765229074,44.921264486740256,6881.0,3.0
real,l-profile/single-04,2,l-profile,10984.0,13.545777426992895,810.8800000000001,654.5004018545449,209.79009088995417,4982.0,2.0
real,l-profile/single-05,1,l-profile,16875.0,13.893920432090631,1214.5600000000002,660.6084580477573,241.55566655391567,7518.0,3.0
real,l-profile/single-05,2,l-profile,14276.0,12.72280051333238,1122.0800000000002,656.0604791309772,93.954580603272,6981.0,3.0
real,l-profile/single-06,1,l-profile,11734.0,12.28433835845896,955.2,695.094676431341,84.68386596118626,5981.0,3.0
real,l-profile/single-06,2,l-profile,16162.0,14.811217008797653,1091.2,611.1966684665964,72.0715477043882,6856.0,3.0
real,l-profile/single-07,1,l-profile,4762.0,11.45592763664357,415.68000000000006,738.6875192156208,24.989949973663443,2605.0,2.0
real,l-profile/single-07,2,l-profile,5457.0,16.287607449856733,335.04,589.4308590655706,35.22931275331439,2121.0,1.0
real,l-profile/single-08,1,l-profile,5682.0,12.778877293990641,444.6400000000001,649.1495307776242,35.03971669741759,2791.0,2.0
real,l-profile/single-08,2,l-profile,9029.0,13.194119710077153,684.3200000000002,657.4039245913042,61.389267866979935,4306.0,2.0
real,l-profile/single-09,1,l-profile,9844.0,13.225494411006016,744.3200000000002,641.3717830261652,23.145308813786414,4670.0,2.0
real,l-profile/single-09,2,l-profile,9167.0,12.218756664534014,750.2400000000001,662.5874833462505,30.448229042156527,4679.0,2.0
real,l-profile/single-10,1,l-profile,9184.0,12.74139844617092,720.8000000000001,656.989414472584,25.711101918332133,4531.0,2.0
real,l-profile/single-10,2,l-profile,22131.0,15.219932878521124,1454.0800000000002,668.4785462122942,140.1008362133275,8997.0,4.0
real,l-profile/single-11,1,l-profile,12191.0,11.901554201811932,1024.3200000000002,697.273279194609,43.18595160795758,6446.0,3.0
real,l-profile/single-11,2,l-profile,12990.0,13.672532839339842,950.0800000000002,619.1001737531329,279.5594619907497,6002.0,3.0
real,l-profile/single-12,1,l-profile,13275.0,17.89276471856804,741.9200000000001,623.2216742505722,37.943266705688984,4686.0,2.0
real,l-profile/single-12,2,l-profile,9596.0,12.628974520951777,759.8400000000001,688.5272997013822,34.89361944131542,4796.0,2.0
real,square-profile/single-01,1,square-profile,54963.0,14.815783231260243,3709.76,706.027620977146,105.07733591799297,23252.0,10.0
real,square-profile/single-01,2,square-profile,57457.0,18.786620455139943,3058.4,605.6932375523995,106.52702633150238,19001.0,8.0
real,square-profile/single-02,1,square-profile,27843.0,17.674055453991468,1575.3600000000001,641.1911774137401,101.12429632361454,9847.0,4.0
real,square-profile/single-02,2,square-profile,33846.0,20.688264058679707,1636.0,672.9724312490251,271.8594685404296,10176.0,4.0
real,square-profile/single-03,1,square-profile,34622.0,20.62011625690871,1679.0400000000002,640.8171301002851,106.89443906466931,10526.0,4.0
real,square-profile/single-03,2,square-profile,35699.0,20.757163457065772,1719.8400000000001,663.06698108397,235.11923421030178,10616.0,4.0
real,square-profile/single-04,1,square-profile,34137.0,20.27523044759099,1683.68,641.011702213455,106.93292871070526,10512.0,4.0
real,square-profile/single-04,2,square-profile,35655.0,20.712310623663907,1721.4400000000003,663.0107083373952,233.5967673569112,10551.0,4.0
real,square-profile/single-05,1,square-profile,31688.0,20.911202618519688,1515.3600000000001,655.7464241747365,267.8473717896054,9532.0,3.0
real,square-profile/single-05,2,square-profile,31455.0,19.546008152714254,1609.2800000000002,667.045072857419,249.336795907725,10031.0,4.0
real,square-profile/single-06,1,square-profile,34275.0,20.956637644296613,1635.5200000000002,636.0666721499052,230.6363807558737,10260.0,4.0
real,square-profile/single-06,2,square-profile,20767.0,17.264398776270284,1202.88,670.25335440278,233.38266442398708,7465.0,3.0
real,square-profile/single-07,1,square-profile,31559.0,19.432881773399014,1624.0,655.7970956454463,246.96346434007546,10105.0,4.0
real,square-profile/single-07,2,square-profile,22526.0,19.0536608472053,1182.2400000000002,648.567302688532,308.6576098830733,7281.0,3.0
real,square-profile/single-08,1,square-profile,30217.0,18.90452952952953,1598.4,634.75381130761,106.8576079135164,10021.0,4.0
real,square-profile/single-08,2,square-profile,28797.0,17.92463400059755,1606.5600000000002,667.348177300807,238.5764176299249,10043.0,4.0
real,square-profile/single-09,1,square-profile,23688.0,18.499312757715852,1280.4800000000002,630.9057354580755,93.27492407534191,8002.0,3.0
real,square-profile/single-09,2,square-profile,20492.0,16.761549535401123,1222.5600000000002,666.3289940740032,105.02133352364172,7656.0,3.0
real,square-profile/single-10,1,square-profile,16364.0,18.332138376053056,892.64,628.8289338462944,100.51370502564487,5603.0,2.0
real,square-profile/single-10,2,square-profile,11647.0,14.38896026882783,809.44,660.876477571484,155.3535785920917,5092.0,2.0
real,square-profile/single-11,1,square-profile,45167.0,15.335384072142544,2945.2800000000007,708.94278407478,83.11740312960046,18376.0,8.0
real,square-profile/single-11,2,square-profile,45967.0,19.40125270124257,2369.28,609.9331598025888,98.20172874150967,14767.0,5.0
real,square-profile/single-12,1,square-profile,18614.0,16.494754005387776,1128.4800000000002,700.8902809094019,131.94703884930368,7164.0,3.0
real,square-profile/single-12,2,square-profile,25147.0,19.633822610868204,1280.8000000000002,609.080973262143,278.43426505783236,8077.0,3.0
real,square-profile/single-13,1,square-profile,17902.0,16.500147470874502,1084.96,698.8081612464887,131.48983244419742,6874.0,3.0
real,square-profile/single-13,2,square-profile,26278.0,20.27373163806937,1296.16,611.059788368218,277.6858083134671,8156.0,3.0
real,square-profile/single-14,1,square-profile,17753.0,17.083333333333332,1039.2,698.6068353041989,132.15314731745912,6546.0,3.0
real,square-profile/single-14,2,square-profile,27117.0,21.634063058463106,1253.4400000000003,612.1444144775338,278.75066107426574,7833.0,3.0
real,square-profile/single-15,1,square-profile,17276.0,15.632691472419284,1105.1200000000001,699.192290600422,133.86055297842995,6930.0,3.0
real,square-profile/single-15,2,square-profile,27096.0,20.527272727272727,1320.0,610.8602184747349,279.82514311599334,8246.0,3.0
real,square-profile/single-16,1,square-profile,27627.0,11.466149810744405,2409.44,701.7230869279077,130.42819508642333,15053.0,4.0
real,square-profile/single-16,2,square-profile,27080.0,20.472964799806455,1322.7200000000003,610.8177000640046,280.4656184576338,8357.0,3.0
real,square-profile/single-17,1,square-profile,55164.0,19.59394180495567,2815.3600000000006,646.3373134896508,153.70997703199737,17611.0,6.0
real,square-profile/single-17,2,square-profile,81111.0,20.415760541258905,3972.960000000001,627.106916264193,267.1722476485302,24824.0,10.0
real,square-profile/single-18,1,square-profile,161321.0,14.087890706870292,11451.04,708.5407467535628,201.52120749665846,71415.0,28.0
real,square-profile/single-18,2,square-profile,260742.0,22.12918579071725,11782.720000000001,560.0916027814997,130.047102957466,73561.0,25.0
real,square-profile/single-19,1,square-profile,17660.0,15.1281524122807,1167.3600000000001,638.8234518919237,76.28760618199885,7240.0,3.0
real,square-profile/single-19,2,square-profile,16001.0,13.606292517006803,1176.0,663.771330613944,101.70311294407293,7225.0,3.0
real,square-profile/single-20,1,square-profile,37608.0,18.328914535246412,2051.84,633.6601586892779,94.78872104386437,12858.0,5.0
real,square-profile/single-20,2,square-profile,52952.0,16.87487252702427,3137.92,689.7696240223,149.94227089478863,19583.0,9.0
real,square-profile/single-21,1,square-profile,54743.0,17.49469499411975,3129.1200000000003,680.9078124569398,215.83358053637176,19579.0,8.0
real,square-profile/single-21,2,square-profile,54264.0,18.987235471951628,2857.92,633.2675674580889,121.45885601009013,17954.0,7.0
real,square-profile/single-22,1,square-profile,50424.0,15.53840844098215,3245.1200000000003,686.7892423120417,224.14249101191263,20298.0,8.0
real,square-profile/single-22,2,square-profile,61985.0,19.598636616583192,3162.7200000000003,623.160264530708,158.14914894455524,19845.0,8.0
real,square-profile/single-23,1,square-profile,46131.0,15.894963889960856,2902.2400000000002,648.147804221889,166.5040821545981,18137.0,7.0
real,square-profile/single-23,2,square-profile,50489.0,16.184861773606194,3119.5200000000004,671.693122452221,147.2338403356216,19578.0,8.0
real,square-profile/single-24,1,square-profile,55165.0,16.73776639642701,3295.84,674.515036299731,136.3361731834334,20527.0,8.0
real,square-profile/single-24,2,square-profile,58126.0,17.506143986121817,3320.3200000000006,655.9832492012515,108.20064899998579,20746.0,8.0
real,square-profile/single-25,1,square-profile,47950.0,15.763070692194404,3041.92,691.9209097502066,141.46026242600738,19054.0,8.0
real,square-profile/single-25,2,square-profile,54207.0,18.963044330012313,2858.5600000000004,625.3617141482293,116.54856541602521,18079.0,7.0
real,square-profile/single-26,1,square-profile,52734.0,18.769219817767652,2809.6000000000004,605.4829589179517,73.07720552858336,17590.0,7.0
real,square-profile/single-26,2,square-profile,48255.0,14.964461149151532,3224.6400000000003,709.7083335378578,122.83822126996347,20120.0,8.0
real,square-profile/single-27,1,square-profile,58043.0,16.31668016012234,3557.2800000000007,652.8385688140382,81.77664544620438,22172.0,9.0
real,square-profile/single-27,2,square-profile,65747.0,17.030077914542666,3860.6400000000003,667.9299233281974,135.01376042661195,23551.0,9.0
real,square-profile/single-28,1,square-profile,65693.0,17.792565869301438,3692.16,652.78458249758,106.37771783468588,23014.0,9.0
real,square-profile/single-28,2,square-profile,65532.0,16.991993030202455,3856.6400000000003,667.9387499246127,147.78381966818233,23413.0,9.0
synth,realism/complex-profile__single-01,1,complex-profile,25004.0,11.678873028921602,2140.9600000000005,651.1782652675639,19.096994267667924,13411.0,2.0
synth,realism/complex-profile__single-01,2,complex-profile,22832.0,10.790170132325143,2116.0,671.0294672956719,19.148538242553514,13168.0,2.0
synth,realism/complex-profile__single-02,1,complex-profile,31429.0,11.328215109573241,2774.4,668.1632585847373,23.386135487582123,17411.0,3.0
synth,realism/complex-profile__single-02,2,complex-profile,27212.0,10.96550612508059,2481.6000000000004,663.1425741940402,23.337135325570216,15460.0,3.0
synth,realism/complex-profile__single-03,1,complex-profile,24379.0,11.3886501233276,2140.6400000000003,658.0562933219065,30.835132240377334,13319.0,2.0
synth,realism/complex-profile__single-03,2,complex-profile,23479.0,11.037514103046256,2127.2000000000003,660.2768112155909,30.834068598629074,13221.0,2.0
synth,realism/complex-profile__single-04,1,complex-profile,12061.0,11.374867964388107,1060.3200000000002,656.3027783477122,0.794660103206752,6644.0,1.0
synth,realism/complex-profile__single-04,2,complex-profile,11782.0,11.12685101239045,1058.88,654.0917261600644,0.866829249584498,6616.0,1.0
synth,realism/heavy-profile__single-01,1,heavy-profile,75108.0,11.969326091945229,6275.040000000001,653.324613807287,20.993936701198436,39308.0,3.0
synth,realism/heavy-profile__single-01,2,heavy-profile,70960.0,11.299075182797889,6280.160000000001,662.7889732213814,21.013819689153934,39249.0,3.0
synth,realism/heavy-profile__single-02,1,heavy-profile,74969.0,11.918305183903952,6290.240000000001,653.8071398620948,31.936849103743953,39219.0,3.0
synth,realism/heavy-profile__single-02,2,heavy-profile,70974.0,11.32322910019145,6268.0,661.9065447188561,31.944570904030115,39273.0,3.0
synth,realism/heavy-profile__single-03,1,heavy-profile,75392.0,12.01182828591822,6276.4800000000005,650.3109259727674,44.14719015392939,39310.0,3.0
synth,realism/heavy-profile__single-03,2,heavy-profile,70758.0,11.32229447758519,6249.4400000000005,664.0038771300817,44.13454791498998,39140.0,3.0
synth,realism/heavy-profile__single-05,1,heavy-profile,75992.0,12.070192381000787,6295.84,650.0102874403426,14.377334792745842,39389.0,3.0
synth,realism/heavy-profile__single-05,2,heavy-profile,69995.0,11.185884323301542,6257.4400000000005,667.5304088408747,14.305218664554559,39119.0,3.0
synth,realism/heavy-profile__single-06,1,heavy-profile,75908.0,12.07679971489665,6285.4400000000005,651.1340775245371,24.173431390293445,39292.0,3.0
synth,realism/heavy-profile__single-06,2,heavy-profile,70076.0,11.204558827291564,6254.240000000001,668.0215703314043,24.232405215374456,39120.0,3.0
synth,realism/heavy-profile__single-07,1,heavy-profile,76917.0,12.204398324447828,6302.400000000001,645.2579956540151,30.16074249316216,39419.0,3.0
synth,realism/heavy-profile__single-07,2,heavy-profile,69316.0,11.095530797797412,6247.200000000001,671.1965695697024,30.215984156901413,39090.0,3.0
synth,realism/heavy-profile__single-08,1,heavy-profile,73320.0,11.671888133262014,6281.760000000001,663.1808035779907,35.00536104686398,39377.0,3.0
synth,realism/heavy-profile__single-08,2,heavy-profile,72783.0,11.584337119282875,6282.880000000001,653.0944187488652,35.06149633087671,39267.0,3.0
synth,realism/heavy-profile__single-09,1,heavy-profile,76460.0,12.154102446716514,6290.880000000001,647.1910535538864,24.34669470334802,39302.0,3.0
synth,realism/heavy-profile__single-09,2,heavy-profile,69675.0,11.135599396512042,6256.960000000001,669.7363581774841,24.36899150948466,39110.0,3.0
synth,realism/heavy-profile__single-10,1,heavy-profile,72741.0,11.615811594573186,6262.240000000001,662.097553916845,35.705348238530405,39103.0,3.0
synth,realism/heavy-profile__single-10,2,heavy-profile,73141.0,11.671634836337637,6266.560000000001,652.6791194190426,35.60576434441873,39151.0,3.0
synth,realism/l-profile-reshoot__single-01,1,l-profile,16646.0,11.282669992408632,1475.3600000000001,659.8545257144833,33.45463868747811,9221.0,5.0
synth,realism/l-profile-reshoot__single-01,2,l-profile,16251.0,10.991099448111674,1478.5600000000002,648.8942776499483,33.52614907247107,9197.0,5.0
synth,realism/l-profile-reshoot__single-02,1,l-profile,6850.0,11.434962606837605,599.0400000000001,650.167862991634,1.788982744401892,3790.0,2.0
synth,realism/l-profile-reshoot__single-02,2,l-profile,6512.0,10.937919914001613,595.36,655.8916061858245,1.814537746793576,3756.0,2.0
synth,realism/l-profile-reshoot__single-03,1,l-profile,10062.0,11.209893048128341,897.6,650.795737485263,40.2604378060696,5608.0,3.0
synth,realism/l-profile-reshoot__single-03,2,l-profile,10011.0,11.123333333333333,900.0,652.5773053128017,40.12741725102251,5677.0,3.0
synth,realism/l-profile__single-01,1,l-profile,10303.0,11.494778650481969,896.3200000000002,645.3462303072466,32.24803865570493,5584.0,3.0
synth,realism/l-profile__single-01,2,l-profile,9647.0,10.826674447836236,891.04,667.3811204549145,32.15892126323433,5542.0,3.0
synth,realism/l-profile__single-02,1,l-profile,10139.0,11.521590909090909,880.0,642.9530453986671,3.952725957517032,5457.0,3.0
synth,realism/l-profile__single-02,2,l-profile,9288.0,10.657242518817696,871.5200000000001,663.7111599461473,3.9363373605456218,5460.0,3.0
synth,realism/l-profile__single-03,1,l-profile,9952.0,11.209226887727517,887.84,659.5113555491682,21.542966865780727,5587.0,3.0
synth,realism/l-profile__single-03,2,l-profile,10018.0,11.20681940218364,893.9200000000001,643.9371047014024,21.449210671624314,5612.0,3.0
synth,realism/l-profile__single-04,1,l-profile,10196.0,11.54229306285093,883.3600000000001,647.1641098200976,6.524910318161801,5536.0,3.0
synth,realism/l-profile__single-04,2,l-profile,9508.0,10.907672540381789,871.6800000000002,660.3158798127185,6.47066922590875,5461.0,3.0
synth,realism/l-profile__single-05,1,l-profile,10014.0,11.319858925664677,884.64,646.2279974607957,17.810602634280713,5540.0,3.0
synth,realism/l-profile__single-05,2,l-profile,9554.0,10.888493800145879,877.44,656.1052865106243,17.800885212015146,5443.0,3.0
synth,realism/l-profile__single-06,1,l-profile,9948.0,11.090795576168391,896.96,659.0565790598916,7.0330044903003,5614.0,3.0
synth,realism/l-profile__single-06,2,l-profile,10030.0,11.144444444444444,900.0,646.8603259015583,7.060351897604505,5589.0,3.0
synth,realism/l-profile__single-07,1,l-profile,6824.0,11.446591519055286,596.1600000000001,642.3860497594221,22.1733501810686,3715.0,2.0
synth,realism/l-profile__single-07,2,l-profile,6416.0,10.814455231930959,593.2800000000001,652.8563020435662,22.16475207974463,3679.0,2.0
synth,realism/l-profile__single-08,1,l-profile,6753.0,11.2101593625498,602.4,652.9456121075638,16.284174996365437,3770.0,2.0
synth,realism/l-profile__single-08,2,l-profile,6486.0,11.039624183006534,587.5200000000001,647.9475056116689,16.265841994334096,3675.0,2.0
synth,realism/l-profile__single-09,1,l-profile,7216.0,11.98830409356725,601.9200000000001,630.0477580224822,11.883295367295887,3788.0,2.0
synth,realism/l-profile__single-09,2,l-profile,6183.0,10.432977861771057,592.6400000000001,673.3821855729607,11.891220505096499,3698.0,2.0
synth,realism/l-profile__single-10,1,l-profile,13209.0,11.129179023995684,1186.88,663.7746817691914,12.7417277344598,7462.0,4.0
synth,realism/l-profile__single-10,2,l-profile,13441.0,11.323123062407332,1187.0400000000002,646.4991667230335,12.791742695395897,7500.0,4.0
synth,realism/l-profile__single-11,1,l-profile,10071.0,11.166178818520489,901.9200000000001,656.1513701999462,15.486279238908992,5587.0,3.0
synth,realism/l-profile__single-11,2,l-profile,9903.0,11.096046970240227,892.4800000000001,649.8427986313235,15.459027357147988,5595.0,3.0
synth,realism/l-profile__single-12,1,l-profile,6678.0,11.097447487370378,601.7600000000001,651.2086968858836,18.650527856590543,3725.0,2.0
synth,realism/l-profile__single-12,2,l-profile,6653.0,10.982897517168514,605.7600000000001,646.5988062625013,18.71747589878487,3782.0,2.0
synth,realism/square-profile__single-01,1,square-profile,32744.0,11.480421855716369,2852.1600000000003,657.1652949305621,57.271371809707034,17817.0,9.0
synth,realism/square-profile__single-01,2,square-profile,31925.0,11.040905821159804,2891.5200000000004,663.5461821918316,57.19687417578052,18116.0,10.0
synth,realism/square-profile__single-02,1,square-profile,14619.0,11.337479836207963,1289.4400000000003,654.7684137434568,24.9709980878406,8110.0,4.0
synth,realism/square-profile__single-02,2,square-profile,14447.0,11.161155747836835,1294.4,647.6961859624488,24.8706458357874,7985.0,4.0
synth,realism/square-profile__single-03,1,square-profile,14634.0,11.756105398457581,1244.8000000000002,642.8451161792166,33.970509181710895,7856.0,4.0
synth,realism/square-profile__single-03,2,square-profile,13507.0,10.949254215304798,1233.6000000000001,657.589351190018,34.073995613502575,7764.0,4.0
synth,realism/square-profile__single-04,1,square-profile,14375.0,11.442148497198165,1256.3200000000002,646.3501116335157,40.80045110864148,7761.0,4.0
synth,realism/square-profile__single-04,2,square-profile,14202.0,11.088382261086819,1280.8000000000002,657.9577620573449,40.85532415820444,7932.0,4.0
synth,realism/square-profile__single-05,1,square-profile,13683.0,11.334493041749502,1207.2,649.1844097458282,43.679831830936564,7500.0,4.0
synth,realism/square-profile__single-05,2,square-profile,13261.0,11.153445027587134,1188.96,654.0409925610309,43.664456766038256,7442.0,4.0
synth,realism/square-profile__single-06,1,square-profile,13107.0,11.327260785398229,1157.1200000000001,657.3391032832675,23.803966360680988,7321.0,4.0
synth,realism/square-profile__single-06,2,square-profile,13046.0,11.26831122166943,1157.76,647.0340994744199,23.858422805325063,7250.0,4.0
synth,realism/square-profile__single-07,1,square-profile,14144.0,11.517915309446254,1228.0,649.776152993039,20.59587244787781,7671.0,4.0
synth,realism/square-profile__single-07,2,square-profile,13792.0,10.948812396799184,1259.6800000000003,655.9725141928398,20.58505609837357,7866.0,4.0
synth,realism/square-profile__single-08,1,square-profile,14710.0,11.381220599158205,1292.4800000000002,650.2835255861737,31.53807090415239,8131.0,4.0
synth,realism/square-profile__single-08,2,square-profile,14218.0,11.014191869112542,1290.88,655.1639606941087,31.559406980093172,8015.0,4.0
synth,realism/square-profile__single-09,1,square-profile,11126.0,11.56837464648145,961.7600000000001,647.5657792241639,16.845735082186366,6027.0,3.0
synth,realism/square-profile__single-09,2,square-profile,10561.0,11.024929012861199,957.9200000000001,656.7249729002654,16.878631809623585,6043.0,3.0
synth,realism/square-profile__single-10,1,square-profile,6813.0,11.46815243738217,594.08,651.8843155492103,19.37765933987157,3734.0,2.0
synth,realism/square-profile__single-10,2,square-profile,6598.0,11.230255991285402,587.5200000000001,649.9949547859421,19.433561666229252,3670.0,2.0
synth,realism/square-profile__single-11,1,square-profile,28318.0,11.572348633451025,2447.0400000000004,652.765984694505,21.99460313596046,15472.0,8.0
synth,realism/square-profile__single-11,2,square-profile,26586.0,11.069382452867895,2401.76,661.3807222686423,21.887128495207435,15083.0,8.0
synth,realism/square-profile__single-12,1,square-profile,10715.0,11.262823747056844,951.3600000000001,657.8877698986411,16.68323571694509,5916.0,3.0
synth,realism/square-profile__single-12,2,square-profile,10829.0,11.357820104044302,953.44,646.2799197678117,16.585929302015757,6024.0,3.0
synth,realism/square-profile__single-13,1,square-profile,10120.0,11.337157196630221,892.64,657.1953320662865,25.900551548442763,5729.0,3.0
synth,realism/square-profile__single-13,2,square-profile,10209.0,11.261251323685139,906.5600000000001,642.6260612060083,25.966424633479164,5630.0,3.0
synth,realism/square-profile__single-14,1,square-profile,10879.0,11.427521008403362,952.0,649.7717298519799,21.870234025170248,5936.0,3.0
synth,realism/square-profile__single-14,2,square-profile,10511.0,11.039111073769114,952.1600000000001,653.0989841893746,21.786493964975307,5920.0,3.0
synth,realism/square-profile__single-15,1,square-profile,10364.0,11.745240253853126,882.4000000000001,640.2702503014702,4.693796198889686,5558.0,3.0
synth,realism/square-profile__single-15,2,square-profile,9457.0,10.851156599963282,871.5200000000001,662.5698943702372,4.744106420146181,5455.0,3.0
synth,realism/square-profile__single-16,1,square-profile,10750.0,11.138511273209549,965.1200000000001,658.5341702676287,38.19473221210046,5972.0,3.0
synth,realism/square-profile__single-16,2,square-profile,11004.0,11.347137436066655,969.7600000000001,640.2592793774498,38.158650098891485,6039.0,3.0
synth,realism/square-profile__single-17,1,square-profile,18275.0,11.51282632799113,1587.3600000000001,647.5325802866664,26.32730894708311,9845.0,5.0
synth,realism/square-profile__single-17,2,square-profile,17042.0,10.917640426404263,1560.96,660.245862282139,26.336974262525473,9819.0,5.0
synth,realism/square-profile__single-18,1,square-profile,34873.0,11.370839419866442,3066.8800000000006,661.7229751937498,21.7912454940938,19056.0,10.0
synth,realism/square-profile__single-18,2,square-profile,33522.0,11.073599365750528,3027.2000000000003,659.1822393660289,19.122770452570876,18864.0,10.0
synth,realism/square-profile__single-19,1,square-profile,9954.0,11.197354211663066,888.96,665.0642666986034,30.14826971126513,5552.0,3.0
synth,realism/square-profile__single-19,2,square-profile,10306.0,11.528995883300517,893.9200000000001,637.7520021222186,30.18474996447503,5617.0,3.0
synth,realism/square-profile__single-20,1,square-profile,21862.0,11.469613027784773,1906.08,652.854449535498,8.46461947451371,11942.0,6.0
synth,realism/square-profile__single-20,2,square-profile,20880.0,11.030344011495222,1892.9600000000003,657.4987085919317,8.512657050196594,11802.0,6.0
synth,realism/square-profile__single-21,1,square-profile,26710.0,11.312428000271057,2361.1200000000003,661.0258339048239,28.365602829039744,14765.0,7.0
synth,realism/square-profile__single-21,2,square-profile,27108.0,11.213515123436363,2417.44,654.1303657121362,28.392507398103135,15132.0,8.0
synth,realism/square-profile__single-22,1,square-profile,27152.0,11.504304792895395,2360.1600000000003,653.758063016267,27.62784603730279,14752.0,8.0
synth,realism/square-profile__single-22,2,square-profile,25964.0,11.037613930077539,2352.32,661.0069245954151,27.557244611406986,14705.0,8.0
synth,realism/square-profile__single-23,1,square-profile,27999.0,11.77536841396945,2377.76,646.6375866286293,62.14230114261454,14879.0,8.0
synth,realism/square-profile__single-23,2,square-profile,24537.0,10.953235483179771,2240.1600000000003,661.0601323210008,62.084771532528066,14068.0,8.0
synth,realism/square-profile__single-24,1,square-profile,28012.0,11.674779941317684,2399.36,651.7878776609704,30.612216316357262,15065.0,8.0
synth,realism/square-profile__single-24,2,square-profile,26496.0,10.901909150757076,2430.4,660.1056992771896,30.682574122629376,15227.0,8.0
synth,realism/square-profile__single-25,1,square-profile,27454.0,11.349880936631827,2418.8800000000006,657.627229683361,33.14586172385134,15088.0,8.0
synth,realism/square-profile__single-25,2,square-profile,27675.0,11.171526835884515,2477.2800000000007,656.1004458142853,33.106872492034654,15489.0,8.0
synth,realism/square-profile__single-26,1,square-profile,24925.0,11.521429627986095,2163.36,651.3635079930834,10.89644106938431,13507.0,7.0
synth,realism/square-profile__single-26,2,square-profile,23459.0,10.953959656331715,2141.6,660.0819941846204,10.975481064625,13301.0,7.0
synth,realism/square-profile__single-27,1,square-profile,27288.0,11.3791032826261,2398.0800000000004,659.1415068256376,40.594027470844594,15117.0,8.0
synth,realism/square-profile__single-27,2,square-profile,27149.0,11.252818489289739,2412.6400000000003,652.046579107369,40.585950897875136,15122.0,8.0
synth,realism/square-profile__single-28,1,square-profile,30406.0,11.538403157255615,2635.2000000000003,654.3863209527773,30.76893533945622,16456.0,8.0
synth,realism/square-profile__single-28,2,square-profile,29943.0,11.072284345047922,2704.32,661.7385327484449,30.810176979514836,16972.0,9.0
