suite,scene_id,dxf,n_det_1,n_det_2,n_face_1,n_face_2,tp,fp,fn,loc_med,loc_p95,n_pairable,correct_greedy_index_nolen,correct_hungarian,correct_hungarian_aligned,correct_monotone_aligned,correct_hybrid_aligned,min_margin,t_y_mm,pitch_jitter_mm,transport_over_pitch,yaw_deg,elevated,crossing_applied
pitch,pitch/j0_t0_s0,l-profile,5,5,6,6,10,0,2,0.2453672072469733,0.5654245493355624,5,5,5,5,5,5,1.5417563640937157,0.15319059197554452,0.0,0.0,,,0
pitch,pitch/j0_t0_s1,l-profile,5,5,6,6,10,0,2,0.5205712389449068,1.8767934066741323,5,5,5,5,5,5,1.5036817403060259,-0.02239835476461849,0.0,0.0,,,0
pitch,pitch/j0_t0_s2,l-profile,5,5,6,6,10,0,2,0.4583528253821514,1.5477280721662896,5,5,5,5,5,5,1.552974867357061,-0.0025861265728508442,0.0,0.0,,,0
pitch,pitch/j0_t105_s0,l-profile,5,6,6,6,11,0,1,0.3507703234891167,12.05572264717741,5,5,0,0,0,0,1.0093097151771964,-35.06725467991873,0.0,1.502,,,0
pitch,pitch/j0_t105_s1,l-profile,5,6,6,6,11,0,1,0.37972178976176174,13.147341739416813,5,5,0,0,0,0,1.0365926906553926,-35.12234009068379,0.0,1.502,,,0
pitch,pitch/j0_t105_s2,l-profile,5,6,6,6,11,0,1,0.4575481314236417,12.027842639998772,5,5,1,0,0,0,-0.05046018198767577,-35.168030214867485,0.0,1.502,,,0
pitch,pitch/j0_t17.5_s0,l-profile,5,6,6,6,10,1,2,0.27495067845303955,0.8581530960580832,5,4,4,5,5,5,-0.43906887733769895,-17.12802206701531,0.0,0.25,,,0
pitch,pitch/j0_t17.5_s1,l-profile,5,6,6,6,10,1,2,0.4318897457062111,1.890207951593752,5,4,4,5,5,5,-0.45016764919851915,-17.393737273658417,0.0,0.25,,,0
pitch,pitch/j0_t17.5_s2,l-profile,5,6,6,6,10,1,2,0.39026410180694293,1.3506849749106085,5,4,4,5,5,5,-0.45792065522417036,-17.579066891438288,0.0,0.25,,,0
pitch,pitch/j0_t35_s0,l-profile,5,6,6,6,11,0,1,0.35159288542767975,5.993905479665843,5,5,2,5,5,5,1.317956565718357,-34.885196811477044,0.0,0.501,,,0
pitch,pitch/j0_t35_s1,l-profile,5,6,6,6,11,0,1,0.6242119040569389,6.300173656644883,5,5,2,5,5,5,1.3311184000272607,-35.04143311497637,0.0,0.501,,,0
pitch,pitch/j0_t35_s2,l-profile,5,6,6,6,11,0,1,0.4575481314236417,11.807430551779191,5,5,3,5,5,5,1.019775140312877,-35.185401282703424,0.0,0.501,,,0
pitch,pitch/j0_t52.5_s0,l-profile,5,6,6,6,11,0,1,0.2714525671722916,0.8099304652645577,5,5,0,5,5,5,1.5355688663832325,-52.2563926696464,0.0,0.751,,,0
pitch,pitch/j0_t52.5_s1,l-profile,5,6,6,6,11,0,1,0.472665522437847,1.936939117738746,5,5,0,5,5,5,1.5047614553609447,-52.52285899280855,0.0,0.751,,,0
pitch,pitch/j0_t52.5_s2,l-profile,5,6,6,6,11,0,1,0.3312500572315044,1.4637129632751322,5,5,3,5,5,5,1.5214057754730292,-52.43472448821535,0.0,0.751,,,0
pitch,pitch/j0_t70_s0,l-profile,5,6,6,6,11,0,1,0.3040612731650514,2.0917776730293243,5,5,0,0,0,0,1.4517899728034727,-0.07569538272332466,0.0,1.001,,,0
pitch,pitch/j0_t70_s1,l-profile,5,6,6,6,11,0,1,0.6747962198301041,2.930890778625771,5,5,0,5,5,5,1.4695287301468458,-69.95886969021444,0.0,1.001,,,0
pitch,pitch/j0_t70_s2,l-profile,5,6,6,6,11,0,1,0.4575481314236417,2.4062127313501387,5,5,0,0,0,0,-0.05266687349952237,-0.2620244188651668,0.0,1.001,,,0
pitch,pitch/j0_t87.5_s0,l-profile,5,6,6,6,11,0,1,0.23626913845653383,3.832311767171937,5,5,0,0,0,0,1.3817921317948019,-17.687444554208696,0.0,1.252,,,0
pitch,pitch/j0_t87.5_s1,l-profile,5,6,6,6,11,0,1,0.6286087804218611,4.661492161300551,5,5,0,0,0,0,1.3849819125880576,-17.88733790838728,0.0,1.252,,,0
pitch,pitch/j0_t87.5_s2,l-profile,5,6,6,6,11,0,1,0.49848666673260333,4.6404503540875535,5,5,0,0,0,0,-0.04584023359929845,-17.204633293087227,0.0,1.252,,,0
pitch,pitch/j10_t0_s0,l-profile,5,5,6,6,10,0,2,0.7367719095077013,1.1295165321985177,5,5,5,5,5,5,1.392542000311636,0.013845631007825432,10.0,0.0,,,0
pitch,pitch/j10_t0_s1,l-profile,5,5,6,6,10,0,2,0.4056918417979283,0.6260559177901401,5,5,5,5,5,5,1.1624054196915674,-0.15171461133377306,10.0,0.0,,,0
pitch,pitch/j10_t0_s2,l-profile,5,5,6,6,10,0,2,0.7252122781994272,1.3380091816328679,5,5,5,5,5,5,1.052935307763042,0.05224929256246469,10.0,0.0,,,0
pitch,pitch/j10_t105_s0,l-profile,5,6,6,6,11,0,1,0.6140521942286474,12.131057329158036,5,5,0,5,5,5,1.2719399453123157,-104.48067578643963,10.0,1.502,,,0
pitch,pitch/j10_t105_s1,l-profile,5,6,6,6,11,0,1,0.44909437030134836,12.309127720531837,5,5,0,5,5,5,0.9212340714549756,-105.13552968085082,10.0,1.502,,,0
pitch,pitch/j10_t105_s2,l-profile,5,5,6,6,10,0,2,0.4920800026285653,1.1757091064619543,4,0,0,4,4,4,-3.126514460036862,-105.0042351231732,10.0,1.502,,,0
pitch,pitch/j10_t17.5_s0,l-profile,5,6,6,6,10,1,2,0.4626818404692733,0.8672561495754256,5,4,4,5,5,5,-0.2765201748316757,-17.630986832961753,10.0,0.25,,,0
pitch,pitch/j10_t17.5_s1,l-profile,5,6,6,6,10,1,2,0.3003146135147159,0.6799149725520506,5,5,5,5,5,5,1.1591666241578942,-17.508722339354108,10.0,0.25,,,0
pitch,pitch/j10_t17.5_s2,l-profile,5,6,6,6,11,0,1,0.614012314042557,10.010223634698212,5,5,5,5,5,5,1.0089349039808022,-17.48956903111298,10.0,0.25,,,0
pitch,pitch/j10_t35_s0,l-profile,5,6,6,6,11,0,1,0.7763189152993674,6.401077701769315,5,5,5,5,5,5,1.3837017414706274,-34.79273246601588,10.0,0.501,,,0
pitch,pitch/j10_t35_s1,l-profile,5,6,6,6,11,0,1,0.3644837432350569,5.133518908653311,5,5,2,5,5,5,1.1651130334908648,-34.945872574763825,10.0,0.501,,,0
pitch,pitch/j10_t35_s2,l-profile,5,6,6,6,11,0,1,0.8364122423562974,5.970250195633919,5,5,2,5,5,5,1.0545416428536052,-35.25402838511263,10.0,0.501,,,0
pitch,pitch/j10_t52.5_s0,l-profile,5,6,6,6,11,0,1,0.5462725510319038,0.9596208610393003,5,5,0,5,5,5,1.3959986638944646,-52.608410395751434,10.0,0.751,,,0
pitch,pitch/j10_t52.5_s1,l-profile,5,6,6,6,11,0,1,0.41874241924203737,0.8907237832577424,5,5,0,5,5,5,1.1628913522943847,-52.6299006775273,10.0,0.751,,,0
pitch,pitch/j10_t52.5_s2,l-profile,5,6,6,6,11,0,1,0.6549002514794776,2.0315859094191278,5,5,0,5,5,5,1.0589910277212984,-52.6275425556089,10.0,0.751,,,0
pitch,pitch/j10_t70_s0,l-profile,5,6,6,6,11,0,1,0.7763189152993674,2.6466660591907516,5,5,0,5,5,5,1.4034367102386578,-69.94455262197926,10.0,1.001,,,0
pitch,pitch/j10_t70_s1,l-profile,5,6,6,6,11,0,1,0.4480150222834491,2.647776710477402,5,5,0,5,5,5,1.162773197058346,-70.15236380272313,10.0,1.001,,,0
pitch,pitch/j10_t70_s2,l-profile,5,6,6,6,11,0,1,0.614012314042557,4.045210919552138,5,5,0,5,5,5,1.0555856619951662,-70.05912083097269,10.0,1.001,,,0
pitch,pitch/j10_t87.5_s0,l-profile,5,6,6,6,11,0,1,0.6134344949134795,4.379438681512071,5,5,0,5,5,5,1.401296217911095,-87.58723134301545,10.0,1.252,,,0
pitch,pitch/j10_t87.5_s1,l-profile,5,6,6,6,11,0,1,0.42514600104984585,4.166755301742935,5,5,0,5,5,5,1.165005957573919,-87.58293359892855,10.0,1.252,,,0
pitch,pitch/j10_t87.5_s2,l-profile,5,6,6,6,11,0,1,0.5238082937954315,8.96887383271875,5,4,0,5,5,5,-0.5771153513762626,-87.74437423886889,10.0,1.252,,,0
pitch,pitch/j1_t0_s0,l-profile,5,5,6,6,10,0,2,0.6884181151005289,1.8722266636173504,5,5,5,5,5,5,1.5193918813298788,-0.10110235907040988,1.0,0.0,,,0
pitch,pitch/j1_t0_s1,l-profile,5,5,6,6,10,0,2,0.2236480457001403,0.36767171703844603,5,5,5,5,5,5,1.506189026563605,0.010159787610064086,1.0,0.0,,,0
pitch,pitch/j1_t0_s2,l-profile,5,5,6,6,10,0,2,0.33255265134775147,1.1560031837745643,5,5,5,5,5,5,1.4793178173654928,0.051498996088639615,1.0,0.0,,,0
pitch,pitch/j1_t105_s0,l-profile,5,6,6,6,11,0,1,0.9196290214982039,12.47449575992805,5,5,0,0,0,0,0.981634453632087,-35.40533313464948,1.0,1.502,,,0
pitch,pitch/j1_t105_s1,l-profile,5,6,6,6,11,0,1,0.2429813138445502,12.090871553140177,5,5,0,0,0,0,1.0252294584786634,-35.54817260471168,1.0,1.502,,,0
pitch,pitch/j1_t105_s2,l-profile,5,6,6,6,11,0,1,0.385735631191707,12.214706821248017,5,5,0,0,0,0,1.0186089251095996,-35.42297142075972,1.0,1.502,,,0
pitch,pitch/j1_t17.5_s0,l-profile,5,6,6,6,10,1,2,0.8486061213251079,1.8312125382647593,5,4,4,5,5,5,-0.47580696394279554,-17.43594878091426,1.0,0.25,,,0
pitch,pitch/j1_t17.5_s1,l-profile,5,6,6,6,11,0,1,0.26339710006663336,12.269514291742382,5,5,5,5,5,5,1.5036756436552887,-17.51048065600412,1.0,0.25,,,0
pitch,pitch/j1_t17.5_s2,l-profile,5,6,6,6,11,0,1,0.39712635188910583,12.261015025764278,5,5,5,5,5,5,1.4736372751752465,-17.639266356510234,1.0,0.25,,,0
pitch,pitch/j1_t35_s0,l-profile,5,6,6,6,11,0,1,0.7775832211520118,6.366306214827588,5,5,2,5,5,5,1.3104437712860453,-35.02681858524488,1.0,0.501,,,0
pitch,pitch/j1_t35_s1,l-profile,5,6,6,6,11,0,1,0.27194526075786146,11.0683002183777,5,5,2,5,5,5,1.0772947875913892,-34.80473758025414,1.0,0.501,,,0
pitch,pitch/j1_t35_s2,l-profile,5,6,6,6,11,0,1,0.7386288031131227,11.715343325696681,5,5,2,5,5,5,1.0462670118715849,-34.88224709265978,1.0,0.501,,,0
pitch,pitch/j1_t52.5_s0,l-profile,5,6,6,6,11,0,1,0.7775832211520118,1.987222064368745,5,5,0,5,5,5,1.5173503815593063,-52.15476900693693,1.0,0.751,,,0
pitch,pitch/j1_t52.5_s1,l-profile,5,6,6,6,11,0,1,0.251792623116121,0.36258167766454846,5,5,0,5,5,5,1.5102539802923367,-52.59891254907825,1.0,0.751,,,0
pitch,pitch/j1_t52.5_s2,l-profile,5,6,6,6,11,0,1,0.35532849415616785,1.0484194609102728,5,5,0,5,5,5,1.480344174766736,-52.55647601558826,1.0,0.751,,,0
pitch,pitch/j1_t70_s0,l-profile,5,6,6,6,11,0,1,0.9196290214982039,2.8010432914717587,5,5,0,0,0,0,1.4111121336761268,-0.35918713017167647,1.0,1.001,,,0
pitch,pitch/j1_t70_s1,l-profile,5,6,6,6,11,0,1,0.3116812839255714,2.3777914007695466,5,5,0,5,5,5,1.4745805692227558,-69.64438594450849,1.0,1.001,,,0
pitch,pitch/j1_t70_s2,l-profile,5,6,6,6,11,0,1,0.47729831006726764,2.576255720541412,5,5,0,5,5,5,1.42337482515263,-70.00255520854489,1.0,1.001,,,0
pitch,pitch/j1_t87.5_s0,l-profile,5,6,6,6,11,0,1,0.7775832211520118,4.590797449921757,5,5,0,0,0,0,1.3622155172176493,-17.946444573504095,1.0,1.252,,,0
pitch,pitch/j1_t87.5_s1,l-profile,5,6,6,6,11,0,1,0.27308282312722776,3.8998210095527694,5,5,0,0,0,0,1.3859323057408823,-17.818021781015887,1.0,1.252,,,0
pitch,pitch/j1_t87.5_s2,l-profile,5,6,6,6,11,0,1,0.41447751264953797,4.372382671992467,5,5,0,5,5,5,1.35888497726081,-87.36507512666799,1.0,1.252,,,0
pitch,pitch/j20_t0_s0,l-profile,5,5,6,6,10,0,2,0.4602524624098765,1.1753136520248262,5,5,5,5,5,5,1.2381355848698299,0.27533024833996933,20.0,0.0,,,0
pitch,pitch/j20_t0_s1,l-profile,5,5,6,6,10,0,2,0.5456554930109643,0.8004154799507089,5,5,5,5,5,5,0.7992286757188166,0.024221581365281963,20.0,0.0,,,0
pitch,pitch/j20_t0_s2,l-profile,5,5,6,6,10,0,2,1.1082780128429495,1.5197365680251167,5,5,5,5,5,5,1.20309787172355,-0.11630932852858678,20.0,0.0,,,0
pitch,pitch/j20_t105_s0,l-profile,5,6,6,6,11,0,1,0.5941645024723601,10.584913496852243,5,5,0,5,5,5,1.2446947748982844,-105.22297963151163,20.0,1.502,,,0
pitch,pitch/j20_t105_s1,l-profile,5,6,6,6,11,0,1,0.6813227986329334,12.328506862146778,5,5,0,5,5,5,0.8001518608431644,-104.89429312245215,20.0,1.502,,,0
pitch,pitch/j20_t105_s2,l-profile,5,5,6,6,10,0,2,1.0370846117266725,3.0784575629210162,4,0,1,4,4,4,-3.200058615076469,-104.34274697686965,20.0,1.502,,,0
pitch,pitch/j20_t17.5_s0,l-profile,5,6,6,6,10,1,2,0.41842662325078606,1.1610700298883223,5,5,5,5,5,5,1.2419528202508197,-17.120924287246453,20.0,0.25,,,0
pitch,pitch/j20_t17.5_s1,l-profile,5,6,6,6,10,1,2,0.4254126439923488,0.8703940051044344,5,5,5,5,5,5,0.8005450395921871,-17.475391455978297,20.0,0.25,,,0
pitch,pitch/j20_t17.5_s2,l-profile,5,6,6,6,11,0,1,1.0415793323329468,10.384641295114077,5,5,5,5,5,5,1.2076559367673663,-17.469059134298277,20.0,0.25,,,0
pitch,pitch/j20_t35_s0,l-profile,5,6,6,6,11,0,1,0.5374714075567008,6.179462474799997,5,5,1,5,5,5,1.1714714745584036,-34.90610742411354,20.0,0.501,,,0
pitch,pitch/j20_t35_s1,l-profile,5,6,6,6,11,0,1,0.508750602850927,4.95375431041604,5,5,2,5,5,5,0.8050293819374373,-34.945314004018655,20.0,0.501,,,0
pitch,pitch/j20_t35_s2,l-profile,5,6,6,6,11,0,1,1.1703774574653663,5.354351848682528,5,5,4,5,5,5,1.0330739149226607,-35.14841375848846,20.0,0.501,,,0
pitch,pitch/j20_t52.5_s0,l-profile,5,6,6,6,11,0,1,0.6160549346181875,1.4660310035486952,5,5,0,5,5,5,1.2401931400973758,-51.766932959678115,20.0,0.751,,,0
pitch,pitch/j20_t52.5_s1,l-profile,5,6,6,6,11,0,1,0.4888731820522195,0.8073985497681677,5,5,0,5,5,5,0.8004681401625168,-52.422692042429844,20.0,0.751,,,0
pitch,pitch/j20_t52.5_s2,l-profile,5,6,6,6,11,0,1,1.1703774574653663,3.5351417982766136,5,5,3,5,5,5,1.1122342684229753,-52.31888011587216,20.0,0.751,,,0
pitch,pitch/j20_t70_s0,l-profile,5,6,6,6,11,0,1,0.49039276493165873,2.833892841404212,5,5,0,5,5,5,1.2404481425944036,-69.78239088958185,20.0,1.001,,,0
pitch,pitch/j20_t70_s1,l-profile,5,6,6,6,11,0,1,0.6813227986329334,2.8756972846573436,5,5,0,5,5,5,0.8001421288295661,-69.84447180635652,20.0,1.001,,,0
pitch,pitch/j20_t70_s2,l-profile,5,6,6,6,11,0,1,1.0491611331087987,5.801051649727331,5,5,1,5,5,5,1.0175024257286895,-69.86322966720718,20.0,1.001,,,0
pitch,pitch/j20_t87.5_s0,l-profile,5,6,6,6,11,0,1,0.6056379119402893,5.340995662427745,5,5,0,5,5,5,1.2438951619616965,-87.23722420574609,20.0,1.252,,,0
pitch,pitch/j20_t87.5_s1,l-profile,5,6,6,6,11,0,1,0.6245769451486457,4.750803301004378,5,5,0,5,5,5,0.802899621574646,-87.40001271939104,20.0,1.252,,,0
pitch,pitch/j20_t87.5_s2,l-profile,5,5,6,6,10,0,2,1.0370846117266725,1.564729837113786,4,0,1,4,4,4,-3.2926586666173483,-87.43252966712112,20.0,1.252,,,0
pitch,pitch/j2_t0_s0,l-profile,5,5,6,6,10,0,2,0.8439863841664781,2.0142144917104665,5,5,5,5,5,5,1.5051636136202355,-0.1415347689267037,2.0,0.0,,,0
pitch,pitch/j2_t0_s1,l-profile,5,5,6,6,10,0,2,0.22380341049533703,0.5487024489943801,5,5,5,5,5,5,1.4669868144487932,0.11322139587286983,2.0,0.0,,,0
pitch,pitch/j2_t0_s2,l-profile,5,5,6,6,10,0,2,0.448477560041883,1.0915316572915006,5,5,5,5,5,5,1.4328481088076879,0.17813924303186468,2.0,0.0,,,0
pitch,pitch/j2_t105_s0,l-profile,5,6,6,6,11,0,1,1.1122516212185298,12.47743601238566,5,5,0,0,0,0,0.9444641371293081,-35.78021551719644,2.0,1.502,,,0
pitch,pitch/j2_t105_s1,l-profile,5,6,6,6,11,0,1,0.243614518789081,12.107054965067086,5,5,0,0,0,0,1.0168033526622737,-36.012653695307336,2.0,1.502,,,0
pitch,pitch/j2_t105_s2,l-profile,5,6,6,6,11,0,1,0.6033948807651232,12.362572945886532,5,5,0,0,0,0,0.9909564003112239,-35.99668348244063,2.0,1.502,,,0
pitch,pitch/j2_t17.5_s0,l-profile,5,6,6,6,10,1,2,1.0146615625272168,1.9700329990323826,5,4,5,5,5,5,-0.45700974731316024,-17.333442931123045,2.0,0.25,,,0
pitch,pitch/j2_t17.5_s1,l-profile,5,6,6,6,11,0,1,0.25813404148414254,12.49836075334109,5,5,5,5,5,5,1.4705634147477922,-17.46848007118524,2.0,0.25,,,0
pitch,pitch/j2_t17.5_s2,l-profile,5,6,6,6,11,0,1,0.5587163239352438,12.06259532741851,5,5,5,5,5,5,1.0555936974963085,-17.54696950108837,2.0,0.25,,,0
pitch,pitch/j2_t35_s0,l-profile,5,6,6,6,11,0,1,0.8448205476678446,6.440358301419554,5,5,1,5,5,5,1.312695906106355,-35.25603980314645,2.0,0.501,,,0
pitch,pitch/j2_t35_s1,l-profile,5,6,6,6,11,0,1,0.25813404148414254,11.13286198207555,5,5,2,5,5,5,1.0933533296478184,-34.79425677035624,2.0,0.501,,,0
pitch,pitch/j2_t35_s2,l-profile,5,6,6,6,11,0,1,0.6313677650587733,11.891090858090873,5,5,2,5,5,5,1.0239398830871078,-34.76314735638675,2.0,0.501,,,0
pitch,pitch/j2_t52.5_s0,l-profile,5,6,6,6,11,0,1,0.6767554164403609,1.8364736780800324,5,5,0,5,5,5,1.5041451365423255,-53.04826914439832,2.0,0.751,,,0
pitch,pitch/j2_t52.5_s1,l-profile,5,6,6,6,11,0,1,0.25813404148414254,0.5739012696843171,5,5,0,5,5,5,1.4699011486328226,-52.62282468858825,2.0,0.751,,,0
pitch,pitch/j2_t52.5_s2,l-profile,5,6,6,6,11,0,1,0.6313677650587733,1.2033003454922104,5,5,0,5,5,5,1.4302503810113139,-52.343069352545626,2.0,0.751,,,0
pitch,pitch/j2_t70_s0,l-profile,5,6,6,6,11,0,1,0.6767554164403609,2.954941008722852,5,5,0,5,5,5,1.4922001630557917,-70.27469309486696,2.0,1.001,,,0
pitch,pitch/j2_t70_s1,l-profile,5,6,6,6,11,0,1,0.26933998429525213,2.4353884484437947,5,5,0,5,5,5,1.4616027598822867,-69.87242501979813,2.0,1.001,,,0
pitch,pitch/j2_t70_s2,l-profile,5,6,6,6,11,0,1,0.536315495329947,2.4783635847142733,5,5,0,5,5,5,1.4100987818777253,-70.01126301192949,2.0,1.001,,,0
pitch,pitch/j2_t87.5_s0,l-profile,5,6,6,6,11,0,1,0.7909060040864638,4.727188733877783,5,5,0,0,0,0,1.3232037738124873,-18.21180272902734,2.0,1.252,,,0
pitch,pitch/j2_t87.5_s1,l-profile,5,6,6,6,11,0,1,0.25813404148414254,4.069199485367004,5,5,0,5,5,5,1.3743458922024276,-87.42023736955571,2.0,1.252,,,0
pitch,pitch/j2_t87.5_s2,l-profile,5,6,6,6,11,0,1,0.5587163239352438,4.464688639184484,5,5,0,5,5,5,1.345843223062524,-87.2730203198712,2.0,1.252,,,0
pitch,pitch/j5_t0_s0,l-profile,5,5,6,6,10,0,2,0.6752782767822718,1.4555028768589982,5,5,5,5,5,5,1.4648250282834248,0.17035288300530738,5.0,0.0,,,0
pitch,pitch/j5_t0_s1,l-profile,5,5,6,6,10,0,2,0.2672158664002082,0.5544535135782137,5,5,5,5,5,5,1.355761470658834,0.0356673776302614,5.0,0.0,,,0
pitch,pitch/j5_t0_s2,l-profile,5,5,6,6,10,0,2,0.46136190183113357,1.1856185650924491,5,5,5,5,5,5,1.2822270816758907,-0.14357215332393025,5.0,0.0,,,0
pitch,pitch/j5_t105_s0,l-profile,5,6,6,6,11,0,1,0.8131188259319178,11.56925651313917,5,4,0,0,0,0,1.4056460717391774,-36.41819947088061,5.0,1.502,,,0
pitch,pitch/j5_t105_s1,l-profile,5,6,6,6,11,0,1,0.27574036315498657,12.198931047528905,5,5,0,5,5,5,0.9755493274477333,-105.12697595427744,5.0,1.502,,,0
pitch,pitch/j5_t105_s2,l-profile,5,6,6,6,11,0,1,0.424438691288272,12.853893066198205,5,5,0,5,5,5,0.9355881207827886,-104.8407759736649,5.0,1.502,,,0
pitch,pitch/j5_t17.5_s0,l-profile,5,6,6,6,10,1,2,0.8244373098499547,1.5140434933206497,5,4,4,5,5,5,-0.39826166726155443,-17.395170556595758,5.0,0.25,,,0
pitch,pitch/j5_t17.5_s1,l-profile,5,6,6,6,11,0,1,0.2753141484505546,12.126813585797398,5,5,5,5,5,5,1.3545250712248493,-17.58543347719774,5.0,0.25,,,0
pitch,pitch/j5_t17.5_s2,l-profile,5,6,6,6,11,0,1,0.585344773537148,11.51769970180918,5,5,5,5,5,5,1.0303637571478204,-17.70548564380465,5.0,0.25,,,0
pitch,pitch/j5_t35_s0,l-profile,5,6,6,6,11,0,1,0.6611448570530728,6.108124645552849,5,5,5,5,5,5,1.4745563918578584,-35.119857326724286,5.0,0.501,,,0
pitch,pitch/j5_t35_s1,l-profile,5,6,6,6,11,0,1,0.29077216238332737,5.089497288473916,5,5,2,5,5,5,1.3582717103853752,-34.88634722214215,5.0,0.501,,,0
pitch,pitch/j5_t35_s2,l-profile,5,6,6,6,11,0,1,0.5863528650656706,11.799805268535618,5,5,2,5,5,5,0.9898337646033607,-35.065883546547184,5.0,0.501,,,0
pitch,pitch/j5_t52.5_s0,l-profile,5,6,6,6,11,0,1,0.6855629015322191,1.9808818450788293,5,5,0,5,5,5,1.466179066211493,-52.07475709910773,5.0,0.751,,,0
pitch,pitch/j5_t52.5_s1,l-profile,5,6,6,6,11,0,1,0.27620124585480055,0.8615749920770703,5,5,0,5,5,5,1.3541196414594519,-52.5387644658972,5.0,0.751,,,0
pitch,pitch/j5_t52.5_s2,l-profile,5,6,6,6,11,0,1,0.41979585022402316,1.1179670204855137,5,5,0,5,5,5,1.2848139211307548,-52.84826797044593,5.0,0.751,,,0
pitch,pitch/j5_t70_s0,l-profile,5,6,6,6,11,0,1,0.6695255596573725,2.631882638569909,5,5,0,5,5,5,1.469189281203443,-70.13908671444597,5.0,1.001,,,0
pitch,pitch/j5_t70_s1,l-profile,5,6,6,6,11,0,1,0.43967889345522987,2.4911608740643425,5,5,0,5,5,5,1.3501177447216957,-69.79929799590423,5.0,1.001,,,0
pitch,pitch/j5_t70_s2,l-profile,5,6,6,6,11,0,1,0.585344773537148,3.368139304983292,5,5,0,5,5,5,1.2721624932585802,-70.21278533244481,5.0,1.001,,,0
pitch,pitch/j5_t87.5_s0,l-profile,5,6,6,6,11,0,1,0.7481064508976041,4.497269885182422,5,5,0,5,5,5,1.4740060814174278,-87.63240981519448,5.0,1.252,,,0
pitch,pitch/j5_t87.5_s1,l-profile,5,6,6,6,11,0,1,0.2644442736774252,4.041403896462121,5,5,0,5,5,5,1.3351525571106266,-87.56918099576842,5.0,1.252,,,0
pitch,pitch/j5_t87.5_s2,l-profile,5,6,6,6,11,0,1,0.5799015051681258,5.594605992622969,5,5,0,5,5,5,1.2518966414901231,-87.49312497770234,5.0,1.252,,,0
crossing,crossing/flat_y0.25_s0,l-profile,4,4,4,4,8,0,0,0.4175732793380563,5.705137972400356,4,4,4,4,4,4,1.529286975085305,-11.091791258200146,,,0.25,0,0
crossing,crossing/flat_y0.25_s1,l-profile,4,4,4,4,8,0,0,0.5391906506855706,6.45519693714529,4,4,4,4,4,4,1.5350392704237021,-11.025706618813501,,,0.25,0,0
crossing,crossing/flat_y0.25_s2,l-profile,4,4,4,4,8,0,0,1.3506448486310587,5.713875956453992,4,4,4,4,4,4,1.505201165057843,-11.12771127871099,,,0.25,0,0
crossing,crossing/flat_y0.5_s0,l-profile,4,4,4,4,8,0,0,0.4780919478401112,5.8894901416448375,4,4,4,4,4,4,1.519068267514736,-11.059732302776297,,,0.5,0,0
crossing,crossing/flat_y0.5_s1,l-profile,4,4,4,4,8,0,0,0.5620761068866238,6.749694100622881,4,4,4,4,4,4,1.5424843056755309,-11.434877070871494,,,0.5,0,0
crossing,crossing/flat_y0.5_s2,l-profile,4,4,4,4,8,0,0,0.4774319557396435,6.165715400705844,4,4,4,4,4,4,1.5218273133711793,-11.12941863167191,,,0.5,0,0
crossing,crossing/flat_y0_s0,l-profile,4,4,4,4,8,0,0,0.372986389983093,7.093781003129826,4,4,4,4,4,4,1.5315826270357187,-11.037960375976013,,,0.0,0,0
crossing,crossing/flat_y0_s1,l-profile,4,4,4,4,8,0,0,0.41614886561730524,7.669176041943409,4,4,4,4,4,4,1.536844571529416,-11.280149023154308,,,0.0,0,0
crossing,crossing/flat_y0_s2,l-profile,4,4,4,4,8,0,0,1.2805843270703283,7.412369970484729,4,4,4,4,4,4,1.4889432199088786,-11.701126265033963,,,0.0,0,0
crossing,crossing/flat_y1_s0,l-profile,4,4,4,4,8,0,0,0.31540737831599913,11.702359176812589,4,4,4,4,4,4,1.5379640290881738,-11.123607108173474,,,1.0,0,0
crossing,crossing/flat_y1_s1,l-profile,4,4,4,4,8,0,0,0.46682908323958494,12.479324152061022,4,4,4,4,4,4,1.5454042051691737,-11.251058405520212,,,1.0,0,0
crossing,crossing/flat_y1_s2,l-profile,4,4,4,4,8,0,0,0.9300371279384398,12.014370280285936,4,4,4,4,4,4,1.3794166145227056,-10.939838202300962,,,1.0,0,0
crossing,crossing/flat_y2_s0,l-profile,3,4,4,4,7,0,1,0.22050838125242497,0.5066741142425749,3,0,3,3,3,3,1.1958943917497724,-11.27537111545098,,,2.0,0,0
crossing,crossing/flat_y2_s1,l-profile,3,4,4,4,7,0,1,0.4429640488549098,1.4982743926239217,3,0,3,3,3,3,1.1391163662404369,-11.69911611033649,,,2.0,0,0
crossing,crossing/flat_y2_s2,l-profile,3,4,4,4,7,0,1,0.8489290876172826,1.3053844318728482,3,0,3,3,3,3,1.5185202725906888,-11.592116907462696,,,2.0,0,0
crossing,crossing/flat_y3_s0,l-profile,3,4,4,4,7,0,1,0.3462769839501561,7.361972964695072,3,0,3,3,3,3,0.030939832789559293,-11.225002005045098,,,3.0,0,0
crossing,crossing/flat_y3_s1,l-profile,3,4,4,4,7,0,1,0.4042668095193911,7.379540430030861,3,0,3,3,3,3,0.018677373043668854,-11.40942625892285,,,3.0,0,0
crossing,crossing/flat_y3_s2,l-profile,3,4,4,4,7,0,1,1.0591282736645153,7.8798852770044405,3,0,3,3,3,3,0.03136073480870083,-11.227523648407896,,,3.0,0,0
crossing,crossing/flat_y5_s0,l-profile,3,3,4,4,6,0,2,0.3120288736529701,0.4827322839197174,3,3,3,3,3,3,1.5449465523411647,-11.267051704111736,,,5.0,0,0
crossing,crossing/flat_y5_s1,l-profile,3,3,4,4,6,0,2,0.3098246149271149,0.5427850934438843,3,3,3,3,3,3,1.5404722752931275,-11.31909945212692,,,5.0,0,0
crossing,crossing/flat_y5_s2,l-profile,3,3,4,4,6,0,2,0.6226893793573702,1.322974157459158,3,3,3,3,3,3,1.4986308310348502,-11.390045973621909,,,5.0,0,0
crossing,crossing/up_y0.25_s0,l-profile,4,4,4,4,8,0,0,0.3456397622519918,0.41827394766838333,4,4,4,4,4,4,1.5392606406723734,-11.061055545829959,,,0.25,1,0
crossing,crossing/up_y0.25_s1,l-profile,4,4,4,4,8,0,0,0.383098683281311,1.654285781590527,4,4,4,4,4,4,1.549211676952538,-11.333288050567717,,,0.25,1,0
crossing,crossing/up_y0.25_s2,l-profile,4,4,4,4,8,0,0,0.3383309320707803,0.8930758282322143,4,4,4,4,4,4,1.5218308570851287,-11.00699918372925,,,0.25,1,0
crossing,crossing/up_y0.5_s0,l-profile,4,4,4,4,8,0,0,0.26764889791300794,0.6611922877020968,4,4,4,4,4,4,1.523154324940237,-11.040138653806935,,,0.5,1,1
crossing,crossing/up_y0.5_s1,l-profile,4,4,4,4,8,0,0,0.5305960384167716,2.3523220393227646,4,4,4,4,4,4,1.5456633901467616,-11.333069737204369,,,0.5,1,1
crossing,crossing/up_y0.5_s2,l-profile,4,4,4,4,8,0,0,0.3846997133944376,0.9789834277738091,4,4,4,4,4,4,1.5273100651045861,-10.908078244739272,,,0.5,1,1
crossing,crossing/up_y0_s0,l-profile,4,4,4,4,8,0,0,0.29714486058688633,0.6749753409366817,4,4,4,4,4,4,1.5283249008740099,-11.2814842165443,,,0.0,1,0
crossing,crossing/up_y0_s1,l-profile,4,4,4,4,8,0,0,0.6701402327776065,2.2313913036663253,4,4,4,4,4,4,1.5418460717179274,-11.260690195147617,,,0.0,1,0
crossing,crossing/up_y0_s2,l-profile,4,4,4,4,8,0,0,0.44636874858692244,1.1953113153500772,4,4,4,4,4,4,1.526394385990583,-11.364822571456898,,,0.0,1,0
crossing,crossing/up_y1_s0,l-profile,4,4,4,4,8,0,0,0.3189743420145832,0.6281264914142796,4,4,4,4,3,4,1.526898272212587,-11.019656770445522,,,1.0,1,1
crossing,crossing/up_y1_s1,l-profile,4,4,4,4,8,0,0,0.4591654590162966,1.7878753711694433,4,4,4,4,3,4,1.539045572931357,-11.634514338755366,,,1.0,1,1
crossing,crossing/up_y1_s2,l-profile,4,4,4,4,8,0,0,0.4789519727609777,1.0706343730943182,4,4,4,4,3,4,1.5306551654746126,-10.767277206710219,,,1.0,1,1
crossing,crossing/up_y2_s0,l-profile,4,4,4,4,8,0,0,0.41771480592493027,0.6843148027332194,4,3,4,4,3,4,-1.1454426001544427,-11.061406141563907,,,2.0,1,1
crossing,crossing/up_y2_s1,l-profile,4,4,4,4,8,0,0,0.4389808900959465,1.8026446796146267,4,3,4,4,3,4,-1.214335768724406,-11.2862818516561,,,2.0,1,1
crossing,crossing/up_y2_s2,l-profile,4,4,4,4,8,0,0,0.44755825821083794,0.9636196394117101,4,3,4,4,3,4,-0.35481098216982687,-10.76608661288708,,,2.0,1,1
crossing,crossing/up_y3_s0,l-profile,4,4,4,4,8,0,0,0.35764083897353643,0.5476606157992228,4,3,4,4,3,4,-1.7570294939991893,-11.06911268813144,,,3.0,1,1
crossing,crossing/up_y3_s1,l-profile,4,4,4,4,8,0,0,0.41134235479555004,2.127054537021143,4,3,4,4,3,4,-1.7662071860238413,-11.400519516623376,,,3.0,1,1
crossing,crossing/up_y3_s2,l-profile,4,4,4,4,8,0,0,0.33766525081063214,0.8798536049708728,4,3,4,4,3,4,-0.9468233946620677,-11.03406050566366,,,3.0,1,1
crossing,crossing/up_y5_s0,l-profile,4,3,4,4,7,0,1,0.3406977519421487,0.4628005833227736,3,0,3,3,3,3,1.543967814765626,-11.070207026793014,,,5.0,1,1
crossing,crossing/up_y5_s1,l-profile,4,3,4,4,7,0,1,0.3898261191868527,1.5488904252502897,3,0,3,3,3,3,1.5438860457359793,-11.329798421486657,,,5.0,1,1
crossing,crossing/up_y5_s2,l-profile,4,3,4,4,7,0,1,0.4396727111866239,1.2964023561486964,3,0,3,3,3,3,1.5311457259256782,-10.98396781548081,,,5.0,1,1
one_end,one_end/l120_side1_s0,l-profile,4,4,4,4,8,0,0,0.32792965547966413,0.533761362945202,4,0,3,4,2,4,-1.7801635807297531,-11.219393876284812,,,,,1
one_end,one_end/l120_side1_s1,l-profile,4,4,4,4,8,0,0,0.44648980078257783,1.8143155498115116,4,0,3,4,2,4,-1.7880109461827045,-11.665225820393857,,,,,1
one_end,one_end/l120_side1_s2,l-profile,4,4,4,4,8,0,0,0.6168131063439632,1.2666568497514148,4,0,3,4,3,4,-1.0032486356444696,-11.32360402564018,,,,,1
one_end,one_end/l120_side2_s0,l-profile,4,4,4,4,8,0,0,0.3147867307647997,0.6345431094391322,4,0,3,4,2,4,-4.8262944750156755,-11.19043007334551,,,,,1
one_end,one_end/l120_side2_s1,l-profile,4,4,4,4,8,0,0,0.6225582090150613,1.7866761756139202,4,0,3,4,2,4,-4.858042423160063,-11.047939747773398,,,,,1
one_end,one_end/l120_side2_s2,l-profile,4,4,4,4,8,0,0,0.45515199792588534,1.2176228512662535,4,0,3,4,3,4,-3.9970874026894467,-10.815174563957271,,,,,1
one_end,one_end/l170_side1_s0,l-profile,4,4,4,4,8,0,0,0.36467398012222163,5.059635741140674,4,0,3,3,3,4,1.5438799938924868,-11.067811655180776,,,,,1
one_end,one_end/l170_side1_s1,l-profile,4,4,4,4,8,0,0,0.4352554903602952,5.296263730434089,4,0,3,3,3,4,1.538658833720637,-11.659567010134424,,,,,1
one_end,one_end/l170_side1_s2,l-profile,4,4,4,4,8,0,0,0.7625378369330256,5.662850930100255,4,0,3,3,3,4,1.5361192433490811,-11.079129713446036,,,,,1
one_end,one_end/l170_side2_s0,l-profile,4,4,4,4,8,0,0,0.3131283598993918,0.570028760395259,4,0,3,3,3,4,1.5371556602266094,-11.341979201607728,,,,,1
one_end,one_end/l170_side2_s1,l-profile,4,4,4,4,8,0,0,0.5078864418486484,1.8904951839827895,4,0,3,3,3,4,1.5378263723408347,-11.031162886251877,,,,,1
one_end,one_end/l170_side2_s2,l-profile,4,4,4,4,8,0,0,0.3577064241926656,1.4436492500667366,4,0,3,3,3,4,1.5079942341926855,-11.33485995504202,,,,,1
one_end,one_end/l220_side1_s0,l-profile,4,3,4,4,7,0,1,0.3406977519421487,0.6550341993510429,3,3,3,3,3,3,1.5439124031112343,-11.067962485544058,,,,,1
one_end,one_end/l220_side1_s1,l-profile,4,3,4,4,7,0,1,0.3930393895368149,1.6918251603428962,3,3,3,3,3,3,1.5337606934885486,-11.412097535169096,,,,,1
one_end,one_end/l220_side1_s2,l-profile,4,3,4,4,7,0,1,0.7693749819252094,1.0939778349608746,3,3,3,3,3,3,1.5341183507286102,-11.061997685764254,,,,,1
one_end,one_end/l220_side2_s0,l-profile,4,4,4,4,8,0,0,0.33573515892502115,12.134474747424417,4,0,3,3,3,4,1.5317819845463272,-11.256107759480301,,,,,1
one_end,one_end/l220_side2_s1,l-profile,4,4,4,4,8,0,0,0.42255693066339445,12.049796093456663,4,0,3,3,3,4,1.5408981208805443,-11.381413656637505,,,,,1
one_end,one_end/l220_side2_s2,l-profile,4,4,4,4,8,0,0,0.8484502476746277,12.357151196671548,4,0,3,3,3,4,1.492678451908224,-11.51260258936486,,,,,1
realism,realism/complex-profile__single-01,complex-profile,2,2,2,2,4,0,0,2.8858784616980793,3.014783047519819,2,2,2,2,2,2,6.335975774729853,-11.394408460410773,5.0,,,,0
realism,realism/complex-profile__single-02,complex-profile,3,3,3,3,3,3,3,3.22427647899125,3.410824778114108,1,1,1,1,1,1,1.106343129666071,-2.9951099504824015,5.0,,,,0
realism,realism/complex-profile__single-03,complex-profile,2,2,2,2,4,0,0,3.079454343445067,3.3941739150800077,2,2,2,2,2,2,4.569482604352454,-11.253594575839656,5.0,,,,0
realism,realism/complex-profile__single-04,complex-profile,1,1,1,1,2,0,0,2.786775666119006,2.8158774923092222,1,1,1,1,1,1,7.5,-10.757153537668046,5.0,,,,0
realism,realism/heavy-profile__single-01,heavy-profile,3,3,3,3,6,0,0,1.2366279963098479,1.8720590264160566,3,3,3,3,3,3,2.667321530419984,-11.27918298530426,5.0,,,,0
realism,realism/heavy-profile__single-02,heavy-profile,3,3,3,3,6,0,0,1.235096231897076,1.2746881080628811,3,3,3,3,3,3,3.496361097233167,-11.229343453431511,5.0,,,,0
realism,realism/heavy-profile__single-03,heavy-profile,3,3,3,3,6,0,0,1.2553641833572229,1.39204199219383,3,3,3,3,3,3,2.956427228143484,-11.143584888975738,5.0,,,,0
realism,realism/heavy-profile__single-05,heavy-profile,3,3,3,3,6,0,0,1.2644271248962515,1.5762702715921608,3,3,3,3,3,3,3.426640603467545,-11.333855906809731,5.0,,,,0
realism,realism/heavy-profile__single-06,heavy-profile,3,3,3,3,6,0,0,1.359046495735143,1.580891550549526,3,3,3,3,3,3,2.9918477616899963,-11.316514493678142,5.0,,,,0
realism,realism/heavy-profile__single-07,heavy-profile,3,3,3,3,6,0,0,1.2808573770886258,1.4072185975711178,3,3,3,3,3,3,2.6890560034298887,-11.244522565949865,5.0,,,,0
realism,realism/heavy-profile__single-08,heavy-profile,3,3,3,3,6,0,0,1.2498194206488058,1.511799059929731,3,3,3,3,3,3,2.8903673197267867,-11.741613288158987,5.0,,,,0
realism,realism/heavy-profile__single-09,heavy-profile,3,3,3,3,6,0,0,1.2368424612344149,1.2734730236325258,3,3,3,3,3,3,3.9989579879415955,-11.236401629491183,5.0,,,,0
realism,realism/heavy-profile__single-10,heavy-profile,3,3,3,3,6,0,0,1.2562549028495076,1.295021602758075,3,3,3,3,3,3,3.4705262566854356,-11.238192109726015,5.0,,,,0
realism,realism/l-profile-reshoot__single-01,l-profile,5,5,5,5,10,0,0,0.3202749304219965,0.6596816062675126,5,5,5,5,5,5,1.3458934800706255,-11.232730025107003,5.0,,,,0
realism,realism/l-profile-reshoot__single-02,l-profile,2,2,2,2,4,0,0,1.0406265108292048,1.9092154586282255,2,2,2,2,2,2,2.3682433068276354,-11.258552979528304,5.0,,,,0
realism,realism/l-profile-reshoot__single-03,l-profile,3,3,3,3,6,0,0,0.5247503311301511,1.263892345595317,3,3,3,3,3,3,1.630281195901431,-11.038364668716213,5.0,,,,0
realism,realism/l-profile__single-01,l-profile,3,3,3,3,6,0,0,0.5291092063497772,3.349324875578704,3,3,3,3,3,3,1.6040503291072166,-11.467466675490186,5.0,,,,0
realism,realism/l-profile__single-02,l-profile,3,3,3,3,6,0,0,0.44981576544597346,0.7690330851223062,3,3,3,3,3,3,1.6866336238554873,-11.20676295323642,5.0,,,,0
realism,realism/l-profile__single-03,l-profile,3,3,3,3,6,0,0,1.6458641360904704,2.067805402663865,3,3,3,3,3,3,1.5814413679243293,-11.181990808159526,5.0,,,,0
realism,realism/l-profile__single-04,l-profile,3,3,3,3,6,0,0,0.9290687560288269,2.2498197380900855,3,3,3,3,3,3,1.3452108276333221,-11.285058133543316,5.0,,,,0
realism,realism/l-profile__single-05,l-profile,3,3,3,3,6,0,0,0.3730170390324578,1.9577108899901965,3,3,3,3,3,3,3.613620006232518,-12.28534886798252,5.0,,,,0
realism,realism/l-profile__single-06,l-profile,3,3,3,3,6,0,0,0.6511963540315993,0.8187636312989602,3,3,3,3,3,3,1.5810297715206711,-11.183636516860588,5.0,,,,0
realism,realism/l-profile__single-07,l-profile,2,2,2,2,4,0,0,0.6762533980292517,1.4675008227756452,2,2,2,2,2,2,1.4695093936181214,-10.105629886765541,5.0,,,,0
realism,realism/l-profile__single-08,l-profile,2,2,2,2,4,0,0,2.199798022770776,4.362823093615897,2,2,2,2,2,2,1.3801333562453304,-9.202742954961195,5.0,,,,0
realism,realism/l-profile__single-09,l-profile,2,2,2,2,4,0,0,0.30775462590509195,0.3402837616395612,2,2,2,2,2,2,1.5903482709506127,-11.442688907756292,5.0,,,,0
realism,realism/l-profile__single-10,l-profile,4,4,4,4,8,0,0,0.6168130482872797,0.9682332740164743,4,4,4,4,4,4,1.5300082446658325,-11.416718016210552,5.0,,,,0
realism,realism/l-profile__single-11,l-profile,3,3,3,3,6,0,0,0.5595642086069923,0.7727584623975063,3,3,3,3,3,3,2.393539735148118,-11.144081099554569,5.0,,,,0
realism,realism/l-profile__single-12,l-profile,2,2,2,2,4,0,0,0.24405042850994996,0.2855753026238817,2,2,2,2,2,2,2.39833274068363,-11.377633168852071,5.0,,,,0
realism,realism/square-profile__single-01,square-profile,9,10,10,10,19,0,1,1.114954615276949,4.361786480641357,9,8,9,9,9,9,0.7569851278762526,-10.884819181497278,5.0,,,,0
realism,realism/square-profile__single-02,square-profile,4,4,4,4,8,0,0,0.6586444405933871,1.1823086622512042,4,4,4,4,4,4,1.7267520046555926,-11.301990981508425,5.0,,,,0
realism,realism/square-profile__single-03,square-profile,4,4,4,4,8,0,0,1.1378212600967272,2.75561853073871,4,4,4,4,4,4,0.9801655154923564,-10.322293131237188,5.0,,,,0
realism,realism/square-profile__single-04,square-profile,4,4,4,4,8,0,0,0.5034256218159409,2.473684954715566,4,4,4,4,4,4,0.8851962879569734,-10.630847649458929,5.0,,,,0
realism,realism/square-profile__single-05,square-profile,4,4,4,4,8,0,0,0.42745957627399034,6.2193222652964115,4,4,4,4,4,4,0.17311584200294516,-8.279654532351742,5.0,,,,0
realism,realism/square-profile__single-06,square-profile,4,4,4,4,8,0,0,1.6291048867483306,4.238087072735037,4,4,4,4,4,4,0.505724604417663,-9.446869962026085,5.0,,,,0
realism,realism/square-profile__single-07,square-profile,4,4,4,4,8,0,0,1.028466281608548,2.8181875861704513,4,4,4,4,4,4,1.0348923702318618,-12.153081152398386,5.0,,,,0
realism,realism/square-profile__single-08,square-profile,4,4,4,4,8,0,0,0.4989402676377527,0.7956982773786291,4,4,4,4,4,4,0.19671966216562586,-11.226667226879044,5.0,,,,0
realism,realism/square-profile__single-09,square-profile,3,3,3,3,6,0,0,1.157275673355357,1.3530463035817761,3,3,3,3,3,3,1.9892622211650814,-11.267373067243625,5.0,,,,0
realism,realism/square-profile__single-10,square-profile,2,2,2,2,4,0,0,1.912893081220189,3.2917199520505456,2,2,2,2,2,2,-0.03844850260147237,-14.27275974266729,5.0,,,,0
realism,realism/square-profile__single-11,square-profile,8,8,8,8,16,0,0,1.0830702139502604,5.554930011414263,8,8,8,8,8,8,0.7514711859123189,-13.23222453401911,5.0,,,,0
realism,realism/square-profile__single-12,square-profile,3,3,3,3,6,0,0,0.9960397699711618,1.3041732403708655,3,3,3,3,3,3,0.888140637325316,-11.182512779155331,5.0,,,,0
realism,realism/square-profile__single-13,square-profile,3,3,3,3,6,0,0,0.825737872713838,4.598148055135719,3,3,3,3,3,3,1.8154930978139638,-7.50908207817406,5.0,,,,0
realism,realism/square-profile__single-14,square-profile,3,3,3,3,6,0,0,1.1893116124366578,1.6767246048742053,3,3,3,3,3,3,1.8128828373812211,-11.805368465468746,5.0,,,,0
realism,realism/square-profile__single-15,square-profile,3,3,3,3,6,0,0,0.9191168561280313,1.1331761272833718,3,3,3,3,3,3,-0.4137171780513471,-11.467800901738201,5.0,,,,0
realism,realism/square-profile__single-16,square-profile,3,3,3,3,6,0,0,0.6871622946381339,1.0814429549102136,3,3,3,3,3,3,0.8917178006141614,-11.203658604950533,5.0,,,,0
realism,realism/square-profile__single-17,square-profile,5,5,5,5,10,0,0,0.9768589066747208,2.437740498564409,5,5,5,5,5,5,0.7142169944526102,-11.041326481133865,5.0,,,,0
realism,realism/square-profile__single-18,square-profile,10,10,29,29,20,0,38,1.0124592889500428,7.582151105090658,9,0,9,1,0,0,-1.3078323321134147,25.270695247606227,5.0,,,,0
realism,realism/square-profile__single-19,square-profile,3,3,3,3,6,0,0,1.3090900081500934,4.9020448739791025,3,3,3,3,3,3,1.7176575579066897,-6.50436486266608,5.0,,,,0
realism,realism/square-profile__single-20,square-profile,6,6,6,6,12,0,0,0.6806711326198529,1.5870521042502517,6,6,6,6,6,6,1.7735294600181462,-11.187707727088537,5.0,,,,0
realism,realism/square-profile__single-21,square-profile,7,8,8,8,15,0,1,1.161200478276012,6.125195072967292,7,4,7,7,7,7,0.03247740211126493,-10.973139061008169,5.0,,,,0
realism,realism/square-profile__single-22,square-profile,8,8,8,8,16,0,0,0.9865784821588096,6.741274067971053,8,8,8,8,8,8,-0.08732875409845453,-11.958548352719617,5.0,,,,0
realism,realism/square-profile__single-23,square-profile,8,8,8,8,16,0,0,1.0649393941976713,7.295148465018431,8,8,8,8,8,8,0.7128961359138268,-14.134939837602019,5.0,,,,0
realism,realism/square-profile__single-24,square-profile,8,8,8,8,16,0,0,0.8819228565866517,5.2895300292406535,8,8,8,8,8,8,0.5437543814746213,-9.897864076369729,5.0,,,,0
realism,realism/square-profile__single-25,square-profile,8,8,8,8,16,0,0,1.3505513550827166,6.225971352654577,8,8,8,8,8,8,0.7624604903090895,-12.703486300763416,5.0,,,,0
realism,realism/square-profile__single-26,square-profile,7,7,7,7,14,0,0,0.9200609305003439,4.420054456740377,7,7,7,7,7,7,1.0105866794097393,-11.052101927179592,5.0,,,,0
realism,realism/square-profile__single-27,square-profile,8,8,8,8,16,0,0,0.3947646814999728,7.5778688937990575,8,8,8,8,8,8,0.5031412882332338,-10.840051361519386,5.0,,,,0
realism,realism/square-profile__single-28,square-profile,8,9,9,9,17,0,1,1.278331124038372,3.1960155619708255,8,7,8,8,8,8,0.6829261341108492,-11.37067447132847,5.0,,,,0
pitch_edge,pitch_edge/j0_t0_s0,l-profile,3,3,4,4,6,0,2,0.2507981712538987,0.37608356023142864,3,3,3,3,3,3,1.5491577082818837,-0.009814941300419378,0.0,0.0,,,0
pitch_edge,pitch_edge/j0_t0_s1,l-profile,3,3,4,4,6,0,2,0.5435357848137212,1.8169027880442494,3,3,3,3,3,3,1.5051467667061045,0.1036876480425235,0.0,0.0,,,0
pitch_edge,pitch_edge/j0_t0_s2,l-profile,3,3,4,4,6,0,2,0.6789231159645425,1.6674548297101994,3,3,3,3,3,3,1.5203560203795812,0.22433839343671025,0.0,0.0,,,0
pitch_edge,pitch_edge/j0_t105_s0,l-profile,3,4,4,4,7,0,1,0.32854944001670056,0.4536223217537394,3,3,0,3,3,3,1.5457729622729555,-104.92014894291378,0.0,1.502,,,0
pitch_edge,pitch_edge/j0_t105_s1,l-profile,3,4,4,4,7,0,1,0.4196705299665496,1.8311314472894669,3,3,0,3,3,3,1.5076428908616168,-105.13159794000126,0.0,1.502,,,0
pitch_edge,pitch_edge/j0_t105_s2,l-profile,3,4,4,4,7,0,1,0.37124830162745664,1.4722591039502189,3,3,0,3,3,3,1.525161566064248,-104.93162828942695,0.0,1.502,,,0
pitch_edge,pitch_edge/j0_t17.5_s0,l-profile,3,4,4,4,7,0,1,0.2784109412697622,16.91526629152987,3,3,3,3,3,3,1.5497807671364352,-17.56955524408545,0.0,0.25,,,0
pitch_edge,pitch_edge/j0_t17.5_s1,l-profile,3,4,4,4,6,1,2,0.5263510696011527,2.830965118434743,3,2,2,3,3,3,-0.4570844045824145,-17.352604035383138,0.0,0.25,,,0
pitch_edge,pitch_edge/j0_t17.5_s2,l-profile,3,3,4,4,6,0,2,0.5665583314838935,1.487088112491182,3,3,3,3,3,3,1.5235772980742002,-17.4257358763748,0.0,0.25,,,0
pitch_edge,pitch_edge/j0_t35_s0,l-profile,3,4,4,4,7,0,1,0.23313952025706564,7.495439014780179,3,3,0,3,3,3,1.320142876503839,-35.14462270538456,0.0,0.501,,,0
pitch_edge,pitch_edge/j0_t35_s1,l-profile,3,4,4,4,7,0,1,0.72321542615484,7.97516939301286,3,3,0,3,3,3,1.3258533325625264,-34.97183290885687,0.0,0.501,,,0
pitch_edge,pitch_edge/j0_t35_s2,l-profile,3,4,4,4,7,0,1,0.8467644590302886,16.298455934321193,3,3,1,3,3,3,1.0305092753104321,-35.02510071700567,0.0,0.501,,,0
pitch_edge,pitch_edge/j0_t52.5_s0,l-profile,3,4,4,4,7,0,1,0.23313952025706564,0.38807665252177986,3,3,0,0,0,0,1.5426703568636497,17.17636810782028,0.0,0.751,,,0
pitch_edge,pitch_edge/j0_t52.5_s1,l-profile,3,4,4,4,7,0,1,0.4824743992596558,1.8856373608510546,3,3,0,3,3,3,1.5083433847215628,-52.52218991040695,0.0,0.751,,,0
pitch_edge,pitch_edge/j0_t52.5_s2,l-profile,3,4,4,4,7,0,1,0.37124830162745664,1.7184583106909577,3,3,1,0,0,0,0.7356540011937711,17.571064298841293,0.0,0.751,,,0
pitch_edge,pitch_edge/j0_t70_s0,l-profile,3,4,4,4,7,0,1,0.2914893628632583,0.38132968884901003,3,3,0,0,0,0,1.5445962883064117,-0.24202295363397752,0.0,1.001,,,0
pitch_edge,pitch_edge/j0_t70_s1,l-profile,3,4,4,4,7,0,1,0.6475262034485181,2.082332140233698,3,3,0,3,3,3,1.5085681444255559,-70.02232262573534,0.0,1.001,,,0
pitch_edge,pitch_edge/j0_t70_s2,l-profile,3,4,4,4,7,0,1,0.37124830162745664,1.5161694590447503,3,3,0,3,3,3,1.5247141563923368,-70.02561464166365,0.0,1.001,,,0
pitch_edge,pitch_edge/j0_t87.5_s0,l-profile,3,4,4,4,7,0,1,0.2445292179102191,0.36974493219695914,3,3,0,3,3,3,1.5485926165313548,-87.6911743073083,0.0,1.252,,,0
pitch_edge,pitch_edge/j0_t87.5_s1,l-profile,3,4,4,4,7,0,1,0.618822032250666,1.9523088967017161,3,3,0,3,3,3,1.5063301670955604,-87.41357216473511,0.0,1.252,,,0
pitch_edge,pitch_edge/j0_t87.5_s2,l-profile,3,4,4,4,7,0,1,0.37124830162745664,1.6553294201635798,3,3,0,0,0,0,0.7373541771864914,-17.53080803596049,0.0,1.252,,,0
pitch_edge,pitch_edge/j10_t0_s0,l-profile,3,3,4,4,6,0,2,0.26531019275859746,0.8627709851293951,3,3,3,3,3,3,1.4104872333962302,-0.03076724827110411,10.0,0.0,,,0
pitch_edge,pitch_edge/j10_t0_s1,l-profile,3,3,4,4,6,0,2,0.382677105068985,0.48391956977971257,3,3,3,3,3,3,1.1953278912819032,0.08576090980864137,10.0,0.0,,,0
pitch_edge,pitch_edge/j10_t0_s2,l-profile,3,3,4,4,6,0,2,0.2653308512461122,0.3266766785499158,3,3,3,3,3,3,1.1002298152631762,0.003054870635196494,10.0,0.0,,,0
pitch_edge,pitch_edge/j10_t105_s0,l-profile,3,4,4,4,7,0,1,0.289996411566795,0.9278404527373648,3,3,0,3,3,3,1.4144854829053695,-105.06894649654919,10.0,1.502,,,0
pitch_edge,pitch_edge/j10_t105_s1,l-profile,3,4,4,4,7,0,1,0.3440046335209278,0.42004462307619206,3,3,0,3,3,3,1.187856261397777,-104.95843941660223,10.0,1.502,,,0
pitch_edge,pitch_edge/j10_t105_s2,l-profile,3,4,4,4,7,0,1,0.3046806592774698,1.1059214199697882,3,3,0,3,3,3,1.0973079843749558,-104.86619925884634,10.0,1.502,,,0
pitch_edge,pitch_edge/j10_t17.5_s0,l-profile,3,4,4,4,7,0,1,0.3307910705689129,17.5926727066333,3,3,3,3,3,3,1.4125955780507335,-17.40637615795322,10.0,0.25,,,0
pitch_edge,pitch_edge/j10_t17.5_s1,l-profile,3,4,4,4,6,1,2,0.28173381742180514,0.5779956052266416,3,3,3,3,3,3,0.96263917579249,-17.40993331914956,10.0,0.25,,,0
pitch_edge,pitch_edge/j10_t17.5_s2,l-profile,3,4,4,4,7,0,1,0.3046806592774698,15.836965644756141,3,3,3,3,3,3,0.8994202343336188,-17.536593057411892,10.0,0.25,,,0
pitch_edge,pitch_edge/j10_t35_s0,l-profile,3,4,4,4,7,0,1,0.3921462267973604,15.461703000963901,3,3,2,3,3,3,1.016031979377311,-34.862616119795575,10.0,0.501,,,0
pitch_edge,pitch_edge/j10_t35_s1,l-profile,3,4,4,4,7,0,1,0.3192912121301643,6.833257290134092,3,3,0,3,3,3,1.1946211440794894,-35.167718129701825,10.0,0.501,,,0
pitch_edge,pitch_edge/j10_t35_s2,l-profile,3,4,4,4,7,0,1,0.272800494146331,4.03186927568812,3,3,3,3,3,3,1.1008581671850426,-35.03934806931625,10.0,0.501,,,0
pitch_edge,pitch_edge/j10_t52.5_s0,l-profile,3,4,4,4,7,0,1,0.26111490646978625,0.8783854655739622,3,3,0,3,3,3,1.40950170151148,-52.54393431768108,10.0,0.751,,,0
pitch_edge,pitch_edge/j10_t52.5_s1,l-profile,3,4,4,4,7,0,1,0.3192912121301643,0.42035343750043785,3,3,0,3,3,3,1.193088224621763,-52.47022236121916,10.0,0.751,,,0
pitch_edge,pitch_edge/j10_t52.5_s2,l-profile,3,4,4,4,7,0,1,0.3046806592774698,1.047635450354473,3,3,0,3,3,3,1.0972068234002779,-52.72479508990409,10.0,0.751,,,0
pitch_edge,pitch_edge/j10_t70_s0,l-profile,3,4,4,4,7,0,1,0.3608771822611518,1.191932626783306,3,3,0,3,3,3,1.4080580850956255,-69.86518106515837,10.0,1.001,,,0
pitch_edge,pitch_edge/j10_t70_s1,l-profile,3,4,4,4,7,0,1,0.3105004528218099,0.40104134303464206,3,3,0,3,3,3,1.1867384672781291,-70.16987320254225,10.0,1.001,,,0
pitch_edge,pitch_edge/j10_t70_s2,l-profile,3,4,4,4,7,0,1,0.3278688178476086,0.9766698863268868,3,3,0,3,3,3,1.0869151363432956,-70.02154825482216,10.0,1.001,,,0
pitch_edge,pitch_edge/j10_t87.5_s0,l-profile,3,4,4,4,7,0,1,0.3561480455304519,0.9463532728507965,3,3,0,3,3,3,1.4136875158298812,-87.60552747644374,10.0,1.252,,,0
pitch_edge,pitch_edge/j10_t87.5_s1,l-profile,3,4,4,4,7,0,1,0.40029444709222484,0.4966740647232081,3,3,0,3,3,3,1.1839894535901792,-87.68275791399878,10.0,1.252,,,0
pitch_edge,pitch_edge/j10_t87.5_s2,l-profile,3,4,4,4,7,0,1,0.272800494146331,0.9532741863097642,3,3,0,3,3,3,1.100591941730872,-87.598681488784,10.0,1.252,,,0
pitch_edge,pitch_edge/j1_t0_s0,l-profile,3,3,4,4,6,0,2,0.3279437941677724,0.5063698640052692,3,3,3,3,3,3,1.5368208253120677,-0.030888376976463405,1.0,0.0,,,0
pitch_edge,pitch_edge/j1_t0_s1,l-profile,3,3,4,4,6,0,2,0.3086669770137044,0.8395744464343361,3,3,3,3,3,3,1.525926108352323,0.03192183581472818,1.0,0.0,,,0
pitch_edge,pitch_edge/j1_t0_s2,l-profile,3,3,4,4,6,0,2,0.36737722059386896,0.5554531183898266,3,3,3,3,3,3,1.5174645464691958,0.1137785720809461,1.0,0.0,,,0
pitch_edge,pitch_edge/j1_t105_s0,l-profile,3,4,4,4,7,0,1,0.3478818890376916,0.7628506018537594,3,3,0,3,3,3,1.537200634183069,-104.81331684692395,1.0,1.502,,,0
pitch_edge,pitch_edge/j1_t105_s1,l-profile,3,4,4,4,7,0,1,0.2884261923293759,0.835210288215989,3,3,0,3,3,3,1.523079263080193,-104.98669422247463,1.0,1.502,,,0
pitch_edge,pitch_edge/j1_t105_s2,l-profile,3,4,4,4,7,0,1,0.38364752874468167,0.895414638534019,3,3,0,0,0,0,0.736609600590437,-35.62168424779861,1.0,1.502,,,0
pitch_edge,pitch_edge/j1_t17.5_s0,l-profile,3,4,4,4,6,1,2,0.33090115283441524,0.46291469018531806,3,2,3,3,3,3,-0.42195027695946585,-17.204713489972164,1.0,0.25,,,0
pitch_edge,pitch_edge/j1_t17.5_s1,l-profile,3,4,4,4,6,1,2,0.24888609014473173,0.8421641901841945,3,2,2,3,3,3,-0.4773147759810952,-17.489630576668105,1.0,0.25,,,0
pitch_edge,pitch_edge/j1_t17.5_s2,l-profile,3,4,4,4,6,1,2,0.373206689521973,0.9808510612573924,3,3,3,3,3,3,1.5093788601154574,-17.380696160824527,1.0,0.25,,,0
pitch_edge,pitch_edge/j1_t35_s0,l-profile,3,4,4,4,7,0,1,0.3478818890376916,15.424787521805412,3,3,2,3,3,3,1.0689901023343529,-34.913795203092604,1.0,0.501,,,0
pitch_edge,pitch_edge/j1_t35_s1,l-profile,3,4,4,4,7,0,1,0.2884261923293759,7.7809152381368385,3,3,0,3,3,3,1.3266556052870482,-34.93717635219991,1.0,0.501,,,0
pitch_edge,pitch_edge/j1_t35_s2,l-profile,3,4,4,4,7,0,1,0.3712661123638903,7.296618794943015,3,3,3,3,3,3,1.5107872575300292,-35.04051970301475,1.0,0.501,,,0
pitch_edge,pitch_edge/j1_t52.5_s0,l-profile,3,4,4,4,7,0,1,0.3478818890376916,0.8958462195398369,3,3,0,3,3,3,1.5374942189207892,-52.431858713555584,1.0,0.751,,,0
pitch_edge,pitch_edge/j1_t52.5_s1,l-profile,3,4,4,4,7,0,1,0.2814691579740465,0.6888439408513425,3,3,0,3,3,3,1.5086184181409386,-52.50106599636433,1.0,0.751,,,0
pitch_edge,pitch_edge/j1_t52.5_s2,l-profile,3,4,4,4,7,0,1,0.38364752874468167,0.7566807015479132,3,3,0,3,3,3,1.517848875572579,-52.30490314558483,1.0,0.751,,,0
pitch_edge,pitch_edge/j1_t70_s0,l-profile,3,4,4,4,7,0,1,0.5012589572345268,1.5786644636028138,3,3,0,3,3,3,1.5372151268975174,-70.04187760932473,1.0,1.001,,,0
pitch_edge,pitch_edge/j1_t70_s1,l-profile,3,4,4,4,7,0,1,0.2884261923293759,1.0083351435341832,3,3,0,3,3,3,1.521437294543822,-69.82532781606415,1.0,1.001,,,0
pitch_edge,pitch_edge/j1_t70_s2,l-profile,3,4,4,4,7,0,1,0.3004950525791991,0.4801275517529428,3,3,0,3,3,3,1.5080540383965853,-70.1137617560239,1.0,1.001,,,0
pitch_edge,pitch_edge/j1_t87.5_s0,l-profile,3,4,4,4,7,0,1,0.3478818890376916,0.977914828523789,3,3,0,3,3,3,1.5222880394195641,-87.53925187215327,1.0,1.252,,,0
pitch_edge,pitch_edge/j1_t87.5_s1,l-profile,3,4,4,4,7,0,1,0.2884261923293759,0.7917408795096622,3,3,0,3,3,3,1.525880830575864,-87.54460245970358,1.0,1.252,,,0
pitch_edge,pitch_edge/j1_t87.5_s2,l-profile,3,4,4,4,7,0,1,0.35375767495351806,0.5044705863748202,3,3,0,3,3,3,1.519489628466863,-87.45631732951642,1.0,1.252,,,0
pitch_edge,pitch_edge/j20_t0_s0,l-profile,3,3,4,4,6,0,2,0.41827981227788724,1.3430855687291665,3,3,3,3,3,3,1.277709051237976,-0.12913711573082765,20.0,0.0,,,0
pitch_edge,pitch_edge/j20_t0_s1,l-profile,3,3,4,4,6,0,2,0.3030481276498392,0.7151869891650147,3,3,3,3,3,3,0.8279329409282823,0.1918723423736992,20.0,0.0,,,0
pitch_edge,pitch_edge/j20_t0_s2,l-profile,3,4,4,4,7,0,1,0.6416794801276872,16.764120253414625,3,3,3,3,3,3,1.4135142694545388,-0.030916514129785355,20.0,0.0,,,0
pitch_edge,pitch_edge/j20_t105_s0,l-profile,3,4,4,4,7,0,1,0.39460331290144224,1.3276858227528454,3,3,0,3,3,3,1.2759577157399808,-105.11445592794871,20.0,1.502,,,0
pitch_edge,pitch_edge/j20_t105_s1,l-profile,3,4,4,4,7,0,1,0.29769070136108955,0.49257138021107055,3,3,0,3,3,3,0.8270584161172041,-104.8612667160985,20.0,1.502,,,0
pitch_edge,pitch_edge/j20_t105_s2,l-profile,3,4,4,4,7,0,1,0.6416794801276872,1.485023130559871,3,3,0,3,3,3,1.4164846914230194,-105.06318643929967,20.0,1.502,,,0
pitch_edge,pitch_edge/j20_t17.5_s0,l-profile,3,3,4,4,6,0,2,0.41536504883227565,1.307998743916191,3,3,3,3,3,3,1.2738321839220734,-17.570296035609545,20.0,0.25,,,0
pitch_edge,pitch_edge/j20_t17.5_s1,l-profile,3,4,4,4,6,1,2,0.25041187363986095,0.47384352249536316,3,3,3,3,3,3,0.8240727060117624,-17.174604778018647,20.0,0.25,,,0
pitch_edge,pitch_edge/j20_t17.5_s2,l-profile,3,4,4,4,7,0,1,0.879661278069684,8.616738686549336,3,3,3,3,3,3,1.399735802103072,-17.520624154172765,20.0,0.25,,,0
pitch_edge,pitch_edge/j20_t35_s0,l-profile,3,4,4,4,7,0,1,0.508848626254138,15.555983752337417,3,3,2,3,3,3,0.9571884698271652,-35.00871562096472,20.0,0.501,,,0
pitch_edge,pitch_edge/j20_t35_s1,l-profile,3,4,4,4,7,0,1,0.2505567975376641,5.57920824447768,3,3,0,3,3,3,0.8261887990353601,-34.90300518808408,20.0,0.501,,,0
pitch_edge,pitch_edge/j20_t35_s2,l-profile,3,4,4,4,7,0,1,0.6416794801276872,1.7222525290651163,3,3,2,3,3,3,1.1774686236094583,-35.01290929457605,20.0,0.501,,,0
pitch_edge,pitch_edge/j20_t52.5_s0,l-profile,3,4,4,4,7,0,1,0.432031533674658,1.3714191985254374,3,3,0,3,3,3,1.272465091336117,-52.675856242567306,20.0,0.751,,,0
pitch_edge,pitch_edge/j20_t52.5_s1,l-profile,3,4,4,4,7,0,1,0.2554992652502232,0.4731058984836914,3,3,0,3,3,3,0.8270656369226732,-52.35342369640898,20.0,0.751,,,0
pitch_edge,pitch_edge/j20_t52.5_s2,l-profile,3,4,4,4,7,0,1,0.6416794801276872,1.44028665952126,3,3,1,3,3,3,1.4102431719415238,-52.48594735780239,20.0,0.751,,,0
pitch_edge,pitch_edge/j20_t70_s0,l-profile,3,4,4,4,7,0,1,0.4703843555337947,1.4442553688412274,3,3,0,3,3,3,1.2694132158237987,-70.11872032159886,20.0,1.001,,,0
pitch_edge,pitch_edge/j20_t70_s1,l-profile,3,4,4,4,7,0,1,0.4112643264186702,0.6788344964867793,3,3,0,3,3,3,0.8224646584666047,-70.17841025438611,20.0,1.001,,,0
pitch_edge,pitch_edge/j20_t70_s2,l-profile,3,4,4,4,7,0,1,0.7570811612002006,1.6151505814944729,3,3,1,3,3,3,1.4051784170318102,-70.17721886803702,20.0,1.001,,,0
pitch_edge,pitch_edge/j20_t87.5_s0,l-profile,3,4,4,4,7,0,1,0.37759413548259224,1.468478169197979,3,3,0,3,3,3,1.2700496289755923,-87.66634792219043,20.0,1.252,,,0
pitch_edge,pitch_edge/j20_t87.5_s1,l-profile,3,4,4,4,7,0,1,0.31477711092100585,0.6982652936076658,3,3,0,3,3,3,0.8269287734634221,-87.32468497377431,20.0,1.252,,,0
pitch_edge,pitch_edge/j20_t87.5_s2,l-profile,3,4,4,4,7,0,1,0.6416794801276872,1.534735491889458,3,3,1,3,3,3,1.4147334660077377,-87.47438593883521,20.0,1.252,,,0
pitch_edge,pitch_edge/j2_t0_s0,l-profile,3,3,4,4,6,0,2,0.3806261560808707,0.5188869819935384,3,3,3,3,3,3,1.5215107465397293,0.017139251927119403,2.0,0.0,,,0
pitch_edge,pitch_edge/j2_t0_s1,l-profile,3,3,4,4,6,0,2,0.2842061725750538,0.6094972864647666,3,3,3,3,3,3,1.4869777316898167,0.02127209487116488,2.0,0.0,,,0
pitch_edge,pitch_edge/j2_t0_s2,l-profile,3,3,4,4,6,0,2,0.3229142890768068,0.36435575671058784,3,3,3,3,3,3,1.4660959858875267,0.15306582998937301,2.0,0.0,,,0
pitch_edge,pitch_edge/j2_t105_s0,l-profile,3,4,4,4,7,0,1,0.3791360686085432,0.7764597853833591,3,3,0,3,3,3,1.5244480077803617,-104.79054106916465,2.0,1.502,,,0
pitch_edge,pitch_edge/j2_t105_s1,l-profile,3,4,4,4,7,0,1,0.2678399717242657,0.5699955802438106,3,3,0,3,3,3,1.4877544024715676,-105.06373475900068,2.0,1.502,,,0
pitch_edge,pitch_edge/j2_t105_s2,l-profile,3,4,4,4,7,0,1,0.3695051072210232,0.9205022761405025,3,3,0,3,3,3,1.453944067995622,-105.0755973905591,2.0,1.502,,,0
pitch_edge,pitch_edge/j2_t17.5_s0,l-profile,3,4,4,4,6,1,2,0.3434147017676933,0.4647273959222743,3,2,3,3,3,3,-0.40233135746230264,-17.14063706938896,2.0,0.25,,,0
pitch_edge,pitch_edge/j2_t17.5_s1,l-profile,3,4,4,4,6,1,2,0.2417939412732798,0.6226848509901439,3,2,2,3,3,3,-0.481603768220485,-17.554593396633436,2.0,0.25,,,0
pitch_edge,pitch_edge/j2_t17.5_s2,l-profile,3,4,4,4,7,0,1,0.3489077051792819,15.427145390394294,3,3,3,3,3,3,1.0621783578831427,-17.223928297299835,2.0,0.25,,,0
pitch_edge,pitch_edge/j2_t35_s0,l-profile,3,4,4,4,7,0,1,0.3791360686085432,15.608935773904799,3,3,2,3,3,3,1.0599625482324702,-34.87001443476947,2.0,0.501,,,0
pitch_edge,pitch_edge/j2_t35_s1,l-profile,3,4,4,4,7,0,1,0.3111150336742054,7.523071811687416,3,3,0,3,3,3,1.3438628760724889,-35.097750216109944,2.0,0.501,,,0
pitch_edge,pitch_edge/j2_t35_s2,l-profile,3,4,4,4,7,0,1,0.3695051072210232,7.071364904045949,3,3,3,3,3,3,1.4694356220589277,-34.89042891871668,2.0,0.501,,,0
pitch_edge,pitch_edge/j2_t52.5_s0,l-profile,3,4,4,4,7,0,1,0.3791360686085432,0.9029047607364038,3,3,0,3,3,3,1.5241908881785784,-52.48794563736669,2.0,0.751,,,0
pitch_edge,pitch_edge/j2_t52.5_s1,l-profile,3,4,4,4,7,0,1,0.2989802944630007,0.5491413304499702,3,3,0,3,3,3,1.4734558580662203,-52.623069718385295,2.0,0.751,,,0
pitch_edge,pitch_edge/j2_t52.5_s2,l-profile,3,4,4,4,7,0,1,0.3489077051792819,0.5617702491466329,3,3,0,3,3,3,1.467476850799386,-52.38673327309334,2.0,0.751,,,0
pitch_edge,pitch_edge/j2_t70_s0,l-profile,3,4,4,4,7,0,1,0.3711111543285693,1.0414510652372622,3,3,0,3,3,3,1.5280272138196722,-69.85645800129646,2.0,1.001,,,0
pitch_edge,pitch_edge/j2_t70_s1,l-profile,3,4,4,4,7,0,1,0.2678399717242657,0.8873658487577429,3,3,0,3,3,3,1.4838254988438253,-69.97847337455119,2.0,1.001,,,0
pitch_edge,pitch_edge/j2_t70_s2,l-profile,3,4,4,4,7,0,1,0.3255984230854553,0.4095282904569292,3,3,0,3,3,3,1.467079702360939,-70.04165406830089,2.0,1.001,,,0
pitch_edge,pitch_edge/j2_t87.5_s0,l-profile,3,4,4,4,7,0,1,0.3791360686085432,0.9020931395492493,3,3,0,3,3,3,1.5193804140204583,-87.49064940262474,2.0,1.252,,,0
pitch_edge,pitch_edge/j2_t87.5_s1,l-profile,3,4,4,4,7,0,1,0.3819555404911341,0.5345467792969986,3,3,0,3,3,3,1.4815019024575253,-87.52501044973337,2.0,1.252,,,0
pitch_edge,pitch_edge/j2_t87.5_s2,l-profile,3,4,4,4,7,0,1,0.3411206174825428,0.36383743379761285,3,3,0,3,3,3,1.4705602666066144,-87.53070236914868,2.0,1.252,,,0
pitch_edge,pitch_edge/j5_t0_s0,l-profile,3,3,4,4,6,0,2,0.3337759686309379,0.5651250753120709,3,3,3,3,3,3,1.482932255192837,0.14086975827945025,5.0,0.0,,,0
pitch_edge,pitch_edge/j5_t0_s1,l-profile,3,3,4,4,6,0,2,0.2636464980196812,0.6806612703456052,3,3,3,3,3,3,1.3492283238725964,-0.08527933179470892,5.0,0.0,,,0
pitch_edge,pitch_edge/j5_t0_s2,l-profile,3,3,4,4,6,0,2,0.2778891805458244,0.3177404778007856,3,3,3,3,3,3,1.3262222055344695,0.08608176209509111,5.0,0.0,,,0
pitch_edge,pitch_edge/j5_t105_s0,l-profile,3,4,4,4,7,0,1,0.4218986208091827,0.8869751874858562,3,3,0,3,3,3,1.4846087840248776,-104.73414831713421,5.0,1.502,,,0
pitch_edge,pitch_edge/j5_t105_s1,l-profile,3,4,4,4,7,0,1,0.29118298405272175,0.6966388584966127,3,3,0,3,3,3,1.3500572311375332,-105.10895091039083,5.0,1.502,,,0
pitch_edge,pitch_edge/j5_t105_s2,l-profile,3,4,4,4,7,0,1,0.31996370437372096,0.4144005642577536,3,3,0,3,3,3,1.329310650018841,-104.73694380695974,5.0,1.502,,,0
pitch_edge,pitch_edge/j5_t17.5_s0,l-profile,3,4,4,4,6,1,2,0.4068712150685406,0.5655562458135961,3,2,3,3,3,3,-0.3588305947137296,-17.41590137289836,5.0,0.25,,,0
pitch_edge,pitch_edge/j5_t17.5_s1,l-profile,3,4,4,4,6,1,2,0.25210904397687495,0.7479295614626071,3,3,3,3,3,3,0.7971001556091543,-17.567912467766746,5.0,0.25,,,0
pitch_edge,pitch_edge/j5_t17.5_s2,l-profile,3,4,4,4,6,1,2,0.31551725122785024,0.4266672813003735,3,3,3,3,3,3,0.8107097558581018,-17.357777030833404,5.0,0.25,,,0
pitch_edge,pitch_edge/j5_t35_s0,l-profile,3,4,4,4,7,0,1,0.4218986208091827,15.435544892789508,3,3,2,3,3,3,1.045626577088134,-34.76497011135643,5.0,0.501,,,0
pitch_edge,pitch_edge/j5_t35_s1,l-profile,3,4,4,4,7,0,1,0.2578620274400296,7.31231721446413,3,3,0,3,3,3,1.3516320838066715,-35.197223549581395,5.0,0.501,,,0
pitch_edge,pitch_edge/j5_t35_s2,l-profile,3,4,4,4,7,0,1,0.3599095606175249,6.295982879793714,3,3,3,3,3,3,1.3266509578112196,-35.02653108347158,5.0,0.501,,,0
pitch_edge,pitch_edge/j5_t52.5_s0,l-profile,3,4,4,4,7,0,1,0.4218986208091827,0.8051885808823754,3,3,0,3,3,3,1.4815473690148941,-52.236096515406416,5.0,0.751,,,0
pitch_edge,pitch_edge/j5_t52.5_s1,l-profile,3,4,4,4,7,0,1,0.3760220566263859,0.7171735501159187,3,3,0,3,3,3,1.3575678627306034,-52.64991362507021,5.0,0.751,,,0
pitch_edge,pitch_edge/j5_t52.5_s2,l-profile,3,4,4,4,7,0,1,0.38297492046132825,0.4798713912597194,3,3,0,3,3,3,1.3282699277018915,-52.533787418784414,5.0,0.751,,,0
pitch_edge,pitch_edge/j5_t70_s0,l-profile,3,4,4,4,7,0,1,0.4264673226797441,1.3811107504307294,3,3,0,3,3,3,1.4853662552282247,-69.80646872586863,5.0,1.001,,,0
pitch_edge,pitch_edge/j5_t70_s1,l-profile,3,4,4,4,7,0,1,0.27888539033733384,0.7654336148498864,3,3,0,3,3,3,1.3538439945201175,-70.1308754820518,5.0,1.001,,,0
pitch_edge,pitch_edge/j5_t70_s2,l-profile,3,4,4,4,7,0,1,0.31996370437372096,0.4106111209431706,3,3,0,3,3,3,1.3165193792370276,-70.00546231511134,5.0,1.001,,,0
pitch_edge,pitch_edge/j5_t87.5_s0,l-profile,3,4,4,4,7,0,1,0.4218986208091827,0.8609086615722186,3,3,0,3,3,3,1.4827103126726826,-87.30710189247134,5.0,1.252,,,0
pitch_edge,pitch_edge/j5_t87.5_s1,l-profile,3,4,4,4,7,0,1,0.31689200639221865,0.7006565347495791,3,3,0,3,3,3,1.3517247305291038,-87.67378741589255,5.0,1.252,,,0
pitch_edge,pitch_edge/j5_t87.5_s2,l-profile,3,4,4,4,7,0,1,0.29035827964287275,0.37283455556442574,3,3,0,3,3,3,1.3224828101976744,-87.43844275069159,5.0,1.252,,,0
pitch_centre,pitch_centre/j0_t0_s0,l-profile,4,4,4,4,8,0,0,0.26358662524502285,0.49598817607933243,4,4,4,4,4,4,1.5454862159146814,-0.01948559171762554,0.0,0.0,,,0
pitch_centre,pitch_centre/j0_t0_s1,l-profile,4,4,4,4,8,0,0,0.5342531584054651,2.1680301841921823,4,4,4,4,4,4,1.4959441768604564,0.10069429263137408,0.0,0.0,,,0
pitch_centre,pitch_centre/j0_t0_s2,l-profile,4,4,4,4,8,0,0,0.7286508998591908,1.6457856375119368,4,4,4,4,4,4,1.5242419075499711,-0.019753767519887333,0.0,0.0,,,0
pitch_centre,pitch_centre/j0_t105_s0,l-profile,4,4,4,4,8,0,0,0.2834810345095069,4.509435730910415,4,4,0,4,4,4,1.406039217452879,-104.85702216055233,0.0,1.502,,,0
pitch_centre,pitch_centre/j0_t105_s1,l-profile,4,4,4,4,8,0,0,0.49801790988100236,5.192553360047668,4,4,0,4,4,4,1.4060450254283159,-104.55831584385385,0.0,1.502,,,0
pitch_centre,pitch_centre/j0_t105_s2,l-profile,4,4,4,4,8,0,0,0.907844759072771,5.567361669520466,4,4,0,4,4,4,1.3951315295823032,-105.07263697575024,0.0,1.502,,,0
pitch_centre,pitch_centre/j0_t17.5_s0,l-profile,4,4,4,4,8,0,0,0.24945226699202044,0.47516354488935564,4,4,4,4,4,4,1.5369908435506572,-17.42664850541189,0.0,0.25,,,0
pitch_centre,pitch_centre/j0_t17.5_s1,l-profile,4,4,4,4,8,0,0,0.5622435082523798,1.8768331478313727,4,4,4,4,4,4,1.5124876334636512,-17.320216331690972,0.0,0.25,,,0
pitch_centre,pitch_centre/j0_t17.5_s2,l-profile,4,4,4,4,8,0,0,0.6466748882111965,1.5206516301943462,4,4,4,4,4,4,1.5200533341466862,-17.491608195230583,0.0,0.25,,,0
pitch_centre,pitch_centre/j0_t35_s0,l-profile,4,4,4,4,8,0,0,0.25171292276158364,0.47516354488935564,4,4,4,4,4,4,1.5422591791047484,-35.00315707564232,0.0,0.501,,,0
pitch_centre,pitch_centre/j0_t35_s1,l-profile,4,4,4,4,8,0,0,0.46728476163716803,1.5908207340636698,4,4,4,4,4,4,1.5083130932129856,-35.10244888767397,0.0,0.501,,,0
pitch_centre,pitch_centre/j0_t35_s2,l-profile,4,4,4,4,8,0,0,0.5509590483539365,1.2717179574380921,4,4,4,4,4,4,1.5192348309717059,-35.09498250939839,0.0,0.501,,,0
pitch_centre,pitch_centre/j0_t52.5_s0,l-profile,4,4,4,4,8,0,0,0.2219976540528728,0.47516354488935564,4,4,0,4,4,4,1.541365887404501,-52.49718665241005,0.0,0.751,,,0
pitch_centre,pitch_centre/j0_t52.5_s1,l-profile,4,4,4,4,8,0,0,0.5342531584054651,1.749904832835463,4,4,0,4,4,4,1.5129027826929258,-52.51436104068273,0.0,0.751,,,0
pitch_centre,pitch_centre/j0_t52.5_s2,l-profile,4,4,4,4,8,0,0,0.6691540516063554,1.364307792774708,4,4,4,4,4,4,1.5247410624693687,-52.55030687480655,0.0,0.751,,,0
pitch_centre,pitch_centre/j0_t70_s0,l-profile,4,4,4,4,8,0,0,0.23434063552794987,0.47516354488935564,4,4,0,4,4,4,1.5341149106913894,-70.01036567799508,0.0,1.001,,,0
pitch_centre,pitch_centre/j0_t70_s1,l-profile,4,4,4,4,8,0,0,0.5014600137985346,1.7401237641097387,4,4,0,4,4,4,1.5144362817652062,-69.95351561578514,0.0,1.001,,,0
pitch_centre,pitch_centre/j0_t70_s2,l-profile,4,4,4,4,8,0,0,0.540225370890758,1.403823548517108,4,4,1,4,4,4,1.5251051374601443,-70.037487168231,0.0,1.001,,,0
pitch_centre,pitch_centre/j0_t87.5_s0,l-profile,4,4,4,4,8,0,0,0.32618547788974106,2.0617472977068596,4,4,0,4,4,4,1.4937384910942815,-87.31979051838857,0.0,1.252,,,0
pitch_centre,pitch_centre/j0_t87.5_s1,l-profile,4,4,4,4,8,0,0,0.47062790609637223,3.5780976864053824,4,4,0,4,4,4,1.4503407114872455,-87.53913248744198,0.0,1.252,,,0
pitch_centre,pitch_centre/j0_t87.5_s2,l-profile,4,4,4,4,8,0,0,0.7994148208032403,2.199720782702073,4,4,1,4,4,4,1.509567133581217,-87.5354521070675,0.0,1.252,,,0
pitch_centre,pitch_centre/j10_t0_s0,l-profile,4,4,4,4,8,0,0,0.3309408145602293,0.8853612026556843,4,4,4,4,4,4,1.3976753721469684,0.23629055666128806,10.0,0.0,,,0
pitch_centre,pitch_centre/j10_t0_s1,l-profile,4,4,4,4,8,0,0,0.4687217767482069,0.649318927243096,4,4,4,4,4,4,1.2038407593183795,-0.14460316878626145,10.0,0.0,,,0
pitch_centre,pitch_centre/j10_t0_s2,l-profile,4,4,4,4,8,0,0,0.4744108966768713,1.2475960213649693,4,4,4,4,4,4,1.084653494095408,-0.05885147337210128,10.0,0.0,,,0
pitch_centre,pitch_centre/j10_t105_s0,l-profile,4,4,4,4,8,0,0,0.5967071027725153,4.711219554713767,4,4,0,4,4,4,1.2694400303373663,-104.47580830442371,10.0,1.502,,,0
pitch_centre,pitch_centre/j10_t105_s1,l-profile,4,4,4,4,8,0,0,0.379240733096017,2.729956913646678,4,4,0,4,4,4,1.1130605352577578,-105.22846365297221,10.0,1.502,,,0
pitch_centre,pitch_centre/j10_t105_s2,l-profile,4,4,4,4,8,0,0,0.4972719004750369,2.3807419021182126,4,4,1,4,4,4,1.0425981635524388,-104.62393795875039,10.0,1.502,,,0
pitch_centre,pitch_centre/j10_t17.5_s0,l-profile,4,4,4,4,8,0,0,0.3014173236118399,0.9267308284675594,4,4,4,4,4,4,1.402599759182691,-17.416916664426253,10.0,0.25,,,0
pitch_centre,pitch_centre/j10_t17.5_s1,l-profile,4,4,4,4,8,0,0,0.42187986753696344,0.6439190225123221,4,4,4,4,4,4,1.1721944997368106,-17.9136408021875,10.0,0.25,,,0
pitch_centre,pitch_centre/j10_t17.5_s2,l-profile,4,4,4,4,8,0,0,0.42450240730832794,1.170100284053284,4,4,4,4,4,4,1.0865722148747212,-17.428226497283276,10.0,0.25,,,0
pitch_centre,pitch_centre/j10_t35_s0,l-profile,4,4,4,4,8,0,0,0.3510452265169598,1.1640857090589678,4,4,4,4,4,4,1.3987097671993085,-34.930345578852666,10.0,0.501,,,0
pitch_centre,pitch_centre/j10_t35_s1,l-profile,4,4,4,4,8,0,0,0.3539834998709811,0.69410349862454,4,4,4,4,4,4,1.1977086058016664,-35.04132619795587,10.0,0.501,,,0
pitch_centre,pitch_centre/j10_t35_s2,l-profile,4,4,4,4,8,0,0,0.4744108966768713,1.2289920387105566,4,4,4,4,4,4,1.0876670184880857,-34.98879667546839,10.0,0.501,,,0
pitch_centre,pitch_centre/j10_t52.5_s0,l-profile,4,4,4,4,8,0,0,0.4331165867543348,0.9104569138892953,4,4,0,4,4,4,1.3995043103818672,-52.369810287977884,10.0,0.751,,,0
pitch_centre,pitch_centre/j10_t52.5_s1,l-profile,4,4,4,4,8,0,0,0.37546601719420214,0.6439190225123221,4,4,0,4,4,4,1.1961586042947356,-52.760304260775,10.0,0.751,,,0
pitch_centre,pitch_centre/j10_t52.5_s2,l-profile,4,4,4,4,8,0,0,0.4522727140395132,1.2429816111322762,4,4,1,4,4,4,1.0880185580781052,-52.50104574202737,10.0,0.751,,,0
pitch_centre,pitch_centre/j10_t70_s0,l-profile,4,4,4,4,8,0,0,0.31332764332707885,0.8973583655412675,4,4,0,4,4,4,1.4076607010863431,-69.93695508042254,10.0,1.001,,,0
pitch_centre,pitch_centre/j10_t70_s1,l-profile,4,4,4,4,8,0,0,0.3641791873541156,0.6439190225123221,4,4,0,4,4,4,1.194896989102129,-70.13254713923163,10.0,1.001,,,0
pitch_centre,pitch_centre/j10_t70_s2,l-profile,4,4,4,4,8,0,0,0.42532479583418537,1.1550181216028022,4,4,1,4,4,4,1.0867221169144605,-69.90552066251382,10.0,1.001,,,0
pitch_centre,pitch_centre/j10_t87.5_s0,l-profile,4,4,4,4,8,0,0,0.6210886742670418,2.0529010454929635,4,4,0,4,4,4,1.3589937555968148,-86.9712065513952,10.0,1.252,,,0
pitch_centre,pitch_centre/j10_t87.5_s1,l-profile,4,4,4,4,8,0,0,0.3587411452395565,0.9310455758181018,4,4,0,4,4,4,1.197384566525494,-87.49440874729191,10.0,1.252,,,0
pitch_centre,pitch_centre/j10_t87.5_s2,l-profile,4,4,4,4,8,0,0,0.4045809268739088,1.2724298075337501,4,4,1,4,4,4,1.0905852894184338,-87.58117982766737,10.0,1.252,,,0
pitch_centre,pitch_centre/j1_t0_s0,l-profile,4,4,4,4,8,0,0,0.3487910387229195,1.1792694179992722,4,4,4,4,4,4,1.5365812040324076,-0.05891000895212528,1.0,0.0,,,0
pitch_centre,pitch_centre/j1_t0_s1,l-profile,4,4,4,4,8,0,0,0.27378162652259647,1.50801556843683,4,4,4,4,4,4,1.5000589996968292,-0.0037977281616576875,1.0,0.0,,,0
pitch_centre,pitch_centre/j1_t0_s2,l-profile,4,4,4,4,8,0,0,0.2881612362894159,0.3883980714057668,4,4,4,4,4,4,0.7335075682480711,-0.20271732201138093,1.0,0.0,,,0
pitch_centre,pitch_centre/j1_t105_s0,l-profile,4,4,4,4,8,0,0,0.3948322415887622,4.821088000944691,4,4,0,4,4,4,1.3856382839595764,-105.12335479969795,1.0,1.502,,,0
pitch_centre,pitch_centre/j1_t105_s1,l-profile,4,4,4,4,8,0,0,0.32050404513421826,4.496172021337497,4,4,0,4,4,4,1.3899413230784599,-104.90557203329956,1.0,1.502,,,0
pitch_centre,pitch_centre/j1_t105_s2,l-profile,4,4,4,4,8,0,0,0.3057165204146278,4.349785905873851,4,4,0,4,4,4,0.7288809341780258,-104.94614421071492,1.0,1.502,,,0
pitch_centre,pitch_centre/j1_t17.5_s0,l-profile,4,4,4,4,8,0,0,0.36566178250599934,0.9258056003553344,4,4,4,4,4,4,1.5330560993594948,-17.72600794725372,1.0,0.25,,,0
pitch_centre,pitch_centre/j1_t17.5_s1,l-profile,4,4,4,4,8,0,0,0.27816722360304713,0.7747012346395943,4,4,4,4,4,4,1.5210936218288005,-17.510631742058422,1.0,0.25,,,0
pitch_centre,pitch_centre/j1_t17.5_s2,l-profile,4,4,4,4,8,0,0,0.26309693157777536,0.5333649083093983,4,4,4,4,4,4,0.7294456206332067,-17.48649891376499,1.0,0.25,,,0
pitch_centre,pitch_centre/j1_t35_s0,l-profile,4,4,4,4,8,0,0,0.38664503617299406,1.1255973086575368,4,4,4,4,4,4,1.536249865915597,-35.11412779439604,1.0,0.501,,,0
pitch_centre,pitch_centre/j1_t35_s1,l-profile,4,4,4,4,8,0,0,0.272219601675193,0.8238693756185271,4,4,4,4,4,4,1.522142745386474,-34.98210222530088,1.0,0.501,,,0
pitch_centre,pitch_centre/j1_t35_s2,l-profile,4,4,4,4,8,0,0,0.2937798749205379,0.813877758565692,4,4,4,4,4,4,0.7310127530271874,-35.005233474061356,1.0,0.501,,,0
pitch_centre,pitch_centre/j1_t52.5_s0,l-profile,4,4,4,4,8,0,0,0.43372496837586916,1.0293219715173951,4,4,0,4,4,4,1.536816129610561,-52.74900251963368,1.0,0.751,,,0
pitch_centre,pitch_centre/j1_t52.5_s1,l-profile,4,4,4,4,8,0,0,0.2875666998880053,0.9931529939205249,4,4,0,4,4,4,1.517238945922807,-52.429659277591554,1.0,0.751,,,0
pitch_centre,pitch_centre/j1_t52.5_s2,l-profile,4,4,4,4,8,0,0,0.27992370852169773,0.3741701178453139,4,4,0,4,4,4,0.7306495092812394,-52.626015613571326,1.0,0.751,,,0
pitch_centre,pitch_centre/j1_t70_s0,l-profile,4,4,4,4,8,0,0,0.3815905882510609,1.0859355182362738,4,4,0,4,4,4,1.5355613906103711,-70.08337296706952,1.0,1.001,,,0
pitch_centre,pitch_centre/j1_t70_s1,l-profile,4,4,4,4,8,0,0,0.24188019073433417,0.6553697732660219,4,4,0,4,4,4,1.5113283740345578,-70.18045438295383,1.0,1.001,,,0
pitch_centre,pitch_centre/j1_t70_s2,l-profile,4,4,4,4,8,0,0,0.2953805521197218,0.6585810115225585,4,4,0,4,4,4,0.7263511701033312,-69.99080188101505,1.0,1.001,,,0
pitch_centre,pitch_centre/j1_t87.5_s0,l-profile,4,4,4,4,8,0,0,0.4353546817450058,2.1714007759140124,4,4,0,4,4,4,1.4806607965210972,-87.43967578542811,1.0,1.252,,,0
pitch_centre,pitch_centre/j1_t87.5_s1,l-profile,4,4,4,4,8,0,0,0.313491089037158,1.9533715531889153,4,4,0,4,4,4,1.4847629143137415,-87.24485986319678,1.0,1.252,,,0
pitch_centre,pitch_centre/j1_t87.5_s2,l-profile,4,4,4,4,8,0,0,0.33004830601110424,1.5507483167469966,4,4,0,4,4,4,0.730118148058213,-87.50392417016042,1.0,1.252,,,0
pitch_centre,pitch_centre/j20_t0_s0,l-profile,4,4,4,4,8,0,0,0.5545386913144618,1.4069871818846216,4,4,4,4,4,4,1.2684137744280195,-0.023219653953219677,20.0,0.0,,,0
pitch_centre,pitch_centre/j20_t0_s1,l-profile,4,4,4,4,8,0,0,0.4082461567281024,1.0454025669415459,4,4,4,4,4,4,0.7981268024225013,-0.32007893663387676,20.0,0.0,,,0
pitch_centre,pitch_centre/j20_t0_s2,l-profile,4,4,4,4,8,0,0,0.979363915210739,2.166869661473369,4,4,4,4,4,4,0.3664459654192209,0.009464110955491378,20.0,0.0,,,0
pitch_centre,pitch_centre/j20_t105_s0,l-profile,4,4,4,4,8,0,0,0.5545386913144618,4.942403290407601,4,4,0,4,4,4,1.1314171419990044,-105.10209940626851,20.0,1.502,,,0
pitch_centre,pitch_centre/j20_t105_s1,l-profile,4,4,4,4,8,0,0,0.3741632992153015,1.1578856961472923,4,4,0,4,4,4,0.7983419569177693,-105.49417825859086,20.0,1.502,,,0
pitch_centre,pitch_centre/j20_t105_s2,l-profile,4,4,4,4,8,0,0,0.9379431499191855,2.0670154822417675,4,4,1,4,4,4,1.1714867984062491,-104.98965010140682,20.0,1.502,,,0
pitch_centre,pitch_centre/j20_t17.5_s0,l-profile,4,4,4,4,8,0,0,0.4770145589251909,1.4631542869703074,4,4,4,4,4,4,1.2720565077355868,-17.57332145401324,20.0,0.25,,,0
pitch_centre,pitch_centre/j20_t17.5_s1,l-profile,4,4,4,4,8,0,0,0.3888843486333683,1.105182691189894,4,4,4,4,4,4,0.7974362153860074,-17.93428152517663,20.0,0.25,,,0
pitch_centre,pitch_centre/j20_t17.5_s2,l-profile,4,4,4,4,8,0,0,0.9725227014471802,2.127932968617014,4,4,4,4,4,4,1.1774568293937397,-17.503417736264623,20.0,0.25,,,0
pitch_centre,pitch_centre/j20_t35_s0,l-profile,4,4,4,4,8,0,0,0.5362268120606712,1.4770172130968493,4,4,4,4,4,4,1.2689640894461076,-35.090114933837185,20.0,0.501,,,0
pitch_centre,pitch_centre/j20_t35_s1,l-profile,4,4,4,4,8,0,0,0.29390175275435604,0.9345892940644175,4,4,4,4,4,4,0.781617785695956,-35.021363978264276,20.0,0.501,,,0
pitch_centre,pitch_centre/j20_t35_s2,l-profile,4,4,4,4,8,0,0,1.0704235203823047,1.9562912049450718,4,4,4,4,4,4,0.3668964509006686,-34.95740696175153,20.0,0.501,,,0
pitch_centre,pitch_centre/j20_t52.5_s0,l-profile,4,4,4,4,8,0,0,0.49986676983364875,1.5167087104717032,4,4,0,4,4,4,1.2715228158058087,-52.699290064803904,20.0,0.751,,,0
pitch_centre,pitch_centre/j20_t52.5_s1,l-profile,4,4,4,4,8,0,0,0.34257187234954667,1.1324237418859344,4,4,0,4,4,4,0.7994324571874654,-52.95122656496153,20.0,0.751,,,0
pitch_centre,pitch_centre/j20_t52.5_s2,l-profile,4,4,4,4,8,0,0,0.9114065485195892,1.9328802964368896,4,4,1,4,4,4,0.36525866000349927,-52.4851569961171,20.0,0.751,,,0
pitch_centre,pitch_centre/j20_t70_s0,l-profile,4,4,4,4,8,0,0,0.46729871017616903,1.4866743190707257,4,4,0,4,4,4,1.2711524195998085,-70.09668530055285,20.0,1.001,,,0
pitch_centre,pitch_centre/j20_t70_s1,l-profile,4,4,4,4,8,0,0,0.3255974174024676,0.9345892940644175,4,4,0,4,4,4,0.7881714942457567,-70.13317484623872,20.0,1.001,,,0
pitch_centre,pitch_centre/j20_t70_s2,l-profile,4,4,4,4,8,0,0,0.9234535911414635,2.1833989485496175,4,4,1,4,4,4,1.1760604632049176,-69.96460028954425,20.0,1.001,,,0
pitch_centre,pitch_centre/j20_t87.5_s0,l-profile,4,4,4,4,8,0,0,0.6238760601481028,2.260403062261804,4,4,0,4,4,4,1.2236384537813845,-87.39907493275564,20.0,1.252,,,0
pitch_centre,pitch_centre/j20_t87.5_s1,l-profile,4,4,4,4,8,0,0,0.3860457146908656,1.0610223559874958,4,4,0,4,4,4,0.7861808445788836,-87.78834920649194,20.0,1.252,,,0
pitch_centre,pitch_centre/j20_t87.5_s2,l-profile,4,4,4,4,8,0,0,1.0724381343105167,2.0758650704877653,4,4,1,4,4,4,1.1722880804621867,-87.46250359391843,20.0,1.252,,,0
pitch_centre,pitch_centre/j2_t0_s0,l-profile,4,4,4,4,8,0,0,0.3856338404781473,1.440645754795484,4,4,4,4,4,4,1.5272726053560461,-0.08035496555089594,2.0,0.0,,,0
pitch_centre,pitch_centre/j2_t0_s1,l-profile,4,4,4,4,8,0,0,0.27740038896728764,1.1078311577998858,4,4,4,4,4,4,1.4670029081645746,0.03336243976957576,2.0,0.0,,,0
pitch_centre,pitch_centre/j2_t0_s2,l-profile,4,4,4,4,8,0,0,0.34742912122449143,0.6720740192421256,4,4,4,4,4,4,1.4522704042931829,0.20101363351886903,2.0,0.0,,,0
pitch_centre,pitch_centre/j2_t105_s0,l-profile,4,4,4,4,8,0,0,0.39358588717393983,4.96197145176298,4,4,0,4,4,4,1.372634261103567,-105.10409114221261,2.0,1.502,,,0
pitch_centre,pitch_centre/j2_t105_s1,l-profile,4,4,4,4,8,0,0,0.33263029396441934,4.206137010641243,4,4,0,4,4,4,1.3528939270167117,-105.0045785957891,2.0,1.502,,,0
pitch_centre,pitch_centre/j2_t105_s2,l-profile,4,4,4,4,8,0,0,0.27357500994493583,4.264295636599926,4,4,1,4,4,4,1.3328527137523192,-104.74894383670426,2.0,1.502,,,0
pitch_centre,pitch_centre/j2_t17.5_s0,l-profile,4,4,4,4,8,0,0,0.34444820941660925,1.1534538611601843,4,4,4,4,4,4,1.5209547916785784,-17.63296128601303,2.0,0.25,,,0
pitch_centre,pitch_centre/j2_t17.5_s1,l-profile,4,4,4,4,8,0,0,0.30883197295653686,0.433659786154172,4,4,4,4,4,4,1.4834533997788708,-17.46866393623816,2.0,0.25,,,0
pitch_centre,pitch_centre/j2_t17.5_s2,l-profile,4,4,4,4,8,0,0,0.22620193842594521,0.5902210306615258,4,4,4,4,4,4,1.4613821195562147,-17.418031348689965,2.0,0.25,,,0
pitch_centre,pitch_centre/j2_t35_s0,l-profile,4,4,4,4,8,0,0,0.386450887946774,1.329245236336179,4,4,4,4,4,4,1.5261969232724237,-35.03600186476103,2.0,0.501,,,0
pitch_centre,pitch_centre/j2_t35_s1,l-profile,4,4,4,4,8,0,0,0.26333329072456335,0.5577207951779201,4,4,4,4,4,4,1.4822715498523598,-34.9370367498268,2.0,0.501,,,0
pitch_centre,pitch_centre/j2_t35_s2,l-profile,4,4,4,4,8,0,0,0.3600841764500652,1.2715284301151994,4,4,4,4,4,4,1.437277930024383,-34.90399128380602,2.0,0.501,,,0
pitch_centre,pitch_centre/j2_t52.5_s0,l-profile,4,4,4,4,8,0,0,0.38980828997560657,1.2194020634599656,4,4,0,4,4,4,1.5248943409109847,-52.52140084668588,2.0,0.751,,,0
pitch_centre,pitch_centre/j2_t52.5_s1,l-profile,4,4,4,4,8,0,0,0.3275311405563459,0.7899501666341319,4,4,0,4,4,4,1.472242717588317,-52.485658871381816,2.0,0.751,,,0
pitch_centre,pitch_centre/j2_t52.5_s2,l-profile,4,4,4,4,8,0,0,0.26186616099814025,0.6082237552807503,4,4,4,4,4,4,1.455601208884069,-52.43337891842975,2.0,0.751,,,0
pitch_centre,pitch_centre/j2_t70_s0,l-profile,4,4,4,4,8,0,0,0.3732241164921334,1.2947830355944543,4,4,0,4,4,4,1.5205427632033015,-70.09564666256279,2.0,1.001,,,0
pitch_centre,pitch_centre/j2_t70_s1,l-profile,4,4,4,4,8,0,0,0.2635727693525878,0.4386845441877235,4,4,0,4,4,4,1.4720691554945637,-70.17161090711124,2.0,1.001,,,0
pitch_centre,pitch_centre/j2_t70_s2,l-profile,4,4,4,4,8,0,0,0.30203685636586486,0.7365455642367434,4,4,1,4,4,4,1.454514453310794,-69.92620999029396,2.0,1.001,,,0
pitch_centre,pitch_centre/j2_t87.5_s0,l-profile,4,4,4,4,8,0,0,0.45315275620432366,2.369626057910407,4,4,0,4,4,4,1.4664665466853568,-87.31792619986356,2.0,1.252,,,0
pitch_centre,pitch_centre/j2_t87.5_s1,l-profile,4,4,4,4,8,0,0,0.2920712776151045,1.649039621036245,4,4,0,4,4,4,1.446239149879407,-87.28714309324039,2.0,1.252,,,0
pitch_centre,pitch_centre/j2_t87.5_s2,l-profile,4,4,4,4,8,0,0,0.3645779217244626,1.373784624224665,4,4,1,4,4,4,1.4308728278300504,-87.23680990025946,2.0,1.252,,,0
pitch_centre,pitch_centre/j5_t0_s0,l-profile,4,4,4,4,8,0,0,0.38131572863226354,1.4026241004212552,4,4,4,4,4,4,1.4850479152172875,-0.03567506475769733,5.0,0.0,,,0
pitch_centre,pitch_centre/j5_t0_s1,l-profile,4,4,4,4,8,0,0,0.3237702950749322,0.6268067071232037,4,4,4,4,4,4,1.3721726194380879,0.10501145031082615,5.0,0.0,,,0
pitch_centre,pitch_centre/j5_t0_s2,l-profile,4,4,4,4,8,0,0,0.3475640318083185,0.3928431024865833,4,4,4,4,4,4,1.3272022890731863,-0.04053801787154043,5.0,0.0,,,0
pitch_centre,pitch_centre/j5_t105_s0,l-profile,4,4,4,4,8,0,0,0.3898121402636873,4.852658004976284,4,4,0,4,4,4,1.33432362838084,-105.26700266629871,5.0,1.502,,,0
pitch_centre,pitch_centre/j5_t105_s1,l-profile,4,4,4,4,8,0,0,0.3324759572265664,3.6504270797293845,4,4,0,4,4,4,1.2586212059616404,-104.97290209902792,5.0,1.502,,,0
pitch_centre,pitch_centre/j5_t105_s2,l-profile,4,4,4,4,8,0,0,0.34829518726230696,3.4070294714606435,4,4,1,4,4,4,1.2161487952494483,-104.97198149992744,5.0,1.502,,,0
pitch_centre,pitch_centre/j5_t17.5_s0,l-profile,4,4,4,4,8,0,0,0.296783244727667,1.0765603242559392,4,4,4,4,4,4,1.480251697523542,-17.760211057229412,5.0,0.25,,,0
pitch_centre,pitch_centre/j5_t17.5_s1,l-profile,4,4,4,4,8,0,0,0.3237702950749322,0.38151750542806534,4,4,4,4,4,4,1.3704203186709099,-17.47725020300811,5.0,0.25,,,0
pitch_centre,pitch_centre/j5_t17.5_s2,l-profile,4,4,4,4,8,0,0,0.3282596071599281,0.3670696604169337,4,4,4,4,4,4,1.325240730603977,-17.48771355276631,5.0,0.25,,,0
pitch_centre,pitch_centre/j5_t35_s0,l-profile,4,4,4,4,8,0,0,0.3206814029368613,1.0899549218050932,4,4,4,4,4,4,1.4851728128726402,-34.94995548630254,5.0,0.501,,,0
pitch_centre,pitch_centre/j5_t35_s1,l-profile,4,4,4,4,8,0,0,0.32639353533184867,0.40840069813658086,4,4,4,4,4,4,1.370732822546803,-34.977910132751845,5.0,0.501,,,0
pitch_centre,pitch_centre/j5_t35_s2,l-profile,4,4,4,4,8,0,0,0.35248812691227205,0.6800557247847563,4,4,4,4,4,4,1.3215077249797258,-34.9698894081655,5.0,0.501,,,0
pitch_centre,pitch_centre/j5_t52.5_s0,l-profile,4,4,4,4,8,0,0,0.4003815051427648,1.0409718417806464,4,4,0,4,4,4,1.484868434426199,-52.62965037266906,5.0,0.751,,,0
pitch_centre,pitch_centre/j5_t52.5_s1,l-profile,4,4,4,4,8,0,0,0.3043076253993894,0.3591329200017295,4,4,0,4,4,4,1.3691893762340708,-52.424668494996354,5.0,0.751,,,0
pitch_centre,pitch_centre/j5_t52.5_s2,l-profile,4,4,4,4,8,0,0,0.32808504766634905,0.3773808482115722,4,4,4,4,4,4,1.3220786273968017,-52.50175468810119,5.0,0.751,,,0
pitch_centre,pitch_centre/j5_t70_s0,l-profile,4,4,4,4,8,0,0,0.2586684779742967,1.0533528194039952,4,4,0,4,4,4,1.4809080994680692,-70.20629334684384,5.0,1.001,,,0
pitch_centre,pitch_centre/j5_t70_s1,l-profile,4,4,4,4,8,0,0,0.3237702950749322,0.36787721520970645,4,4,0,4,4,4,1.3690825483874658,-69.94841079349874,5.0,1.001,,,0
pitch_centre,pitch_centre/j5_t70_s2,l-profile,4,4,4,4,8,0,0,0.3153440831316841,0.3575055694461593,4,4,1,4,4,4,1.3272829364039302,-69.93055955767886,5.0,1.001,,,0
pitch_centre,pitch_centre/j5_t87.5_s0,l-profile,4,4,4,4,8,0,0,0.3845187263486745,2.2206836547507476,4,4,0,4,4,4,1.4290761539362313,-87.43813157096736,5.0,1.252,,,0
pitch_centre,pitch_centre/j5_t87.5_s1,l-profile,4,4,4,4,8,0,0,0.3308833135263596,0.765399425477163,4,4,0,4,4,4,1.3550706259691794,-87.28009425662094,5.0,1.252,,,0
pitch_centre,pitch_centre/j5_t87.5_s2,l-profile,4,4,4,4,8,0,0,0.3475640318083185,0.5184257334244708,4,4,1,4,4,4,1.3098908704712626,-87.50329120703202,5.0,1.252,,,0
