scene_id,side,n_raw,n_kept,u_min,u_max,v_min,v_max,z_max,rad_med,area_mm2,density,x_spread,window_y_gated_mm,window_y_raw_mm
complex-profile/single-01,1,336489,60911,-0.350523715731498,0.2994913099456203,-0.33190568915994745,0.2368482612827399,1271.183349609375,680.4799990039322,2702.4,22.53959443457667,336.6272105767039,329.17998834732384,438.40155258361074
complex-profile/single-01,2,398434,56397,-0.34741413718708625,0.33521443534820167,-0.24685596150531444,0.34177867639633835,1181.3076171875,660.4236904915299,2359.36,23.90351620778516,289.126716171485,259.87489428626395,484.65546473656946
complex-profile/single-02,1,349101,59180,-0.3505237227832085,0.2999383761468285,-0.33330706142863475,0.23684881891198642,1272.388427734375,709.9091654659037,3092.0,19.139715394566622,286.44916920319747,311.11052270001346,475.66924776494466
complex-profile/single-02,2,331858,89854,-0.34743307502899845,0.31121974221920196,-0.24685455160535147,0.34013012856762387,1171.18505859375,645.475673783214,2680.1600000000003,33.52561041131872,304.05141171685545,278.1001737534625,440.7468597878624
complex-profile/single-03,1,339178,27801,-0.3505237231592761,0.41247190414476415,-0.3075316172245117,0.2368491279180632,1272.5511474609375,686.9515930793625,2297.6,12.100017409470752,200.45028982669555,245.3622731584403,412.01788280717483
complex-profile/single-03,2,337778,63537,-0.3474378928436443,0.31084631386731026,-0.24685540902557213,0.3415697379415772,1162.775390625,613.84598819966,2449.28,25.941092892605173,382.7253601954926,213.5887328174888,482.2819650442241
complex-profile/single-04,1,393779,24579,-0.35052370286119816,0.30039674454893067,-0.3141406192669315,0.2368482573471603,1272.8321533203125,662.4167694152188,1563.0400000000002,15.72512539666291,229.72660455676487,138.17535574183353,479.4562744944342
complex-profile/single-04,2,386756,23278,-0.3474378995356136,0.3115719011637844,-0.24685540358482674,0.33197501296595466,1178.8221435546875,625.8724172360115,1527.3600000000001,15.240676723234861,114.10268682241804,138.8307081499088,504.22261799204307
heavy-profile/single-01,1,334196,94751,-0.35098779495582166,0.29969978118048624,-0.3231964689650223,0.23773982442063377,1133.4088134765625,655.7356754941359,6311.68,15.01200948083553,125.17404093872165,267.412352704403,406.38703875876695
heavy-profile/single-01,2,321165,117967,-0.3478560471173156,0.3125506032732832,-0.24597098756763616,0.3391880700562779,1135.9427490234375,643.7912832070825,7487.68,15.754813239882045,164.3272520167734,333.67590638849083,423.5283770521539
heavy-profile/single-02,1,334835,95022,-0.3509820642269523,0.2997250587775872,-0.32319347062354287,0.23773946003082475,1133.6322021484375,655.6576153098479,6328.160000000001,15.015739172208033,127.96019232756635,267.40455515737676,406.36726237948164
heavy-profile/single-02,2,321876,117705,-0.3474330596039671,0.31245632283527935,-0.2459706607409418,0.33919106145815026,1135.40576171875,643.824912259494,7477.6,15.74101315930245,177.7103468382138,333.739080507881,423.5450408821007
heavy-profile/single-03,1,335085,94944,-0.3509820780462969,0.2997631375415114,-0.3231904512532503,0.23773980995364524,1133.8944091796875,655.6895344059233,6320.4800000000005,15.021643925777788,132.50497526365643,267.4311948344405,406.3331167899564
heavy-profile/single-03,2,321593,117628,-0.3474378918446535,0.3126050382096376,-0.2464120609028336,0.33919105902130986,1136.2359619140625,643.8148605943666,7479.360000000001,15.72701407607068,164.68117811298998,333.7652116796171,423.5237794050754
heavy-profile/single-04,1,327249,101202,-0.35098208218766674,0.2997631348256349,-0.3227196340825469,0.23773946151868014,1133.783203125,656.7717402430412,6816.160000000001,14.847362737963897,303.03219957331385,287.2832662832627,410.96491257436924
heavy-profile/single-04,2,319044,129366,-0.34743307275493474,0.31255060356282144,-0.24641272634825426,0.33915739714827664,1135.90234375,638.0010914767813,8072.960000000001,16.024605596955762,138.14905978703473,337.6008257335925,437.7234567179937
heavy-profile/single-05,1,345188,153996,-0.35098778691744786,0.30027360257987246,-0.322636642415624,0.23773945255330517,1168.232177734375,610.3535342210653,9457.12,16.283604310826128,152.84675955641478,314.30751859898965,400.9341664746971
heavy-profile/single-05,2,344381,100336,-0.34743307334647877,0.3129407081414101,-0.2464129895374146,0.3319750121306916,1136.9788818359375,683.7787579439805,7232.4800000000005,13.872973032763312,248.8376754273263,336.3496173617832,503.83106218732905
heavy-profile/single-06,1,424106,99085,-0.3509820776469239,0.29968717580831045,-0.31414060465657684,0.23773981293225646,1131.490966796875,753.831755130913,9523.04,10.404765705068968,122.91447924108388,288.35703042926843,479.15129026932004
heavy-profile/single-06,2,283012,184237,-0.34743306815583064,0.3116084765911556,-0.24596964746298003,0.33197888388044705,1135.299560546875,544.3381854259704,9828.480000000001,18.745217978771894,109.72216184871968,285.8271431210094,503.63938688378926
heavy-profile/single-07,1,424510,98575,-0.35098205933470744,0.2996997908054282,-0.314144483941314,0.23773791696727997,1131.327880859375,753.8072765991564,9501.920000000002,10.37421910519137,122.79247451913989,288.40572975310556,479.1534942209098
heavy-profile/single-07,2,283368,184485,-0.34786523160544824,0.31182732197529434,-0.24596988300924327,0.33197888472279674,1136.6689453125,544.3513758390307,9833.440000000002,18.76098293171057,113.39008482271629,285.8971092684262,503.52038670180195
heavy-profile/single-08,1,424414,99675,-0.3509820594620623,0.2993166806588172,-0.3141406118641218,0.237739455705551,1131.306640625,754.5992144434963,9872.320000000002,10.09641097533305,84.76107071517163,288.3856319241652,479.13662884704513
heavy-profile/single-08,2,283613,183205,-0.3478514992039002,0.3117754413467031,-0.2464118822562052,0.33197502054062367,1135.829833984375,545.9823958272624,9373.44,19.545118974464017,98.7806120326727,286.0131180430899,503.4579940178412
heavy-profile/single-09,1,411273,88217,-0.3509877927198999,0.3001337399964524,-0.3141406307843893,0.2377381839935326,1132.7779541015625,753.116827053964,8865.28,9.9508419361825,86.72873711981265,291.7550536643994,479.35692395853243
heavy-profile/single-09,2,270225,169602,-0.3474330663331483,0.31225853787363955,-0.2459698802196913,0.33198279757859767,1135.6719970703125,545.6056338729165,8817.920000000002,19.233787559878063,104.37561806589156,285.8761513099148,503.7612272591937
heavy-profile/single-10,1,365730,176473,-0.35098208007838316,0.3001463438713806,-0.3226385492040852,0.2377394599015837,1167.8377685546875,611.1212717761662,11838.080000000002,14.907231578093743,126.65860570943505,314.1694678976837,400.827894594928
heavy-profile/single-10,2,345621,101056,-0.3474378859197909,0.31309020584878616,-0.2464127316608866,0.3319788763644002,1137.5460205078125,683.8594674944699,7276.8,13.887423043095867,133.5131170751556,336.1706179505968,503.8316112512773
heavy-profile/standing-01,1,327695,101291,-0.3509877952013068,0.29972506145196687,-0.32271680095045757,0.23773945598312157,1133.0189208984375,656.8476029772515,6811.360000000001,14.870892156632449,306.11750709096077,287.26869291028265,410.87675726224484
heavy-profile/standing-01,2,318750,129418,-0.3478935074769813,0.31251005105414775,-0.2464127264069965,0.33916003161118247,1136.1004638671875,637.9213147015003,8065.760000000001,16.045357164111007,201.56978505374127,337.5795042887605,437.65951726754383
l-profile-reshoot/crossed-01,1,326283,11646,-0.3509877792594144,0.3001715763872899,-0.30841741504281645,0.23685056772100568,1131.619384765625,643.9870059867801,899.84,12.942300853485063,191.97902429817168,284.80720868043113,473.6978096380401
l-profile-reshoot/crossed-01,2,357200,11617,-0.3478652128565584,0.31198550983971873,-0.24596987364153935,0.3292169481531245,1134.8394775390625,665.3337186114892,848.1600000000001,13.696708168270137,60.150874482442305,243.41623132745258,446.62626822559855
l-profile-reshoot/overlap-02,1,358388,17066,-0.3509877862396233,0.30077174698246234,-0.3141483782871345,0.23729392090925716,1134.0240478515625,650.2391590127073,1184.16,14.411903796784218,38.35823733745519,159.5775166376252,479.65333165524135
l-profile-reshoot/overlap-02,2,370668,14330,-0.3478839661998999,0.3134524544783341,-0.24641299767758626,0.33197889630101846,1138.2301025390625,656.3793478716653,1096.0,13.074817518248175,184.1520410348703,160.4262657178474,503.56764017453656
l-profile-reshoot/overlap-03,1,299151,22028,-0.35098778180204787,0.30056780226399854,-0.3141444809092767,0.23729424793550877,1134.2349853515625,651.5137302900995,1530.2400000000002,14.395127561689668,40.40187148797622,226.8226127715393,480.44101688831256
l-profile-reshoot/overlap-03,2,318894,19745,-0.34788397426032597,0.31307645590499183,-0.24641272224588645,0.33197888879891335,1138.5037841796875,659.8669860826114,1458.5600000000002,13.53732448442299,40.882049686322716,231.5066248685448,504.2097409499679
l-profile-reshoot/overlap-04,1,313426,20663,-0.3509877910207505,0.3006562268611343,-0.3074882580407941,0.237292376213456,1132.707275390625,665.7290273254392,1493.6000000000001,13.834359935725763,196.25841962061077,328.99225244557624,443.8820287500805
l-profile-reshoot/overlap-04,2,361079,20256,-0.34789349742379816,0.31284722481875854,-0.24641298833251143,0.3319827994011824,1226.463134765625,650.7879724779893,1518.2400000000002,13.341764147960795,197.89009794133062,271.6505880834336,503.73703292441564
l-profile-reshoot/overlap-05,1,371691,14874,-0.3509877863074423,0.30063083449594225,-0.3267394224722424,0.2372930519304609,1132.4697265625,654.2213030171196,1141.4400000000003,13.030908326324639,37.75579040020193,134.8163466461142,515.8544873612836
l-profile-reshoot/overlap-05,2,384077,16032,-0.34786062547211505,0.312715831175381,-0.2464122643401958,0.33197890285608495,1137.329345703125,652.9576472563508,1130.4,14.182590233545646,30.03306493306127,142.9006241034756,503.0928297079158
l-profile-reshoot/overlap-06,1,372177,14387,-0.35098779650844386,0.3006055630993835,-0.3267394174962169,0.2372933252718455,1132.5511474609375,652.0633338897399,1142.2400000000002,12.595426530326373,32.35656025870321,134.2931993483919,515.8771489424014
l-profile-reshoot/overlap-06,2,385881,17275,-0.34786062659115635,0.3130491253679528,-0.24641206392031767,0.33197499903529964,1135.715576171875,654.6437175170529,1198.72,14.411205285638014,34.88814253571536,141.9902949392033,503.053823354222
l-profile-reshoot/overlap-07,1,257722,23536,-0.35098779514556144,0.3004692114389371,-0.3141562344434259,0.23729392110826883,1134.0555419921875,658.6403772296974,1506.88,15.61902739435124,184.16687696516874,304.02727069553043,421.90174958272837
l-profile-reshoot/overlap-07,2,304382,20702,-0.3478652123137478,0.3133447641414744,-0.2468549388110293,0.33414810307083803,1137.4747314453125,657.934755092177,1413.2800000000002,14.648194271481941,62.68753831287586,306.6622812199405,490.01060899357185
l-profile-reshoot/overlap-08,1,243788,18595,-0.3509877978261278,0.30017159099144236,-0.30285705144063024,0.2372928107877061,1132.6585693359375,667.4479140492534,1450.7200000000003,12.817773243630747,46.67931812830511,257.9087597357627,375.6037942632581
l-profile-reshoot/overlap-08,2,232072,23009,-0.3478652139864015,0.31325180659519675,-0.2464124899087709,0.3340932812647337,1135.7508544921875,647.3945650092805,1677.1200000000001,13.719352222858232,139.15079014411504,347.30717529508206,424.4620458977686
l-profile-reshoot/overlap-09,1,224179,18868,-0.3509877825961498,0.3005678010698134,-0.30285704040684647,0.23729259021787097,1132.7135009765625,668.5667201525991,1495.0400000000002,12.620398116438354,47.35386386329628,312.3735260325582,375.9504160898173
l-profile-reshoot/overlap-09,2,251746,23610,-0.34786523104765016,0.31295418754859483,-0.24641358399177385,0.33453336575419257,1137.082763671875,646.0082259562868,1669.4400000000003,14.142466935020124,136.3292854258707,279.04169121650375,424.15432070157954
l-profile-reshoot/single-01,1,260247,19085,-0.350982073685319,0.3002351509326641,-0.3065802956880016,0.23729237399438746,1132.4884033203125,657.119846187152,1447.6800000000003,13.18316202475685,152.14472474807008,330.49959018198365,376.19839723695577
l-profile-reshoot/single-01,2,315206,15800,-0.3478745269953538,0.3125777721670682,-0.24597011164588445,0.33457040643958186,1135.383544921875,647.3107173447445,1185.6000000000001,13.326585695006747,43.808449622431,297.2184556166951,436.27021372219133
l-profile-reshoot/single-02,1,353918,7452,-0.3509373379252934,0.29996085898884645,-0.3101641250265322,0.23729332094908384,1132.9869384765625,676.5536777510822,624.96,11.923963133640552,26.187656954619797,200.6292855731731,476.2680527758737
l-profile-reshoot/single-02,2,358308,6432,-0.3474330748967859,0.3120973878560411,-0.2459701105992826,0.3230433272517893,1137.9296875,635.6549204987211,484.6400000000001,13.271706833938591,29.72518467883765,209.80235023374848,499.5183677547809
l-profile-reshoot/single-03,1,315880,13144,-0.35098779065299135,0.30010863822209766,-0.3038527866678462,0.2372923795248536,1132.2197265625,647.1975854469113,981.2800000000002,13.394749714658403,224.48498811784611,297.6140373972096,473.690056921944
l-profile-reshoot/single-03,2,359452,12221,-0.3478886969722297,0.3117883957654225,-0.24641172814039455,0.3345213466379027,1135.01025390625,673.4204186461757,987.0400000000002,12.381463770465228,64.1886666534756,275.2105248353562,418.18487362102246
l-profile-reshoot/standing-01,1,345797,22459,-0.35098778889718113,0.4701412578904443,-0.32446060715643943,0.3372894100138985,1169.3470458984375,594.0991817413689,1287.0400000000002,17.450118100447536,129.3512517590816,214.51651924683665,642.9725322583954
l-profile-reshoot/standing-01,2,326573,27542,-0.3478839666932651,0.3128605349548139,-0.266869992450702,0.33833906242305933,1161.755615234375,692.3343948033399,2186.4,12.596963044273691,157.87995980587402,414.0928245766888,437.47464849699236
l-profile-reshoot/standing-02,1,307283,22783,-0.35098779944459274,0.3004296364847372,-0.3244827703178776,0.23729258810560844,1133.162841796875,594.3086896309936,1345.7600000000002,16.92946736416597,215.80125137574987,216.42092513730995,479.4541605338279
l-profile-reshoot/standing-02,2,323496,28563,-0.3478839826839827,0.3127288453366932,-0.2624173780653857,0.3383390531635186,1163.777099609375,693.3672894167461,2244.6400000000003,12.72498039774752,221.19624579865194,410.56516240227825,437.58965440403426
l-profile-reshoot/standing-03,1,309014,23042,-0.3509877979627034,0.30060557085171047,-0.32446797137594047,0.23729202132844862,1132.7012939453125,593.9812819289357,1353.7600000000002,17.02074222905094,268.71920461137825,227.997057161773,479.50567329262276
l-profile-reshoot/standing-03,2,324831,28859,-0.3478745084715358,0.3129273158822517,-0.25530529132429003,0.33833905600362146,1160.9342041015625,693.7983660952243,2268.32,12.722631727445862,108.60168051535311,405.3643427877969,438.27199907426757
l-profile-reshoot/standing-04,1,415756,10962,-0.35098780147197317,0.3003772233288785,-0.3222829479646858,0.23729304894239434,1132.8853759765625,675.1875323387812,822.4000000000001,13.329280155642023,195.65931230913475,346.02298170946665,478.27559765335104
l-profile-reshoot/standing-04,2,410091,15559,-0.34785603732976755,0.3132518354514852,-0.2464139224505156,0.3390880036138248,1136.571044921875,640.1514027393189,912.64,17.04834326788219,239.9421532659935,292.9759534551349,481.96712388093806
l-profile-reshoot/standing-05,1,258086,54978,-0.3509877896235426,0.30010863722630343,-0.3141483607000922,0.23729188837667273,1133.0894775390625,634.0978438164934,4080.8,13.472358361105664,123.3695504204029,264.32804884137886,480.42265702509576
l-profile-reshoot/standing-05,2,279228,54309,-0.347883980191362,0.31246971740028023,-0.24641226569703495,0.33197887267839316,1136.1300048828125,669.4302338731922,4278.080000000001,12.694713516343779,115.3044851064883,320.27075348628046,504.13167890270574
l-profile-reshoot/standing-06,1,258756,55062,-0.35098206618313754,0.30013373545410765,-0.31414837987419764,0.23684980226600688,1132.6044921875,634.103726755249,4128.160000000001,13.338145808302002,117.23911696242658,264.4615806671866,480.5448941010329
l-profile-reshoot/standing-06,2,278754,54315,-0.3478934919952778,0.3125641467904856,-0.24641226407591985,0.33197502816809554,1135.3321533203125,669.3969532499192,4282.72,12.68236074270557,174.93008621342642,320.7573174567292,504.07433052920464
l-profile-reshoot/standing-07,1,239740,65711,-0.35098778812691134,0.300530293306238,-0.3093261912611589,0.23729202878961084,1133.090087890625,652.4165193449664,3183.6800000000003,20.639951251382048,249.81332564833792,343.74153249039705,393.8642703351941
l-profile-reshoot/standing-07,2,253343,63263,-0.3478935161462132,0.3133715185370846,-0.24641359196421161,0.33404281157276206,1156.9410400390625,664.1299805863682,3502.4,18.06275696665144,214.3401288725895,355.40929313205424,416.7681649354538
l-profile-reshoot/tilted-01,1,252766,18771,-0.350987781267352,0.30019694590763574,-0.3079510924387411,0.2372918834362636,1132.09033203125,658.9019370581989,1420.8000000000002,13.211570945945944,178.04554655193897,326.62236312748905,376.37493626199057
l-profile-reshoot/tilted-01,2,312477,15604,-0.34786523293485316,0.31237651260483956,-0.24597066137656307,0.3345704006787343,1135.3375244140625,647.7280686712847,1174.4,13.286784741144412,166.7509807484803,305.25505239295603,436.26219092043016
l-profile-reshoot/tilted-02,1,256398,18977,-0.3509877798851669,0.3002223891273196,-0.30886287507376115,0.23729217735497174,1134.418701171875,657.8086442038283,1433.6000000000001,13.237304687499998,121.0322520139398,329.7267343761546,376.64898267228773
l-profile-reshoot/tilted-02,2,304451,14869,-0.34787922926444315,0.31271581861350767,-0.24597130424175942,0.3345704103389436,1135.6488037109375,648.2722808624994,1142.5600000000002,13.013758577230078,47.56415780243924,297.65718786909565,437.32351171695586
l-profile-reshoot/tilted-03,1,263243,19564,-0.3509428154226805,0.3004192425229269,-0.3067657466817882,0.2766197971357996,1136.4617919921875,632.1156872181873,1274.7200000000003,15.347684197313917,95.50122530659746,247.57734944369508,391.4977227213949
l-profile-reshoot/tilted-03,2,265340,21315,-0.3474330667299185,0.31219198065853576,-0.2837938272010252,0.3336119996178291,1136.947265625,678.4411352669762,1660.0,12.840361445783133,195.94203640622936,338.83485614085134,423.65645111515437
l-profile-reshoot/tilted-04,1,300590,12621,-0.35098778427652694,0.3001211801707138,-0.30385280001013326,0.23729238194266003,1133.154541015625,648.4297600263421,961.2800000000002,13.129369174434085,42.18990739116862,284.9545224796043,474.0661018222445
l-profile-reshoot/tilted-04,2,333541,12125,-0.3478652168268196,0.31225853511072693,-0.24641226316069154,0.33451948204161475,1163.3070068359375,669.7662109502796,983.8400000000001,12.324158399739794,54.98526712841158,271.31516548324225,418.7603545859515
l-profile-reshoot/tilted-05,1,322493,12629,-0.35098778693418203,0.30014634071575486,-0.30385162512089536,0.23729281470995445,1132.538818359375,647.387861781785,956.8000000000001,13.199205685618729,40.48748595079542,294.90962560667026,473.3650341626362
l-profile-reshoot/tilted-05,2,355431,12050,-0.3478839786366953,0.31229763180729647,-0.24641249090559478,0.3345213520806295,1134.98779296875,669.0640429698593,989.2800000000002,12.180575772278827,222.2730592151247,283.83732434421586,418.27863164720975
l-profile/crossed-01,1,261385,19416,-0.3509877905484132,0.30059295958252746,-0.3141444804926384,0.24314907774759326,1131.9993896484375,653.0828418853533,1448.8000000000002,13.401435670900053,61.60995332177754,288.14245042957305,480.51522384514874
l-profile/crossed-01,2,279208,17274,-0.3478839780030254,0.31225854525031205,-0.2468547299797982,0.3319827911693844,1136.1036376953125,656.2690420783355,1381.92,12.5,37.69172467558792,257.5468641504074,504.51034923430143
l-profile/crossed-02,1,250566,20752,-0.3509820662083084,0.3006182025804182,-0.3141445076676597,0.23729304786875138,1132.1397705078125,654.4998508069478,1439.6800000000003,14.414314292064901,103.42274630711654,266.51614943193226,480.5055767382087
l-profile/crossed-02,2,290506,18112,-0.3478606299352166,0.31237654519541425,-0.2744728664147079,0.33198279027562955,1135.438232421875,658.6060424766243,1484.8000000000002,12.198275862068964,209.03525854774125,250.93764979759044,502.5601770022515
l-profile/crossed-03,1,257414,16419,-0.3509820698717312,0.30017158774613795,-0.31414060609119315,0.23729391738460093,1131.7408447265625,661.4562251614695,1181.1200000000001,13.901212408561364,215.9277030046619,291.0099624537179,478.06113784210515
l-profile/crossed-03,2,263774,18285,-0.34785603069399235,0.3129407269666255,-0.24641298429325034,0.331982802016292,1135.2373046875,657.0145455378685,1408.6400000000003,12.980605406633346,51.2797691108035,265.2957809041302,504.7891265668052
l-profile/crossed-04,1,383477,9312,-0.35052370447832726,0.299972117556723,-0.31414449637348824,0.23729361974369176,1134.698486328125,667.5566929813533,737.1200000000001,12.632949858910353,161.94343994877,130.72801773426863,479.48472186113895
l-profile/crossed-04,2,376144,10182,-0.347433074461778,0.3121326386247409,-0.24641173061680907,0.33198278492417876,1137.393798828125,640.8133247265516,733.2800000000001,13.885555313113679,70.612474396587,153.72987417561012,503.12648344483387
l-profile/crossed-05,1,398530,9383,-0.3509428347390095,0.3000402813811672,-0.3141483615629113,0.23729305266519715,1134.4871826171875,667.417353168196,731.0400000000001,12.835138980083167,25.883494383949255,106.69220653033472,479.3130771654651
l-profile/crossed-05,2,398841,10259,-0.3474378961728077,0.31207396124450454,-0.24596987718226226,0.33197889234979133,1136.3118896484375,638.8853622785944,749.6,13.685965848452508,20.124844228500933,115.47076902719232,502.83713063105074
l-profile/crossed-06,1,382802,9105,-0.3505237083736178,0.3002224049370407,-0.32516250072146047,0.2372945952787747,1135.26904296875,657.0507318328756,728.48,12.49862727871733,22.60420858844782,100.55747852057402,480.6128189960293
l-profile/crossed-06,2,354263,21705,-0.3474379020831249,0.31246970646471406,-0.24597039165216122,0.33823254357470944,1136.468505859375,667.9343145864386,1442.0800000000002,15.051176078997003,140.36255697359138,339.8058884658369,448.9138147322626
l-profile/crossed-07,1,337353,9837,-0.350523712514394,0.30018424275812866,-0.3042978508368708,0.23729238478682643,1134.1419677734375,692.1910536855889,900.96,10.918353755993607,108.35651285677886,188.05842048143631,474.2804107071622
l-profile/crossed-07,2,278011,13663,-0.34743307113208594,0.3115148252321936,-0.2514248835342862,0.3327901686013836,1136.9974365234375,614.0967558671051,961.1200000000001,14.215706675545196,71.82921672841667,356.90266907213345,419.0785430146507
l-profile/crossed-08,1,338094,11995,-0.3505237166643716,0.299240683984341,-0.3042978737816983,0.23729391530452393,1134.1988525390625,693.5304460333748,1076.8,11.139487369985142,132.14764552247652,191.33437745606602,474.3599680075424
l-profile/crossed-08,2,278413,13538,-0.3474379010848785,0.3124563514803379,-0.2491993095948799,0.333253864302649,1136.6956787109375,614.2395067876885,951.84,14.222978651874264,71.76394565844521,358.30781176423307,418.9466022165702
l-profile/overlap-01,1,213462,23154,-0.3509877900959855,0.30017158807029964,-0.3031992533910858,0.23729304181970304,1132.271240234375,635.3184235961389,1684.48,13.745488221884498,76.52552525644933,282.85633942773666,390.6289582409438
l-profile/overlap-01,2,230966,23884,-0.3478934955719431,0.3129139005038606,-0.24596965732754655,0.3337023060192037,1135.6207275390625,675.1382825288304,1898.5600000000004,12.580060677566152,60.1820211840145,325.1191764913956,406.027652565798
l-profile/overlap-02,1,309902,7253,-0.3798657266103708,0.11008859831701938,-0.314140628410315,0.3232571926323146,1135.27734375,703.0377217970608,597.44,12.140131226566684,58.79600693483053,112.10600369584404,588.4650960372473
l-profile/overlap-02,2,325474,10973,-0.3913277324605441,0.06555463370447859,-0.3111544146766428,0.3319711561957989,1136.3553466796875,597.9938252078713,720.1600000000001,15.236891801821816,86.28700265488033,158.72229468168052,585.2312441815977
l-profile/overlap-03,1,240454,25547,-0.35098779821890086,0.30058037623353856,-0.314140622355148,0.23729332257059163,1131.6988525390625,645.3825593226686,1587.2,16.09564012096774,137.489349441395,276.7000717985384,478.4285631818252
l-profile/overlap-03,2,260341,24292,-0.34789351764075666,0.3125235462655218,-0.28627604000328494,0.33197888674062365,1135.195068359375,662.4567220477329,1868.48,13.000941942113375,177.50008951570635,313.91112569164034,502.613479315964
l-profile/overlap-04,1,262636,17971,-0.3509820786069653,0.3006689783055224,-0.314144496628553,0.2372946062056248,1132.402099609375,652.1265431845998,1197.1200000000001,15.011861801657309,125.30195539317356,231.9052678915998,477.8712241558203
l-profile/overlap-04,2,300174,19610,-0.34789830677612404,0.3125506050455932,-0.24641187365754602,0.33198279086103805,1136.0504150390625,661.4100255093986,1490.2400000000002,13.158954262400686,176.12183515337074,235.63003045039204,504.36367740622995
l-profile/overlap-05,1,274993,16681,-0.3509877868961703,0.30054277446476213,-0.3141444770132832,0.23729280972491976,1132.48779296875,653.3521304971866,1125.1200000000001,14.825974118316267,118.35491754640316,209.5102405225373,477.54417723978327
l-profile/overlap-05,2,296272,19207,-0.3478560586146093,0.31256417801492253,-0.24641248894517992,0.33197887499204276,1135.4400634765625,661.1442837327131,1483.3600000000001,12.948306547298024,177.6821260098659,239.59544693863563,504.36566400931565
l-profile/overlap-06,1,274146,16368,-0.3509877791514644,0.3006055663551469,-0.3141444984166948,0.23729304830615688,1131.8409423828125,653.3715615764706,1126.72,14.527122976427151,103.77129400546482,209.64625833714422,477.593890704655
l-profile/overlap-06,2,295541,19078,-0.34786062403626095,0.3124429604736942,-0.24685494349260287,0.33197889811670706,1135.37841796875,661.1289847209271,1478.7200000000003,12.901698766500756,174.87709657495452,239.86288838102973,504.3225458188617
l-profile/overlap-07,1,273981,16369,-0.35098778065596903,0.3005552863977222,-0.3141406265951319,0.2372925837558338,1132.5565185546875,653.386333207837,1123.0400000000002,14.575616184641685,102.01050312658344,209.61841339088255,477.616024970813
l-profile/overlap-07,2,295909,19046,-0.3478698696148785,0.3123633409034272,-0.2464122675172685,0.33197887435786255,1135.686279296875,661.1408151112244,1473.4400000000003,12.926213486806382,23.786146994088995,239.60972341226807,504.37756114302897
l-profile/overlap-08,1,274380,16443,-0.3509877879664561,0.30019695359536386,-0.31414448218324115,0.23729391155085303,1132.1033935546875,653.2828061188138,1120.8,14.670770877944326,109.2962711735563,209.6471188075427,477.6135479299237
l-profile/overlap-08,2,295314,19036,-0.3478560499215924,0.31245633589553673,-0.24641299413108578,0.3319788722096927,1133.8319091796875,661.1466350877367,1473.1200000000001,12.922233083523405,22.60039844360972,239.7651003642095,504.32250483107646
l-profile/overlap-09,1,274767,16452,-0.35098206016158556,0.30056780937603467,-0.31414062021496897,0.2372936217710144,1132.103271484375,653.3586132503626,1123.0400000000002,14.64952272403476,102.92241659550427,209.55744274442668,477.6526183279718
l-profile/overlap-09,2,295388,19006,-0.34786521797416103,0.3124831473986638,-0.2468545623090049,0.33198280598654856,1135.54833984375,661.1215241591292,1471.8400000000001,12.913088379171647,23.736952492906767,239.54829685120717,504.2906687913437
l-profile/overlap-10,1,258275,17605,-0.3509820618921433,0.3005427733581711,-0.3141406070705342,0.23729391844120717,1132.46728515625,652.4367059764886,1203.68,14.625980326997208,101.09079963575687,236.4928304984569,478.0223395171404
l-profile/overlap-10,2,295425,18601,-0.3478887215344123,0.3127288394843277,-0.24641273238427064,0.33197887484005,1134.576171875,659.3739386400547,1443.0400000000002,12.890148575230068,176.05447712792056,235.05640539821957,504.28305136395534
l-profile/overlap-11,1,343905,21330,-0.3509877863388565,0.30058038166018275,-0.3141406278121017,0.2372933098423511,1133.4345703125,632.874730773103,1512.4800000000002,14.102665820374481,42.3270286324082,169.17184665068976,479.7815087180211
l-profile/overlap-11,2,370872,21447,-0.34786064849793086,0.31294070857880346,-0.24641248124784884,0.3319789021319702,1136.5789794921875,674.1944493239499,1560.0,13.748076923076923,41.00577546505701,172.4159996764588,503.46570282888774
l-profile/overlap-12,1,361134,15508,-0.3509878037299753,0.30056780888686935,-0.3141368105759011,0.23685056161426324,1132.332275390625,630.4065182540371,1089.76,14.230656291293496,31.22749180865867,133.55601807038806,479.4053984234947
l-profile/overlap-12,2,379167,15252,-0.34786064119311483,0.3127288605605739,-0.24641206159885054,0.33197888110495594,1136.4443359375,676.1645410878318,1165.4400000000003,13.086902800658976,39.54824680110414,147.46841535029694,503.18908238409676
l-profile/overlap-13,1,328591,10759,-0.3505180007962289,0.29931666870969337,-0.3136640953900345,0.23729361345729752,1132.3841552734375,700.1157617286099,933.44,11.526182721974632,58.34343018914751,220.8655931092551,480.08146613110216
l-profile/overlap-13,2,315399,9618,-0.34744272170221036,0.31199885955933404,-0.24552711148199022,0.31728352677794247,1136.8084716796875,608.6648861129695,682.8800000000001,14.084465791940017,29.83252558937602,211.474417623529,488.56400172337635
l-profile/overlap-14,1,320877,12095,-0.3505237069048999,0.2993039448584677,-0.3051973857421277,0.23729391916036568,1133.7030029296875,698.1495151378094,1028.4800000000002,11.760073117610451,44.10577635671143,219.58898720005686,476.2723771987471
l-profile/overlap-14,2,290825,13078,-0.3474427245614134,0.31190598358336996,-0.24596987005165685,0.33187536149800445,1136.597900390625,616.535395889689,953.6,13.714345637583893,59.82429229187983,324.0168311389002,427.0894113504719
l-profile/single-01,1,298061,15037,-0.3509878048407774,0.3002223945486372,-0.3079473832244175,0.23729280774067818,1133.9830322265625,661.0716771715289,1096.16,13.717887899576704,48.153415580170076,283.5694141492247,477.9824192299068
l-profile/single-01,2,335575,14429,-0.3478935088033388,0.3129138876508959,-0.29314418956018784,0.3319788849089102,1135.1124267578125,656.3837221088481,1111.0400000000002,12.986931163594468,41.66554355290009,258.3514981885262,501.0484480824937
l-profile/single-02,1,296960,14644,-0.35098777905210726,0.3002224008379714,-0.3079473771977631,0.23729331377367355,1131.423583984375,661.1428709090994,1089.2800000000002,13.443742655699175,48.48674839779278,283.5754164706127,478.02711212511736
l-profile/single-02,2,335641,14200,-0.3478935178527722,0.31284721180813063,-0.2931441914574208,0.3319827889594894,1136.0743408203125,656.3488324675654,1120.8,12.669521770164168,50.10090739095767,258.35606853397803,501.06671706439806
l-profile/single-03,1,296914,14985,-0.3509877946641411,0.30058037683125904,-0.3079473685619911,0.2372928099462586,1132.727783203125,661.1846536208382,1099.68,13.626691401134876,48.87086692861067,283.60499529684216,478.0337716920046
l-profile/single-03,2,335823,14335,-0.34788870513947423,0.3129272954706824,-0.2931401202045845,0.3319827955806322,1135.242919921875,656.4022821897114,1117.76,12.824756656169482,34.834872312203515,258.37762289825537,501.10623602677447
l-profile/single-04,1,297428,15175,-0.3509877864612474,0.30064353802242005,-0.3079473665151441,0.2372923810463724,1131.7230224609375,661.035752399654,1096.8,13.835703865791393,44.921264486740256,283.66454106452284,478.04719252145765
l-profile/single-04,2,332142,10984,-0.34789351098799115,0.31257777694961186,-0.2446432018075504,0.33197887427594897,1135.6051025390625,654.5003992323452,810.8800000000001,13.545777426992895,209.79009088995417,212.19778838207162,502.6598243289891
l-profile/single-05,1,382311,16875,-0.35098779338043984,0.45426692426649284,-0.30794738117520104,0.33396820675327016,1194.9884033203125,660.6084309068617,1214.5600000000002,13.893920432090631,241.55566655391567,383.1754593049898,643.2255663472979
l-profile/single-05,2,333986,14276,-0.3478698720473423,0.3125641749615534,-0.28730466174765795,0.33198280427958166,1136.0224609375,656.0604771486659,1122.0800000000002,12.72280051333238,93.954580603272,254.50685448057402,501.74087315986685
l-profile/single-06,1,272893,11734,-0.38809725402046286,0.06067818611788094,-0.3141406210170874,0.32326772699567435,1135.440673828125,695.0946479107179,955.2,12.28433835845896,84.68386596118626,192.77854303459026,588.1313098942019
l-profile/single-06,2,279680,16162,-0.39072996388044556,0.06540474279136851,-0.31115050269334854,0.3319750040734615,1136.654052734375,611.1966669941211,1091.2,14.811217008797653,72.0715477043882,241.79759742881788,586.3208476928053
l-profile/single-07,1,322405,4762,-0.37984864661226997,0.060663113674957365,-0.3141406188932126,0.3232677246612253,1135.3536376953125,738.687490605615,415.68000000000006,11.45592763664357,24.989949973663443,411.7432675179598,582.0086765978876
l-profile/single-07,2,367864,5457,-0.3906678267008597,0.06555463381404585,-0.3111504916068701,0.33197500316116857,1135.7542724609375,589.4308575349829,335.04,16.287607449856733,35.22931275331439,67.88446461916874,584.2292024676783
l-profile/single-08,1,347994,5682,-0.3509877798468656,0.3001086493237923,-0.31414449668298056,0.23729424899169993,1130.52392578125,649.1495039521002,444.6400000000001,12.778877293990641,35.03971669741759,229.90892832760028,476.3616362072655
l-profile/single-08,2,363670,9029,-0.3478606434673412,0.3129005299662409,-0.2464120683286878,0.3262727778476011,1136.527587890625,657.4039228995665,684.3200000000002,13.194119710077153,61.389267866979935,224.9044586012442,501.6200575162318
l-profile/single-09,1,365071,9844,-0.35098780437208144,0.30058038180488983,-0.3141406010291063,0.2372936089414358,1130.706787109375,641.3717568151526,744.3200000000002,13.225494411006016,23.145308813786414,103.95229880108718,479.30769861788804
l-profile/single-09,2,385056,9167,-0.3478934925093908,0.3128871682489732,-0.24641172563118316,0.3262712834456058,1134.7437744140625,662.5874815097981,750.2400000000001,12.218756664534014,30.448229042156527,106.67671802206155,501.1690492930859
l-profile/single-10,1,382393,9184,-0.35052372080541766,0.3001463419053373,-0.3251461192945472,0.2372945941255114,1133.2894287109375,656.9893872268469,720.8000000000001,12.74139844617092,25.711101918332133,100.84790486433212,480.35223176800423
l-profile/single-10,2,354181,22131,-0.3474379029958726,0.3125506022293558,-0.245969647777915,0.3382325426774998,1137.0040283203125,668.4785416895529,1454.0800000000002,15.219932878521124,140.1008362133275,339.756078096648,448.2505701779928
l-profile/single-11,1,319108,12191,-0.3505179886788143,0.30017158132303917,-0.30519739694990544,0.2372939063935264,1133.2689208984375,697.2732490877914,1024.3200000000002,11.901554201811932,43.18595160795758,216.31882733675366,476.1365368892548
l-profile/single-11,2,293688,12990,-0.34743788879062126,0.31252355285884575,-0.24641226311691777,0.3318753597634586,1137.5364990234375,619.1001717848292,950.0800000000002,13.672532839339842,279.5594619907497,325.4975189636691,426.7399557793642
l-profile/single-12,1,335219,13275,-0.35052371691907314,0.3001463441318724,-0.314144498036775,0.23729496784768356,1134.515869140625,623.221649869896,741.9200000000001,17.89276471856804,37.943266705688984,141.95320297014314,480.4721673011568
l-profile/single-12,2,395014,9596,-0.34743305907523053,0.3133715071299334,-0.2459709740022022,0.3319750265292005,1139.0194091796875,688.5272976975093,759.8400000000001,12.628974520951777,34.89361944131542,135.54823461258366,503.1908861032682
l-profile/standing-01,1,283153,12083,-0.38958000671916176,0.06062951525596206,-0.31413680230180896,0.32326774157423593,1134.9453125,693.2760726898601,1000.1600000000001,12.081067029275316,80.8586477287904,213.1892200810521,588.0136019209058
l-profile/standing-01,2,304903,22018,-0.39115738595663657,0.20138170183282006,-0.3111504932174457,0.3319711551513506,1168.8787841796875,617.6897938899688,1113.6000000000001,19.77191091954023,321.48568233693913,229.45510331057858,585.7312537439543
l-profile/standing-02,1,284130,19986,-0.35098779630656973,0.30015894153204487,-0.3141444961852253,0.23729280957430798,1132.814208984375,670.8987893924141,1451.5200000000002,13.769014550264549,129.64388671340703,225.86129085433936,480.38533231374663
l-profile/standing-02,2,278853,21370,-0.34789351698049953,0.3124697144438939,-0.24641226207936257,0.33198278310034357,1134.791259765625,639.3620735537052,1428.0,14.96498599439776,245.4620958736814,229.17312923329314,504.4948973524331
l-profile/standing-03,1,341159,19502,-0.3509820828439726,0.3000961174604584,-0.31414449127382815,0.23729459863621952,1131.4171142578125,668.5508968260276,1406.88,13.861878767201182,132.8751278983782,231.1449471008143,479.6543494750831
l-profile/standing-03,2,343324,20984,-0.3478887203505941,0.31231071930997056,-0.24641207335490947,0.3319750281751357,1134.290283203125,640.5372014316409,1498.4,14.00427122263748,255.38872176883615,226.18200874425656,503.61715388593393
l-profile/standing-04,1,367813,24836,-0.35093733565739277,0.3001589429044191,-0.3203856445279231,0.23729424552285455,1134.4656982421875,659.4395414706044,1345.7600000000002,18.45499940554036,135.56900080445757,312.65106865878647,410.8431636480407
l-profile/standing-04,2,391901,34656,-0.34743790008433234,0.3123765367911001,-0.24597011683466252,0.33910256163957225,1136.8853759765625,682.9763117629626,1723.0400000000002,20.113288141888752,91.50422052491831,242.73584260893654,424.982712769174
l-profile/standing-05,1,379762,18601,-0.3509373395871583,0.3001337280958635,-0.3203856324656349,0.2372930566289235,1133.2451171875,664.0774070691267,967.04,19.234985109199208,263.0226285305853,313.967427627347,425.07463071808684
l-profile/standing-05,2,397501,27529,-0.3474330501284293,0.3129947039181977,-0.24596965319130354,0.33910256053113746,1135.9501953125,684.2611473751107,1340.16,20.54157712511939,93.15675638266475,244.98332811840487,432.8657604613054
l-profile/tilted-01,1,359297,9405,-0.3509878007285831,0.3005302889649532,-0.3141406087581433,0.23729281422429443,1131.2354736328125,663.0845687553275,714.08,13.17079318843827,50.082636353273756,173.29142882835026,479.41458292371226
l-profile/tilted-01,2,286657,14605,-0.3478652249637189,0.3124429573008536,-0.2986699842749296,0.3343880798053663,1135.7882080078125,651.2428724062387,1150.4,12.69558414464534,210.68954350810145,388.59549637419354,496.43794147513654
square-profile/single-01,1,278250,54963,-0.35098778739852204,0.3001842515145928,-0.31434711216277544,0.23729360942040564,1132.060546875,706.027592730182,3709.76,14.815783231260243,105.07733591799297,332.63381937202826,457.53747790766624
square-profile/single-01,2,255652,57457,-0.34743306894055487,0.31228459588429347,-0.245969653808298,0.3388050888477767,1135.6767578125,605.693236077532,3058.4,18.786620455139943,106.52702633150238,240.91181790119617,409.1034812144412
square-profile/single-02,1,330163,27843,-0.3509878040510244,0.30061819912063026,-0.31414061206824034,0.23685055223244275,1134.8861083984375,641.1911522199827,1575.3600000000001,17.674055453991468,101.12429632361454,229.42760930276654,479.6693556714167
square-profile/single-02,2,372606,33846,-0.347893508879054,0.31241629925847075,-0.24641225906872766,0.33197887606609233,1169.966552734375,672.9724294063766,1636.0,20.688264058679707,271.8594685404296,268.7834979142858,503.19465059755066
square-profile/single-03,1,353705,34622,-0.35098207576852597,0.30059296438715255,-0.31414062866745524,0.23685016766815326,1132.6470947265625,640.8171041792721,1679.0400000000002,20.62011625690871,106.89443906466931,172.0106368184313,479.3910000291942
square-profile/single-03,2,382294,35699,-0.34789350793094737,0.3128472121334342,-0.2464124822778708,0.3319827910845247,1136.6597900390625,663.0669792785095,1719.8400000000001,20.757163457065772,235.11923421030178,164.26449595836038,503.2620340191568
square-profile/single-04,1,353020,34137,-0.35098778019033405,0.3005929568915098,-0.31414060212741884,0.23685056101137214,1132.9239501953125,641.0116766064566,1683.68,20.27523044759099,106.93292871070526,172.00917942332762,479.4205054803251
square-profile/single-04,2,381901,35655,-0.34789831658686754,0.3129812014194471,-0.2464127323358791,0.33198279560395616,1136.892822265625,663.0107065001522,1721.4400000000003,20.712310623663907,233.5967673569112,164.29942260928374,503.3065264855793
square-profile/single-05,1,354352,31688,-0.3509878046931463,0.30060555923705834,-0.31414447533818163,0.23729281209627748,1175.1732177734375,655.7463991718246,1515.3600000000001,20.911202618519688,267.8473717896054,339.1674377914612,476.70286285293423
square-profile/single-05,2,368947,31455,-0.3478934924456819,0.31290052180111494,-0.2464127269339584,0.3319827881169901,1167.12939453125,667.0450706567125,1609.2800000000002,19.546008152714254,249.336795907725,257.8899783761651,503.43428436241516
square-profile/single-06,1,336789,34275,-0.35098206254467085,0.3005929583578034,-0.3141445080308855,0.2368494534907156,1132.901611328125,636.0666455399095,1635.5200000000002,20.956637644296613,230.6363807558737,217.7799689289186,479.5624964965316
square-profile/single-06,2,407935,20767,-0.347893495961587,0.31279437457969594,-0.24641249366035292,0.33892610605247087,1184.270263671875,670.2533519721461,1202.88,17.264398776270284,233.38266442398708,321.1832464879585,502.2269451297236
square-profile/single-07,1,345486,31559,-0.3509878034948074,0.3006181969077601,-0.31414063243625767,0.23685016988552118,1131.768798828125,655.7970694154068,1624.0,19.432881773399014,246.96346434007546,212.34277937166303,479.4468632644828
square-profile/single-07,2,402172,22526,-0.34789831495398366,0.31260503857295,-0.24597037712986697,0.33891279058392015,1184.7786865234375,648.5673004334209,1182.2400000000002,19.0536608472053,308.6576098830733,323.7444757723847,502.3327416226034
square-profile/single-08,1,328196,30217,-0.3509877953952786,0.3001842575862548,-0.3141406018988875,0.2372921918198459,1132.02734375,634.7537852046374,1598.4,18.90452952952953,106.8576079135164,162.26988949294832,479.6667390321761
square-profile/single-08,2,359378,28797,-0.3478934927346454,0.31260504274238565,-0.2464117208781581,0.3319827999163172,1134.986572265625,667.3481750038384,1606.5600000000002,17.92463400059755,238.5764176299249,170.68546995576025,503.3775125515531
square-profile/single-09,1,364838,23688,-0.35098780615079983,0.3000961181638518,-0.31414060931199356,0.23729202874469962,1132.397216796875,630.9057092457743,1280.4800000000002,18.499312757715852,93.27492407534191,122.26531109934581,479.23094882113855
square-profile/single-09,2,389408,20492,-0.34789830275255745,0.3126050421980376,-0.24641248659782553,0.3319788877175058,1135.78369140625,666.3289919355906,1222.5600000000002,16.761549535401123,105.02133352364172,128.7630813784583,502.96233561656004
square-profile/single-10,1,396681,16364,-0.3509877811371658,0.3002224006581379,-0.3141406153343593,0.2372923722694457,1131.526611328125,628.8289076007579,892.64,18.332138376053056,100.51370502564487,82.90190007845422,478.81340647787533
square-profile/single-10,2,424852,11647,-0.3478935040462122,0.3128472361967952,-0.24596966081454202,0.3391566375836895,1168.924072265625,660.876475740626,809.44,14.38896026882783,155.3535785920917,80.66794722526402,502.6055911685555
square-profile/single-11,1,292923,45167,-0.3509820775704237,0.30020964203027295,-0.3143471114459534,0.2372930580014148,1132.6868896484375,708.9427540844107,2945.2800000000007,15.335384072142544,83.11740312960046,336.1143371562987,456.3550067278866
square-profile/single-11,2,293156,45967,-0.3474330701878743,0.3122976388632907,-0.24597010802682007,0.33880150750822974,1137.397705078125,609.9331571799509,2369.28,19.40125270124257,98.20172874150967,248.0537177581673,409.9446360086488
square-profile/single-12,1,384960,18614,-0.3509877958964635,0.30055528624158856,-0.3141444787680991,0.23729259203119082,1131.7525634765625,700.8902510007554,1128.4800000000002,16.494754005387776,131.94703884930368,185.01444111635942,479.04219523226743
square-profile/single-12,2,366307,25147,-0.3478935141815648,0.31286051803816795,-0.2464120707017801,0.32259045449663826,1136.6666259765625,609.0809713341202,1280.8000000000002,19.633822610868204,278.43426505783236,239.8713834418761,499.3311998253698
square-profile/single-13,1,381895,17902,-0.350987794121363,0.30015895286342553,-0.3141444948652689,0.2368505611658405,1131.4598388671875,698.8081311006106,1084.96,16.500147470874502,131.48983244419742,156.72193631397613,479.01394121286035
square-profile/single-13,2,356216,26278,-0.3478982898876254,0.3126050707799271,-0.24641358740423994,0.32259045401284075,1135.3011474609375,611.0597860073889,1296.16,20.27373163806937,277.6858083134671,256.54306674157715,499.30416364489133
square-profile/single-14,1,383445,17753,-0.35098777803572845,0.3001337361190077,-0.3141483673315661,0.23729201938391312,1131.4976806640625,698.6068056995035,1039.2,17.083333333333332,132.15314731745912,159.6413151661784,479.0457655725138
square-profile/single-14,2,343465,27117,-0.3478652361963129,0.31257778642860373,-0.24641358514171693,0.32259044335070725,1135.68603515625,612.144412312762,1253.4400000000003,21.634063058463106,278.75066107426574,256.7605475446894,499.6140588070907
square-profile/single-15,1,380702,17276,-0.35098780317374423,0.3002223900867242,-0.3141444927975154,0.2372925913320225,1131.6097412109375,699.1922607048941,1105.1200000000001,15.632691472419284,133.86055297842995,159.63391413033673,479.042443491516
square-profile/single-15,2,343659,27096,-0.34786987292506216,0.3124965796992811,-0.24641299329473787,0.3225904314895522,1135.1927490234375,610.8602163996748,1320.0,20.527272727272727,279.82514311599334,256.77719430201273,499.6362085398555
square-profile/single-16,1,392935,27627,-0.35098780471750274,0.30058037715899916,-0.3141483500680465,0.23729217867503016,1132.4246826171875,701.7230568745667,2409.44,11.466149810744405,130.42819508642333,160.35606515403538,478.93538826674444
square-profile/single-16,2,344664,27080,-0.34786064878602685,0.3124697335255231,-0.24641272550280652,0.32259043320359176,1135.20068359375,610.8176979778377,1322.7200000000003,20.472964799806455,280.4656184576338,256.7905013225097,499.5492673333847
square-profile/single-17,1,342605,55164,-0.35098207917559576,0.30066897966810646,-0.31250818931980046,0.2372942358114137,1133.4561767578125,646.33728637102,2815.3600000000006,19.59394180495567,153.70997703199737,195.70330648635286,386.463193448305
square-profile/single-17,2,370200,81111,-0.347856052222229,0.3132914843553781,-0.2464132770886632,0.3390554445745229,1136.2628173828125,627.1069148913322,3972.960000000001,20.415760541258905,267.1722476485302,219.33213199551074,420.5442799692971
square-profile/single-18,1,441083,161321,-0.3505179941961362,0.4091217959046056,-0.31414450861459653,0.23729460139075836,1132.8951416015625,708.540715186355,11451.04,14.087890706870292,201.52120749665846,283.8377938920464,478.79149272657855
square-profile/single-18,2,397591,260742,-0.3474427162284397,0.31278122469719744,-0.2459703781671872,0.34052556068227086,1138.3939208984375,560.0916007040594,11782.720000000001,22.12918579071725,130.047102957466,297.02972691153695,403.9519394459992
square-profile/single-19,1,336290,17660,-0.35098778878062276,0.29968718257114907,-0.3141445057997763,0.23729304583465397,1131.5771484375,638.8234260070112,1167.3600000000001,15.1281524122807,76.28760618199885,121.3567393637893,479.62196168682885
square-profile/single-19,2,369788,16001,-0.3478935191951092,0.3122845860241946,-0.24597012221800144,0.3378478836694548,1134.3192138671875,663.7713287009269,1176.0,13.606292517006803,101.70311294407293,121.05450751002081,503.0777366566615
square-profile/single-20,1,276418,37608,-0.3509878052492631,0.3005929541118906,-0.3112101650547991,0.23729331376775187,1133.2869873046875,633.6601340077631,2051.84,18.328914535246412,94.78872104386437,208.84411788517968,383.653827785937
square-profile/single-20,2,267478,52952,-0.34789829768275654,0.3129138966941451,-0.2464124929133429,0.33903792338569,1135.416748046875,689.7696214019768,3137.92,16.87487252702427,149.94227089478863,360.68610947989237,423.83537458022215
square-profile/single-21,1,279478,54743,-0.350523710422368,0.30085519295711277,-0.31341118080759695,0.23729305497515857,1135.580322265625,680.9077838685043,3129.1200000000003,17.49469499411975,215.83358053637176,322.4341133718949,393.2539357399719
square-profile/single-21,2,283253,54264,-0.34743787485266964,0.31258924206310224,-0.2464135937420314,0.33865011548228807,1137.933349609375,633.2675655246871,2857.92,18.987235471951628,121.45885601009013,285.7834881586,418.04930946607124
square-profile/single-22,1,312075,50424,-0.35093732459188454,0.299972123914734,-0.31387412470220355,0.23729361512346547,1135.6407470703125,686.7892139654602,3245.1200000000003,15.53840844098215,224.14249101191263,279.6222012251724,422.80391595901756
square-profile/single-22,2,248235,61985,-0.34743788915523666,0.3125892138044155,-0.24641272970380235,0.33869376209948615,1138.5443115234375,623.1602624416995,3162.7200000000003,19.598636616583192,158.14914894455524,309.42934025728255,414.1074255354165
square-profile/single-23,1,224123,46131,-0.350523704769551,0.30058039122681196,-0.31206717149708463,0.23729391730169833,1134.4150390625,648.1477780353745,2902.2400000000002,15.894963889960856,166.5040821545981,295.27973435662943,387.5427838787964
square-profile/single-23,2,259838,50489,-0.3474330479281134,0.31259140005390856,-0.24596987323937192,0.3390429311645965,1137.141845703125,671.6931204353937,3119.5200000000004,16.184861773606194,147.2338403356216,324.7955021294051,435.71808219806803
square-profile/single-24,1,225552,55165,-0.3509373388224866,0.29878166859632826,-0.3129554684084937,0.2614158390235878,1134.2239990234375,674.515009153848,3295.84,16.73776639642701,136.3361731834334,370.777116327861,396.37612229005845
square-profile/single-24,2,230597,58126,-0.3474330708421253,0.3122585545746242,-0.2566265123074497,0.3390753473417947,1136.8873291015625,655.9832470921629,3320.3200000000006,17.506143986121817,108.20064899998579,369.855821844963,412.23710560525797
square-profile/single-25,1,274581,47950,-0.35094282497449564,0.3005552878073955,-0.3138746985721304,0.23729424866146473,1134.9481201171875,691.9208814743499,3041.92,15.763070692194404,141.46026242600738,324.13035615163653,425.198757786869
square-profile/single-25,2,242396,54207,-0.3474330480187093,0.3133313964116191,-0.24596965929747638,0.33915755975830364,1137.2603759765625,625.3617123394042,2858.5600000000004,18.963044330012313,116.54856541602521,296.8583468248214,398.09320090670235
square-profile/single-26,1,208744,52734,-0.3509428230238578,0.3006308446285274,-0.30994270222305337,0.23729391041119066,1135.54541015625,605.4829359399256,2809.6000000000004,18.769219817767652,73.07720552858336,284.44869124590286,384.7273461955883
square-profile/single-26,2,294790,48255,-0.34743306055308537,0.31287382046735085,-0.24641172698793826,0.3390574701635323,1136.4892578125,709.7083314698684,3224.6400000000003,14.964461149151532,122.83822126996347,359.1600978444935,482.4391527115158
square-profile/single-27,1,199872,58043,-0.3505237028793354,0.2950381015902416,-0.31206362248490005,0.23685017731915536,1133.7904052734375,652.8385421671206,3557.2800000000007,16.31668016012234,81.77664544620438,325.1734114875792,399.9121339678584
square-profile/single-27,2,258352,65747,-0.3474330685754572,0.3125370793633013,-0.24597038767163076,0.3390447258333436,1136.214599609375,667.9299200443812,3860.6400000000003,17.030077914542666,135.01376042661195,336.9929590084462,418.2529559999912
square-profile/single-28,1,220135,65693,-0.35052369896016383,0.3005803740837339,-0.31206363747316035,0.23729304425209563,1133.906005859375,652.7845578607511,3692.16,17.792565869301438,106.37771783468588,324.93241576702667,399.82353388035085
square-profile/single-28,2,257883,65532,-0.3474330469869106,0.31306279914322516,-0.24597011063460333,0.3390447097715327,1137.6119384765625,667.9387481432852,3856.6400000000003,16.991993030202455,147.78381966818233,336.74430561895065,418.2583497618541
square-profile/standing-01,1,318058,28893,-0.3509877803734693,0.300209647928805,-0.31414062343665156,0.23729238252584395,1133.0906982421875,633.9822716840581,1672.6400000000003,17.273890376889227,93.29861757096705,174.84355623572606,479.81852109712236
square-profile/standing-01,2,352639,26785,-0.3478983152125105,0.31295420028602794,-0.24641298433659856,0.33198280130512,1135.821533203125,666.3761118124519,1613.7600000000002,16.5978832044418,226.1054896655378,176.04904401436625,503.537510360592
