scene_id,bundle,evidence
heavy-profile/single-01,heavy-profile/bundle-01,raw clouds agree within 2 mm on >=99.8% of points (both views)
heavy-profile/single-02,heavy-profile/bundle-01,raw clouds agree within 2 mm on >=99.8% of points (both views)
heavy-profile/single-03,heavy-profile/bundle-01,raw clouds agree within 2 mm on >=99.8% of points (both views)
heavy-profile/single-04,heavy-profile/bundle-02,raw clouds agree within 2 mm on >=99.8% of points (both views)
heavy-profile/standing-01,heavy-profile/bundle-02,raw clouds agree within 2 mm on >=99.8% of points (both views)
heavy-profile/single-06,heavy-profile/bundle-03,raw clouds agree within 2 mm on >=99.8% of points (both views)
heavy-profile/single-07,heavy-profile/bundle-03,raw clouds agree within 2 mm on >=99.8% of points (both views)
l-profile/single-01,l-profile/bundle-02,raw clouds agree within 2 mm on >=99.8% of points (both views)
l-profile/single-02,l-profile/bundle-02,raw clouds agree within 2 mm on >=99.8% of points (both views)
l-profile/single-03,l-profile/bundle-02,raw clouds agree within 2 mm on >=99.8% of points (both views)
l-profile/overlap-05,l-profile/bundle-03,raw clouds agree within 2 mm on >=99.8% of points (both views)
l-profile/overlap-06,l-profile/bundle-03,raw clouds agree within 2 mm on >=99.8% of points (both views)
l-profile/overlap-07,l-profile/bundle-03,raw clouds agree within 2 mm on >=99.8% of points (both views)
l-profile/overlap-08,l-profile/bundle-03,raw clouds agree within 2 mm on >=99.8% of points (both views)
l-profile/overlap-09,l-profile/bundle-03,raw clouds agree within 2 mm on >=99.8% of points (both views)
l-profile-reshoot/standing-05,l-profile-reshoot/repeat-01,raw clouds agree within 2 mm on >=99.8% of points (both views)
l-profile-reshoot/standing-06,l-profile-reshoot/repeat-01,raw clouds agree within 2 mm on >=99.8% of points (both views)
square-profile/single-03,square-profile/bundle-01,raw clouds agree within 2 mm on >=99.8% of points (both views)
square-profile/single-04,square-profile/bundle-01,raw clouds agree within 2 mm on >=99.8% of points (both views)
l-profile/overlap-01,l-profile/bundle-01,byte-identical to l-profile-reshoot/overlap-01 (see gt.FLAGGED_SCENES)
l-profile-reshoot/overlap-01,l-profile/bundle-01,byte-identical to l-profile/overlap-01 (see gt.FLAGGED_SCENES)
