scene_id,family,category
complex-profile/single-01,complex-profile,single
complex-profile/single-02,complex-profile,single
complex-profile/single-03,complex-profile,single
complex-profile/single-04,complex-profile,single
heavy-profile/single-01,heavy-profile,single
heavy-profile/single-02,heavy-profile,single
heavy-profile/single-03,heavy-profile,single
heavy-profile/single-04,heavy-profile,standing
heavy-profile/single-05,heavy-profile,single
heavy-profile/single-06,heavy-profile,single
heavy-profile/single-07,heavy-profile,single
heavy-profile/single-08,heavy-profile,single
heavy-profile/single-09,heavy-profile,single
heavy-profile/single-10,heavy-profile,single
heavy-profile/standing-01,heavy-profile,standing
l-profile-reshoot/crossed-01,l-profile-reshoot,crossed
l-profile-reshoot/overlap-01,l-profile-reshoot,overlap
l-profile-reshoot/overlap-02,l-profile-reshoot,overlap
l-profile-reshoot/overlap-03,l-profile-reshoot,overlap
l-profile-reshoot/overlap-04,l-profile-reshoot,overlap
l-profile-reshoot/overlap-05,l-profile-reshoot,overlap
l-profile-reshoot/overlap-06,l-profile-reshoot,overlap
l-profile-reshoot/overlap-07,l-profile-reshoot,overlap
l-profile-reshoot/overlap-08,l-profile-reshoot,overlap
l-profile-reshoot/overlap-09,l-profile-reshoot,overlap
l-profile-reshoot/single-01,l-profile-reshoot,single
l-profile-reshoot/single-02,l-profile-reshoot,single
l-profile-reshoot/single-03,l-profile-reshoot,single
l-profile-reshoot/standing-01,l-profile-reshoot,standing
l-profile-reshoot/standing-02,l-profile-reshoot,standing
l-profile-reshoot/standing-03,l-profile-reshoot,standing
l-profile-reshoot/standing-04,l-profile-reshoot,standing
l-profile-reshoot/standing-05,l-profile-reshoot,standing
l-profile-reshoot/standing-06,l-profile-reshoot,standing
l-profile-reshoot/standing-07,l-profile-reshoot,standing
l-profile-reshoot/tilted-01,l-profile-reshoot,tilted
l-profile-reshoot/tilted-02,l-profile-reshoot,tilted
l-profile-reshoot/tilted-03,l-profile-reshoot,tilted
l-profile-reshoot/tilted-04,l-profile-reshoot,tilted
l-profile-reshoot/tilted-05,l-profile-reshoot,tilted
l-profile/crossed-01,l-profile,crossed
l-profile/crossed-02,l-profile,crossed
l-profile/crossed-03,l-profile,crossed
l-profile/crossed-04,l-profile,crossed
l-profile/crossed-05,l-profile,crossed
l-profile/crossed-06,l-profile,crossed
l-profile/crossed-07,l-profile,crossed
l-profile/crossed-08,l-profile,crossed
l-profile/overlap-01,l-profile,overlap
l-profile/overlap-02,l-profile,overlap
l-profile/overlap-03,l-profile,overlap
l-profile/overlap-04,l-profile,overlap
l-profile/overlap-05,l-profile,overlap
l-profile/overlap-06,l-profile,overlap
l-profile/overlap-07,l-profile,overlap
l-profile/overlap-08,l-profile,overlap
l-profile/overlap-09,l-profile,overlap
l-profile/overlap-10,l-profile,overlap
l-profile/overlap-11,l-profile,overlap
l-profile/overlap-12,l-profile,overlap
l-profile/overlap-13,l-profile,overlap
l-profile/overlap-14,l-profile,overlap
l-profile/single-01,l-profile,single
l-profile/single-02,l-profile,single
l-profile/single-03,l-profile,single
l-profile/single-04,l-profile,single
l-profile/single-05,l-profile,single
l-profile/single-06,l-profile,single
l-profile/single-07,l-profile,single
l-profile/single-08,l-profile,single
l-profile/single-09,l-profile,single
l-profile/single-10,l-profile,single
l-profile/single-11,l-profile,single
l-profile/single-12,l-profile,single
l-profile/standing-01,l-profile,standing
l-profile/standing-02,l-profile,standing
l-profile/standing-03,l-profile,standing
l-profile/standing-04,l-profile,standing
l-profile/standing-05,l-profile,standing
l-profile/tilted-01,l-profile,tilted
square-profile/single-01,square-profile,single
square-profile/single-02,square-profile,single
square-profile/single-03,square-profile,single
square-profile/single-04,square-profile,single
square-profile/single-05,square-profile,single
square-profile/single-06,square-profile,single
square-profile/single-07,square-profile,single
square-profile/single-08,square-profile,single
square-profile/single-09,square-profile,single
square-profile/single-10,square-profile,single
square-profile/single-11,square-profile,single
square-profile/single-12,square-profile,single
square-profile/single-13,square-profile,single
square-profile/single-14,square-profile,single
square-profile/single-15,square-profile,single
square-profile/single-16,square-profile,single
square-profile/single-17,square-profile,single
square-profile/single-18,square-profile,single
square-profile/single-19,square-profile,single
square-profile/single-20,square-profile,single
square-profile/single-21,square-profile,single
square-profile/single-22,square-profile,single
square-profile/single-23,square-profile,single
square-profile/single-24,square-profile,single
square-profile/single-25,square-profile,single
square-profile/single-26,square-profile,single
square-profile/single-27,square-profile,single
square-profile/single-28,square-profile,single
square-profile/standing-01,square-profile,standing
